video,frame_index,image_stem,split
MVI_0790_VIS_OB,0,MVI_0790_VIS_OB-0000000,onboard_eval
MVI_0790_VIS_OB,5,MVI_0790_VIS_OB-0000001,onboard_eval
MVI_0790_VIS_OB,10,MVI_0790_VIS_OB-0000002,onboard_eval
MVI_0790_VIS_OB,15,MVI_0790_VIS_OB-0000003,onboard_eval
MVI_0790_VIS_OB,20,MVI_0790_VIS_OB-0000004,onboard_eval
MVI_0790_VIS_OB,25,MVI_0790_VIS_OB-0000005,onboard_eval
MVI_0790_VIS_OB,30,MVI_0790_VIS_OB-0000006,onboard_eval
MVI_0790_VIS_OB,35,MVI_0790_VIS_OB-0000007,onboard_eval
MVI_0790_VIS_OB,40,MVI_0790_VIS_OB-0000008,onboard_eval
MVI_0790_VIS_OB,45,MVI_0790_VIS_OB-0000009,onboard_eval
MVI_0790_VIS_OB,50,MVI_0790_VIS_OB-0000010,onboard_eval
MVI_0790_VIS_OB,55,MVI_0790_VIS_OB-0000011,onboard_eval
MVI_0790_VIS_OB,60,MVI_0790_VIS_OB-0000012,onboard_eval
MVI_0790_VIS_OB,65,MVI_0790_VIS_OB-0000013,onboard_eval
MVI_0790_VIS_OB,70,MVI_0790_VIS_OB-0000014,onboard_eval
MVI_0790_VIS_OB,75,MVI_0790_VIS_OB-0000015,onboard_eval
MVI_0790_VIS_OB,80,MVI_0790_VIS_OB-0000016,onboard_eval
MVI_0790_VIS_OB,85,MVI_0790_VIS_OB-0000017,onboard_eval
MVI_0790_VIS_OB,90,MVI_0790_VIS_OB-0000018,onboard_eval
MVI_0790_VIS_OB,95,MVI_0790_VIS_OB-0000019,onboard_eval
MVI_0790_VIS_OB,100,MVI_0790_VIS_OB-0000020,onboard_eval
MVI_0790_VIS_OB,105,MVI_0790_VIS_OB-0000021,onboard_eval
MVI_0790_VIS_OB,110,MVI_0790_VIS_OB-0000022,onboard_eval
MVI_0790_VIS_OB,115,MVI_0790_VIS_OB-0000023,onboard_eval
MVI_0790_VIS_OB,120,MVI_0790_VIS_OB-0000024,onboard_eval
MVI_0790_VIS_OB,125,MVI_0790_VIS_OB-0000025,onboard_eval
MVI_0790_VIS_OB,130,MVI_0790_VIS_OB-0000026,onboard_eval
MVI_0790_VIS_OB,135,MVI_0790_VIS_OB-0000027,onboard_eval
MVI_0790_VIS_OB,140,MVI_0790_VIS_OB-0000028,onboard_eval
MVI_0790_VIS_OB,145,MVI_0790_VIS_OB-0000029,onboard_eval
MVI_0790_VIS_OB,150,MVI_0790_VIS_OB-0000030,onboard_eval
MVI_0790_VIS_OB,155,MVI_0790_VIS_OB-0000031,onboard_eval
MVI_0790_VIS_OB,160,MVI_0790_VIS_OB-0000032,onboard_eval
MVI_0790_VIS_OB,165,MVI_0790_VIS_OB-0000033,onboard_eval
MVI_0790_VIS_OB,170,MVI_0790_VIS_OB-0000034,onboard_eval
MVI_0790_VIS_OB,175,MVI_0790_VIS_OB-0000035,onboard_eval
MVI_0790_VIS_OB,180,MVI_0790_VIS_OB-0000036,onboard_eval
MVI_0790_VIS_OB,185,MVI_0790_VIS_OB-0000037,onboard_eval
MVI_0790_VIS_OB,190,MVI_0790_VIS_OB-0000038,onboard_eval
MVI_0790_VIS_OB,195,MVI_0790_VIS_OB-0000039,onboard_eval
MVI_0790_VIS_OB,200,MVI_0790_VIS_OB-0000040,onboard_eval
MVI_0790_VIS_OB,205,MVI_0790_VIS_OB-0000041,onboard_eval
MVI_0790_VIS_OB,210,MVI_0790_VIS_OB-0000042,onboard_eval
MVI_0790_VIS_OB,215,MVI_0790_VIS_OB-0000043,onboard_eval
MVI_0790_VIS_OB,220,MVI_0790_VIS_OB-0000044,onboard_eval
MVI_0790_VIS_OB,225,MVI_0790_VIS_OB-0000045,onboard_eval
MVI_0790_VIS_OB,230,MVI_0790_VIS_OB-0000046,onboard_eval
MVI_0790_VIS_OB,235,MVI_0790_VIS_OB-0000047,onboard_eval
MVI_0790_VIS_OB,240,MVI_0790_VIS_OB-0000048,onboard_eval
MVI_0790_VIS_OB,245,MVI_0790_VIS_OB-0000049,onboard_eval
MVI_0790_VIS_OB,250,MVI_0790_VIS_OB-0000050,onboard_eval
MVI_0790_VIS_OB,255,MVI_0790_VIS_OB-0000051,onboard_eval
MVI_0790_VIS_OB,260,MVI_0790_VIS_OB-0000052,onboard_eval
MVI_0790_VIS_OB,265,MVI_0790_VIS_OB-0000053,onboard_eval
MVI_0790_VIS_OB,270,MVI_0790_VIS_OB-0000054,onboard_eval
MVI_0790_VIS_OB,275,MVI_0790_VIS_OB-0000055,onboard_eval
MVI_0790_VIS_OB,280,MVI_0790_VIS_OB-0000056,onboard_eval
MVI_0790_VIS_OB,285,MVI_0790_VIS_OB-0000057,onboard_eval
MVI_0790_VIS_OB,290,MVI_0790_VIS_OB-0000058,onboard_eval
MVI_0790_VIS_OB,295,MVI_0790_VIS_OB-0000059,onboard_eval
MVI_0790_VIS_OB,300,MVI_0790_VIS_OB-0000060,onboard_eval
MVI_0790_VIS_OB,305,MVI_0790_VIS_OB-0000061,onboard_eval
MVI_0790_VIS_OB,310,MVI_0790_VIS_OB-0000062,onboard_eval
MVI_0790_VIS_OB,315,MVI_0790_VIS_OB-0000063,onboard_eval
MVI_0790_VIS_OB,320,MVI_0790_VIS_OB-0000064,onboard_eval
MVI_0790_VIS_OB,325,MVI_0790_VIS_OB-0000065,onboard_eval
MVI_0790_VIS_OB,330,MVI_0790_VIS_OB-0000066,onboard_eval
MVI_0790_VIS_OB,335,MVI_0790_VIS_OB-0000067,onboard_eval
MVI_0790_VIS_OB,340,MVI_0790_VIS_OB-0000068,onboard_eval
MVI_0790_VIS_OB,345,MVI_0790_VIS_OB-0000069,onboard_eval
MVI_0790_VIS_OB,350,MVI_0790_VIS_OB-0000070,onboard_eval
MVI_0790_VIS_OB,355,MVI_0790_VIS_OB-0000071,onboard_eval
MVI_0790_VIS_OB,360,MVI_0790_VIS_OB-0000072,onboard_eval
MVI_0790_VIS_OB,365,MVI_0790_VIS_OB-0000073,onboard_eval
MVI_0790_VIS_OB,370,MVI_0790_VIS_OB-0000074,onboard_eval
MVI_0790_VIS_OB,375,MVI_0790_VIS_OB-0000075,onboard_eval
MVI_0790_VIS_OB,380,MVI_0790_VIS_OB-0000076,onboard_eval
MVI_0790_VIS_OB,385,MVI_0790_VIS_OB-0000077,onboard_eval
MVI_0790_VIS_OB,390,MVI_0790_VIS_OB-0000078,onboard_eval
MVI_0790_VIS_OB,395,MVI_0790_VIS_OB-0000079,onboard_eval
MVI_0790_VIS_OB,400,MVI_0790_VIS_OB-0000080,onboard_eval
MVI_0790_VIS_OB,405,MVI_0790_VIS_OB-0000081,onboard_eval
MVI_0790_VIS_OB,410,MVI_0790_VIS_OB-0000082,onboard_eval
MVI_0790_VIS_OB,415,MVI_0790_VIS_OB-0000083,onboard_eval
MVI_0790_VIS_OB,420,MVI_0790_VIS_OB-0000084,onboard_eval
MVI_0790_VIS_OB,425,MVI_0790_VIS_OB-0000085,onboard_eval
MVI_0790_VIS_OB,430,MVI_0790_VIS_OB-0000086,onboard_eval
MVI_0790_VIS_OB,435,MVI_0790_VIS_OB-0000087,onboard_eval
MVI_0790_VIS_OB,440,MVI_0790_VIS_OB-0000088,onboard_eval
MVI_0790_VIS_OB,445,MVI_0790_VIS_OB-0000089,onboard_eval
MVI_0790_VIS_OB,450,MVI_0790_VIS_OB-0000090,onboard_eval
MVI_0790_VIS_OB,455,MVI_0790_VIS_OB-0000091,onboard_eval
MVI_0790_VIS_OB,460,MVI_0790_VIS_OB-0000092,onboard_eval
MVI_0790_VIS_OB,465,MVI_0790_VIS_OB-0000093,onboard_eval
MVI_0790_VIS_OB,470,MVI_0790_VIS_OB-0000094,onboard_eval
MVI_0790_VIS_OB,475,MVI_0790_VIS_OB-0000095,onboard_eval
MVI_0790_VIS_OB,480,MVI_0790_VIS_OB-0000096,onboard_eval
MVI_0790_VIS_OB,485,MVI_0790_VIS_OB-0000097,onboard_eval
MVI_0790_VIS_OB,490,MVI_0790_VIS_OB-0000098,onboard_eval
MVI_0790_VIS_OB,495,MVI_0790_VIS_OB-0000099,onboard_eval
MVI_0790_VIS_OB,500,MVI_0790_VIS_OB-0000100,onboard_eval
MVI_0790_VIS_OB,505,MVI_0790_VIS_OB-0000101,onboard_eval
MVI_0790_VIS_OB,510,MVI_0790_VIS_OB-0000102,onboard_eval
MVI_0790_VIS_OB,515,MVI_0790_VIS_OB-0000103,onboard_eval
MVI_0790_VIS_OB,520,MVI_0790_VIS_OB-0000104,onboard_eval
MVI_0790_VIS_OB,525,MVI_0790_VIS_OB-0000105,onboard_eval
MVI_0790_VIS_OB,530,MVI_0790_VIS_OB-0000106,onboard_eval
MVI_0790_VIS_OB,535,MVI_0790_VIS_OB-0000107,onboard_eval
MVI_0790_VIS_OB,540,MVI_0790_VIS_OB-0000108,onboard_eval
MVI_0790_VIS_OB,545,MVI_0790_VIS_OB-0000109,onboard_eval
MVI_0790_VIS_OB,550,MVI_0790_VIS_OB-0000110,onboard_eval
MVI_0790_VIS_OB,555,MVI_0790_VIS_OB-0000111,onboard_eval
MVI_0790_VIS_OB,560,MVI_0790_VIS_OB-0000112,onboard_eval
MVI_0790_VIS_OB,565,MVI_0790_VIS_OB-0000113,onboard_eval
MVI_0790_VIS_OB,570,MVI_0790_VIS_OB-0000114,onboard_eval
MVI_0790_VIS_OB,575,MVI_0790_VIS_OB-0000115,onboard_eval
MVI_0790_VIS_OB,580,MVI_0790_VIS_OB-0000116,onboard_eval
MVI_0790_VIS_OB,585,MVI_0790_VIS_OB-0000117,onboard_eval
MVI_0790_VIS_OB,590,MVI_0790_VIS_OB-0000118,onboard_eval
MVI_0790_VIS_OB,595,MVI_0790_VIS_OB-0000119,onboard_eval
MVI_0797_VIS_OB,0,MVI_0797_VIS_OB-0000000,onboard_eval
MVI_0797_VIS_OB,5,MVI_0797_VIS_OB-0000001,onboard_eval
MVI_0797_VIS_OB,10,MVI_0797_VIS_OB-0000002,onboard_eval
MVI_0797_VIS_OB,15,MVI_0797_VIS_OB-0000003,onboard_eval
MVI_0797_VIS_OB,20,MVI_0797_VIS_OB-0000004,onboard_eval
MVI_0797_VIS_OB,25,MVI_0797_VIS_OB-0000005,onboard_eval
MVI_0797_VIS_OB,30,MVI_0797_VIS_OB-0000006,onboard_eval
MVI_0797_VIS_OB,35,MVI_0797_VIS_OB-0000007,onboard_eval
MVI_0797_VIS_OB,40,MVI_0797_VIS_OB-0000008,onboard_eval
MVI_0797_VIS_OB,45,MVI_0797_VIS_OB-0000009,onboard_eval
MVI_0797_VIS_OB,50,MVI_0797_VIS_OB-0000010,onboard_eval
MVI_0797_VIS_OB,55,MVI_0797_VIS_OB-0000011,onboard_eval
MVI_0797_VIS_OB,60,MVI_0797_VIS_OB-0000012,onboard_eval
MVI_0797_VIS_OB,65,MVI_0797_VIS_OB-0000013,onboard_eval
MVI_0797_VIS_OB,70,MVI_0797_VIS_OB-0000014,onboard_eval
MVI_0797_VIS_OB,75,MVI_0797_VIS_OB-0000015,onboard_eval
MVI_0797_VIS_OB,80,MVI_0797_VIS_OB-0000016,onboard_eval
MVI_0797_VIS_OB,85,MVI_0797_VIS_OB-0000017,onboard_eval
MVI_0797_VIS_OB,90,MVI_0797_VIS_OB-0000018,onboard_eval
MVI_0797_VIS_OB,95,MVI_0797_VIS_OB-0000019,onboard_eval
MVI_0797_VIS_OB,100,MVI_0797_VIS_OB-0000020,onboard_eval
MVI_0797_VIS_OB,105,MVI_0797_VIS_OB-0000021,onboard_eval
MVI_0797_VIS_OB,110,MVI_0797_VIS_OB-0000022,onboard_eval
MVI_0797_VIS_OB,115,MVI_0797_VIS_OB-0000023,onboard_eval
MVI_0797_VIS_OB,120,MVI_0797_VIS_OB-0000024,onboard_eval
MVI_0797_VIS_OB,125,MVI_0797_VIS_OB-0000025,onboard_eval
MVI_0797_VIS_OB,130,MVI_0797_VIS_OB-0000026,onboard_eval
MVI_0797_VIS_OB,135,MVI_0797_VIS_OB-0000027,onboard_eval
MVI_0797_VIS_OB,140,MVI_0797_VIS_OB-0000028,onboard_eval
MVI_0797_VIS_OB,145,MVI_0797_VIS_OB-0000029,onboard_eval
MVI_0797_VIS_OB,150,MVI_0797_VIS_OB-0000030,onboard_eval
MVI_0797_VIS_OB,155,MVI_0797_VIS_OB-0000031,onboard_eval
MVI_0797_VIS_OB,160,MVI_0797_VIS_OB-0000032,onboard_eval
MVI_0797_VIS_OB,165,MVI_0797_VIS_OB-0000033,onboard_eval
MVI_0797_VIS_OB,170,MVI_0797_VIS_OB-0000034,onboard_eval
MVI_0797_VIS_OB,175,MVI_0797_VIS_OB-0000035,onboard_eval
MVI_0797_VIS_OB,180,MVI_0797_VIS_OB-0000036,onboard_eval
MVI_0797_VIS_OB,185,MVI_0797_VIS_OB-0000037,onboard_eval
MVI_0797_VIS_OB,190,MVI_0797_VIS_OB-0000038,onboard_eval
MVI_0797_VIS_OB,195,MVI_0797_VIS_OB-0000039,onboard_eval
MVI_0797_VIS_OB,200,MVI_0797_VIS_OB-0000040,onboard_eval
MVI_0797_VIS_OB,205,MVI_0797_VIS_OB-0000041,onboard_eval
MVI_0797_VIS_OB,210,MVI_0797_VIS_OB-0000042,onboard_eval
MVI_0797_VIS_OB,215,MVI_0797_VIS_OB-0000043,onboard_eval
MVI_0797_VIS_OB,220,MVI_0797_VIS_OB-0000044,onboard_eval
MVI_0797_VIS_OB,225,MVI_0797_VIS_OB-0000045,onboard_eval
MVI_0797_VIS_OB,230,MVI_0797_VIS_OB-0000046,onboard_eval
MVI_0797_VIS_OB,235,MVI_0797_VIS_OB-0000047,onboard_eval
MVI_0797_VIS_OB,240,MVI_0797_VIS_OB-0000048,onboard_eval
MVI_0797_VIS_OB,245,MVI_0797_VIS_OB-0000049,onboard_eval
MVI_0797_VIS_OB,250,MVI_0797_VIS_OB-0000050,onboard_eval
MVI_0797_VIS_OB,255,MVI_0797_VIS_OB-0000051,onboard_eval
MVI_0797_VIS_OB,260,MVI_0797_VIS_OB-0000052,onboard_eval
MVI_0797_VIS_OB,265,MVI_0797_VIS_OB-0000053,onboard_eval
MVI_0797_VIS_OB,270,MVI_0797_VIS_OB-0000054,onboard_eval
MVI_0797_VIS_OB,275,MVI_0797_VIS_OB-0000055,onboard_eval
MVI_0797_VIS_OB,280,MVI_0797_VIS_OB-0000056,onboard_eval
MVI_0797_VIS_OB,285,MVI_0797_VIS_OB-0000057,onboard_eval
MVI_0797_VIS_OB,290,MVI_0797_VIS_OB-0000058,onboard_eval
MVI_0797_VIS_OB,295,MVI_0797_VIS_OB-0000059,onboard_eval
MVI_0797_VIS_OB,300,MVI_0797_VIS_OB-0000060,onboard_eval
MVI_0797_VIS_OB,305,MVI_0797_VIS_OB-0000061,onboard_eval
MVI_0797_VIS_OB,310,MVI_0797_VIS_OB-0000062,onboard_eval
MVI_0797_VIS_OB,315,MVI_0797_VIS_OB-0000063,onboard_eval
MVI_0797_VIS_OB,320,MVI_0797_VIS_OB-0000064,onboard_eval
MVI_0797_VIS_OB,325,MVI_0797_VIS_OB-0000065,onboard_eval
MVI_0797_VIS_OB,330,MVI_0797_VIS_OB-0000066,onboard_eval
MVI_0797_VIS_OB,335,MVI_0797_VIS_OB-0000067,onboard_eval
MVI_0797_VIS_OB,340,MVI_0797_VIS_OB-0000068,onboard_eval
MVI_0797_VIS_OB,345,MVI_0797_VIS_OB-0000069,onboard_eval
MVI_0797_VIS_OB,350,MVI_0797_VIS_OB-0000070,onboard_eval
MVI_0797_VIS_OB,355,MVI_0797_VIS_OB-0000071,onboard_eval
MVI_0797_VIS_OB,360,MVI_0797_VIS_OB-0000072,onboard_eval
MVI_0797_VIS_OB,365,MVI_0797_VIS_OB-0000073,onboard_eval
MVI_0797_VIS_OB,370,MVI_0797_VIS_OB-0000074,onboard_eval
MVI_0797_VIS_OB,375,MVI_0797_VIS_OB-0000075,onboard_eval
MVI_0797_VIS_OB,380,MVI_0797_VIS_OB-0000076,onboard_eval
MVI_0797_VIS_OB,385,MVI_0797_VIS_OB-0000077,onboard_eval
MVI_0797_VIS_OB,390,MVI_0797_VIS_OB-0000078,onboard_eval
MVI_0797_VIS_OB,395,MVI_0797_VIS_OB-0000079,onboard_eval
MVI_0797_VIS_OB,400,MVI_0797_VIS_OB-0000080,onboard_eval
MVI_0797_VIS_OB,405,MVI_0797_VIS_OB-0000081,onboard_eval
MVI_0797_VIS_OB,410,MVI_0797_VIS_OB-0000082,onboard_eval
MVI_0797_VIS_OB,415,MVI_0797_VIS_OB-0000083,onboard_eval
MVI_0797_VIS_OB,420,MVI_0797_VIS_OB-0000084,onboard_eval
MVI_0797_VIS_OB,425,MVI_0797_VIS_OB-0000085,onboard_eval
MVI_0797_VIS_OB,430,MVI_0797_VIS_OB-0000086,onboard_eval
MVI_0797_VIS_OB,435,MVI_0797_VIS_OB-0000087,onboard_eval
MVI_0797_VIS_OB,440,MVI_0797_VIS_OB-0000088,onboard_eval
MVI_0797_VIS_OB,445,MVI_0797_VIS_OB-0000089,onboard_eval
MVI_0797_VIS_OB,450,MVI_0797_VIS_OB-0000090,onboard_eval
MVI_0797_VIS_OB,455,MVI_0797_VIS_OB-0000091,onboard_eval
MVI_0797_VIS_OB,460,MVI_0797_VIS_OB-0000092,onboard_eval
MVI_0797_VIS_OB,465,MVI_0797_VIS_OB-0000093,onboard_eval
MVI_0797_VIS_OB,470,MVI_0797_VIS_OB-0000094,onboard_eval
MVI_0797_VIS_OB,475,MVI_0797_VIS_OB-0000095,onboard_eval
MVI_0797_VIS_OB,480,MVI_0797_VIS_OB-0000096,onboard_eval
MVI_0797_VIS_OB,485,MVI_0797_VIS_OB-0000097,onboard_eval
MVI_0797_VIS_OB,490,MVI_0797_VIS_OB-0000098,onboard_eval
MVI_0797_VIS_OB,495,MVI_0797_VIS_OB-0000099,onboard_eval
MVI_0797_VIS_OB,500,MVI_0797_VIS_OB-0000100,onboard_eval
MVI_0797_VIS_OB,505,MVI_0797_VIS_OB-0000101,onboard_eval
MVI_0797_VIS_OB,510,MVI_0797_VIS_OB-0000102,onboard_eval
MVI_0797_VIS_OB,515,MVI_0797_VIS_OB-0000103,onboard_eval
MVI_0797_VIS_OB,520,MVI_0797_VIS_OB-0000104,onboard_eval
MVI_0797_VIS_OB,525,MVI_0797_VIS_OB-0000105,onboard_eval
MVI_0797_VIS_OB,530,MVI_0797_VIS_OB-0000106,onboard_eval
MVI_0797_VIS_OB,535,MVI_0797_VIS_OB-0000107,onboard_eval
MVI_0797_VIS_OB,540,MVI_0797_VIS_OB-0000108,onboard_eval
MVI_0797_VIS_OB,545,MVI_0797_VIS_OB-0000109,onboard_eval
MVI_0797_VIS_OB,550,MVI_0797_VIS_OB-0000110,onboard_eval
MVI_0797_VIS_OB,555,MVI_0797_VIS_OB-0000111,onboard_eval
MVI_0797_VIS_OB,560,MVI_0797_VIS_OB-0000112,onboard_eval
MVI_0797_VIS_OB,565,MVI_0797_VIS_OB-0000113,onboard_eval
MVI_0797_VIS_OB,570,MVI_0797_VIS_OB-0000114,onboard_eval
MVI_0797_VIS_OB,575,MVI_0797_VIS_OB-0000115,onboard_eval
MVI_0797_VIS_OB,580,MVI_0797_VIS_OB-0000116,onboard_eval
MVI_0797_VIS_OB,585,MVI_0797_VIS_OB-0000117,onboard_eval
MVI_0797_VIS_OB,590,MVI_0797_VIS_OB-0000118,onboard_eval
MVI_0797_VIS_OB,595,MVI_0797_VIS_OB-0000119,onboard_eval
MVI_0799_VIS_OB,0,MVI_0799_VIS_OB-0000000,onboard_eval
MVI_0799_VIS_OB,5,MVI_0799_VIS_OB-0000001,onboard_eval
MVI_0799_VIS_OB,10,MVI_0799_VIS_OB-0000002,onboard_eval
MVI_0799_VIS_OB,15,MVI_0799_VIS_OB-0000003,onboard_eval
MVI_0799_VIS_OB,20,MVI_0799_VIS_OB-0000004,onboard_eval
MVI_0799_VIS_OB,25,MVI_0799_VIS_OB-0000005,onboard_eval
MVI_0799_VIS_OB,30,MVI_0799_VIS_OB-0000006,onboard_eval
MVI_0799_VIS_OB,35,MVI_0799_VIS_OB-0000007,onboard_eval
MVI_0799_VIS_OB,40,MVI_0799_VIS_OB-0000008,onboard_eval
MVI_0799_VIS_OB,45,MVI_0799_VIS_OB-0000009,onboard_eval
MVI_0799_VIS_OB,50,MVI_0799_VIS_OB-0000010,onboard_eval
MVI_0799_VIS_OB,55,MVI_0799_VIS_OB-0000011,onboard_eval
MVI_0799_VIS_OB,60,MVI_0799_VIS_OB-0000012,onboard_eval
MVI_0799_VIS_OB,65,MVI_0799_VIS_OB-0000013,onboard_eval
MVI_0799_VIS_OB,70,MVI_0799_VIS_OB-0000014,onboard_eval
MVI_0799_VIS_OB,75,MVI_0799_VIS_OB-0000015,onboard_eval
MVI_0799_VIS_OB,80,MVI_0799_VIS_OB-0000016,onboard_eval
MVI_0799_VIS_OB,85,MVI_0799_VIS_OB-0000017,onboard_eval
MVI_0799_VIS_OB,90,MVI_0799_VIS_OB-0000018,onboard_eval
MVI_0799_VIS_OB,95,MVI_0799_VIS_OB-0000019,onboard_eval
MVI_0799_VIS_OB,100,MVI_0799_VIS_OB-0000020,onboard_eval
MVI_0799_VIS_OB,105,MVI_0799_VIS_OB-0000021,onboard_eval
MVI_0799_VIS_OB,110,MVI_0799_VIS_OB-0000022,onboard_eval
MVI_0799_VIS_OB,115,MVI_0799_VIS_OB-0000023,onboard_eval
MVI_0799_VIS_OB,120,MVI_0799_VIS_OB-0000024,onboard_eval
MVI_0799_VIS_OB,125,MVI_0799_VIS_OB-0000025,onboard_eval
MVI_0799_VIS_OB,130,MVI_0799_VIS_OB-0000026,onboard_eval
MVI_0799_VIS_OB,135,MVI_0799_VIS_OB-0000027,onboard_eval
MVI_0799_VIS_OB,140,MVI_0799_VIS_OB-0000028,onboard_eval
MVI_0799_VIS_OB,145,MVI_0799_VIS_OB-0000029,onboard_eval
MVI_0799_VIS_OB,150,MVI_0799_VIS_OB-0000030,onboard_eval
MVI_0799_VIS_OB,155,MVI_0799_VIS_OB-0000031,onboard_eval
MVI_0799_VIS_OB,160,MVI_0799_VIS_OB-0000032,onboard_eval
MVI_0799_VIS_OB,165,MVI_0799_VIS_OB-0000033,onboard_eval
MVI_0799_VIS_OB,170,MVI_0799_VIS_OB-0000034,onboard_eval
MVI_0799_VIS_OB,175,MVI_0799_VIS_OB-0000035,onboard_eval
MVI_0799_VIS_OB,180,MVI_0799_VIS_OB-0000036,onboard_eval
MVI_0799_VIS_OB,185,MVI_0799_VIS_OB-0000037,onboard_eval
MVI_0799_VIS_OB,190,MVI_0799_VIS_OB-0000038,onboard_eval
MVI_0799_VIS_OB,195,MVI_0799_VIS_OB-0000039,onboard_eval
MVI_0799_VIS_OB,200,MVI_0799_VIS_OB-0000040,onboard_eval
MVI_0799_VIS_OB,205,MVI_0799_VIS_OB-0000041,onboard_eval
MVI_0799_VIS_OB,210,MVI_0799_VIS_OB-0000042,onboard_eval
MVI_0799_VIS_OB,215,MVI_0799_VIS_OB-0000043,onboard_eval
MVI_0799_VIS_OB,220,MVI_0799_VIS_OB-0000044,onboard_eval
MVI_0799_VIS_OB,225,MVI_0799_VIS_OB-0000045,onboard_eval
MVI_0799_VIS_OB,230,MVI_0799_VIS_OB-0000046,onboard_eval
MVI_0799_VIS_OB,235,MVI_0799_VIS_OB-0000047,onboard_eval
MVI_0799_VIS_OB,240,MVI_0799_VIS_OB-0000048,onboard_eval
MVI_0799_VIS_OB,245,MVI_0799_VIS_OB-0000049,onboard_eval
MVI_0799_VIS_OB,250,MVI_0799_VIS_OB-0000050,onboard_eval
MVI_0799_VIS_OB,255,MVI_0799_VIS_OB-0000051,onboard_eval
MVI_0799_VIS_OB,260,MVI_0799_VIS_OB-0000052,onboard_eval
MVI_0799_VIS_OB,265,MVI_0799_VIS_OB-0000053,onboard_eval
MVI_0799_VIS_OB,270,MVI_0799_VIS_OB-0000054,onboard_eval
MVI_0799_VIS_OB,275,MVI_0799_VIS_OB-0000055,onboard_eval
MVI_0799_VIS_OB,280,MVI_0799_VIS_OB-0000056,onboard_eval
MVI_0799_VIS_OB,285,MVI_0799_VIS_OB-0000057,onboard_eval
MVI_0799_VIS_OB,290,MVI_0799_VIS_OB-0000058,onboard_eval
MVI_0799_VIS_OB,295,MVI_0799_VIS_OB-0000059,onboard_eval
MVI_0799_VIS_OB,300,MVI_0799_VIS_OB-0000060,onboard_eval
MVI_0799_VIS_OB,305,MVI_0799_VIS_OB-0000061,onboard_eval
MVI_0799_VIS_OB,310,MVI_0799_VIS_OB-0000062,onboard_eval
MVI_0799_VIS_OB,315,MVI_0799_VIS_OB-0000063,onboard_eval
MVI_0799_VIS_OB,320,MVI_0799_VIS_OB-0000064,onboard_eval
MVI_0799_VIS_OB,325,MVI_0799_VIS_OB-0000065,onboard_eval
MVI_0799_VIS_OB,330,MVI_0799_VIS_OB-0000066,onboard_eval
MVI_0799_VIS_OB,335,MVI_0799_VIS_OB-0000067,onboard_eval
MVI_0799_VIS_OB,340,MVI_0799_VIS_OB-0000068,onboard_eval
MVI_0799_VIS_OB,345,MVI_0799_VIS_OB-0000069,onboard_eval
MVI_0799_VIS_OB,350,MVI_0799_VIS_OB-0000070,onboard_eval
MVI_0799_VIS_OB,355,MVI_0799_VIS_OB-0000071,onboard_eval
MVI_0799_VIS_OB,360,MVI_0799_VIS_OB-0000072,onboard_eval
MVI_0799_VIS_OB,365,MVI_0799_VIS_OB-0000073,onboard_eval
MVI_0799_VIS_OB,370,MVI_0799_VIS_OB-0000074,onboard_eval
MVI_0799_VIS_OB,375,MVI_0799_VIS_OB-0000075,onboard_eval
MVI_0799_VIS_OB,380,MVI_0799_VIS_OB-0000076,onboard_eval
MVI_0799_VIS_OB,385,MVI_0799_VIS_OB-0000077,onboard_eval
MVI_0799_VIS_OB,390,MVI_0799_VIS_OB-0000078,onboard_eval
MVI_0799_VIS_OB,395,MVI_0799_VIS_OB-0000079,onboard_eval
MVI_0799_VIS_OB,400,MVI_0799_VIS_OB-0000080,onboard_eval
MVI_0799_VIS_OB,405,MVI_0799_VIS_OB-0000081,onboard_eval
MVI_0799_VIS_OB,410,MVI_0799_VIS_OB-0000082,onboard_eval
MVI_0799_VIS_OB,415,MVI_0799_VIS_OB-0000083,onboard_eval
MVI_0799_VIS_OB,420,MVI_0799_VIS_OB-0000084,onboard_eval
MVI_0799_VIS_OB,425,MVI_0799_VIS_OB-0000085,onboard_eval
MVI_0799_VIS_OB,430,MVI_0799_VIS_OB-0000086,onboard_eval
MVI_0799_VIS_OB,435,MVI_0799_VIS_OB-0000087,onboard_eval
MVI_0799_VIS_OB,440,MVI_0799_VIS_OB-0000088,onboard_eval
MVI_0799_VIS_OB,445,MVI_0799_VIS_OB-0000089,onboard_eval
MVI_0799_VIS_OB,450,MVI_0799_VIS_OB-0000090,onboard_eval
MVI_0799_VIS_OB,455,MVI_0799_VIS_OB-0000091,onboard_eval
MVI_0799_VIS_OB,460,MVI_0799_VIS_OB-0000092,onboard_eval
MVI_0799_VIS_OB,465,MVI_0799_VIS_OB-0000093,onboard_eval
MVI_0799_VIS_OB,470,MVI_0799_VIS_OB-0000094,onboard_eval
MVI_0799_VIS_OB,475,MVI_0799_VIS_OB-0000095,onboard_eval
MVI_0799_VIS_OB,480,MVI_0799_VIS_OB-0000096,onboard_eval
MVI_0799_VIS_OB,485,MVI_0799_VIS_OB-0000097,onboard_eval
MVI_0799_VIS_OB,490,MVI_0799_VIS_OB-0000098,onboard_eval
MVI_0799_VIS_OB,495,MVI_0799_VIS_OB-0000099,onboard_eval
MVI_0799_VIS_OB,500,MVI_0799_VIS_OB-0000100,onboard_eval
MVI_0799_VIS_OB,505,MVI_0799_VIS_OB-0000101,onboard_eval
MVI_0799_VIS_OB,510,MVI_0799_VIS_OB-0000102,onboard_eval
MVI_0799_VIS_OB,515,MVI_0799_VIS_OB-0000103,onboard_eval
MVI_0799_VIS_OB,520,MVI_0799_VIS_OB-0000104,onboard_eval
MVI_0799_VIS_OB,525,MVI_0799_VIS_OB-0000105,onboard_eval
MVI_0799_VIS_OB,530,MVI_0799_VIS_OB-0000106,onboard_eval
MVI_0799_VIS_OB,535,MVI_0799_VIS_OB-0000107,onboard_eval
MVI_0799_VIS_OB,540,MVI_0799_VIS_OB-0000108,onboard_eval
MVI_0799_VIS_OB,545,MVI_0799_VIS_OB-0000109,onboard_eval
MVI_0799_VIS_OB,550,MVI_0799_VIS_OB-0000110,onboard_eval
MVI_0799_VIS_OB,555,MVI_0799_VIS_OB-0000111,onboard_eval
MVI_0799_VIS_OB,560,MVI_0799_VIS_OB-0000112,onboard_eval
MVI_0799_VIS_OB,565,MVI_0799_VIS_OB-0000113,onboard_eval
MVI_0799_VIS_OB,570,MVI_0799_VIS_OB-0000114,onboard_eval
MVI_0799_VIS_OB,575,MVI_0799_VIS_OB-0000115,onboard_eval
MVI_0799_VIS_OB,580,MVI_0799_VIS_OB-0000116,onboard_eval
MVI_0799_VIS_OB,585,MVI_0799_VIS_OB-0000117,onboard_eval
MVI_0799_VIS_OB,590,MVI_0799_VIS_OB-0000118,onboard_eval
MVI_0799_VIS_OB,595,MVI_0799_VIS_OB-0000119,onboard_eval
MVI_0801_VIS_OB,0,MVI_0801_VIS_OB-0000000,onboard_eval
MVI_0801_VIS_OB,5,MVI_0801_VIS_OB-0000001,onboard_eval
MVI_0801_VIS_OB,10,MVI_0801_VIS_OB-0000002,onboard_eval
MVI_0801_VIS_OB,15,MVI_0801_VIS_OB-0000003,onboard_eval
MVI_0801_VIS_OB,20,MVI_0801_VIS_OB-0000004,onboard_eval
MVI_0801_VIS_OB,25,MVI_0801_VIS_OB-0000005,onboard_eval
MVI_0801_VIS_OB,30,MVI_0801_VIS_OB-0000006,onboard_eval
MVI_0801_VIS_OB,35,MVI_0801_VIS_OB-0000007,onboard_eval
MVI_0801_VIS_OB,40,MVI_0801_VIS_OB-0000008,onboard_eval
MVI_0801_VIS_OB,45,MVI_0801_VIS_OB-0000009,onboard_eval
MVI_0801_VIS_OB,50,MVI_0801_VIS_OB-0000010,onboard_eval
MVI_0801_VIS_OB,55,MVI_0801_VIS_OB-0000011,onboard_eval
MVI_0801_VIS_OB,60,MVI_0801_VIS_OB-0000012,onboard_eval
MVI_0801_VIS_OB,65,MVI_0801_VIS_OB-0000013,onboard_eval
MVI_0801_VIS_OB,70,MVI_0801_VIS_OB-0000014,onboard_eval
MVI_0801_VIS_OB,75,MVI_0801_VIS_OB-0000015,onboard_eval
MVI_0801_VIS_OB,80,MVI_0801_VIS_OB-0000016,onboard_eval
MVI_0801_VIS_OB,85,MVI_0801_VIS_OB-0000017,onboard_eval
MVI_0801_VIS_OB,90,MVI_0801_VIS_OB-0000018,onboard_eval
MVI_0801_VIS_OB,95,MVI_0801_VIS_OB-0000019,onboard_eval
MVI_0801_VIS_OB,100,MVI_0801_VIS_OB-0000020,onboard_eval
MVI_0801_VIS_OB,105,MVI_0801_VIS_OB-0000021,onboard_eval
MVI_0801_VIS_OB,110,MVI_0801_VIS_OB-0000022,onboard_eval
MVI_0801_VIS_OB,115,MVI_0801_VIS_OB-0000023,onboard_eval
MVI_0801_VIS_OB,120,MVI_0801_VIS_OB-0000024,onboard_eval
MVI_0801_VIS_OB,125,MVI_0801_VIS_OB-0000025,onboard_eval
MVI_0801_VIS_OB,130,MVI_0801_VIS_OB-0000026,onboard_eval
MVI_0801_VIS_OB,135,MVI_0801_VIS_OB-0000027,onboard_eval
MVI_0801_VIS_OB,140,MVI_0801_VIS_OB-0000028,onboard_eval
MVI_0801_VIS_OB,145,MVI_0801_VIS_OB-0000029,onboard_eval
MVI_0801_VIS_OB,150,MVI_0801_VIS_OB-0000030,onboard_eval
MVI_0801_VIS_OB,155,MVI_0801_VIS_OB-0000031,onboard_eval
MVI_0801_VIS_OB,160,MVI_0801_VIS_OB-0000032,onboard_eval
MVI_0801_VIS_OB,165,MVI_0801_VIS_OB-0000033,onboard_eval
MVI_0801_VIS_OB,170,MVI_0801_VIS_OB-0000034,onboard_eval
MVI_0801_VIS_OB,175,MVI_0801_VIS_OB-0000035,onboard_eval
MVI_0801_VIS_OB,180,MVI_0801_VIS_OB-0000036,onboard_eval
MVI_0801_VIS_OB,185,MVI_0801_VIS_OB-0000037,onboard_eval
MVI_0801_VIS_OB,190,MVI_0801_VIS_OB-0000038,onboard_eval
MVI_0801_VIS_OB,195,MVI_0801_VIS_OB-0000039,onboard_eval
MVI_0801_VIS_OB,200,MVI_0801_VIS_OB-0000040,onboard_eval
MVI_0801_VIS_OB,205,MVI_0801_VIS_OB-0000041,onboard_eval
MVI_0801_VIS_OB,210,MVI_0801_VIS_OB-0000042,onboard_eval
MVI_0801_VIS_OB,215,MVI_0801_VIS_OB-0000043,onboard_eval
MVI_0801_VIS_OB,220,MVI_0801_VIS_OB-0000044,onboard_eval
MVI_0801_VIS_OB,225,MVI_0801_VIS_OB-0000045,onboard_eval
MVI_0801_VIS_OB,230,MVI_0801_VIS_OB-0000046,onboard_eval
MVI_0801_VIS_OB,235,MVI_0801_VIS_OB-0000047,onboard_eval
MVI_0801_VIS_OB,240,MVI_0801_VIS_OB-0000048,onboard_eval
MVI_0801_VIS_OB,245,MVI_0801_VIS_OB-0000049,onboard_eval
MVI_0801_VIS_OB,250,MVI_0801_VIS_OB-0000050,onboard_eval
MVI_0801_VIS_OB,255,MVI_0801_VIS_OB-0000051,onboard_eval
MVI_0801_VIS_OB,260,MVI_0801_VIS_OB-0000052,onboard_eval
MVI_0801_VIS_OB,265,MVI_0801_VIS_OB-0000053,onboard_eval
MVI_0801_VIS_OB,270,MVI_0801_VIS_OB-0000054,onboard_eval
MVI_0801_VIS_OB,275,MVI_0801_VIS_OB-0000055,onboard_eval
MVI_0801_VIS_OB,280,MVI_0801_VIS_OB-0000056,onboard_eval
MVI_0801_VIS_OB,285,MVI_0801_VIS_OB-0000057,onboard_eval
MVI_0801_VIS_OB,290,MVI_0801_VIS_OB-0000058,onboard_eval
MVI_0801_VIS_OB,295,MVI_0801_VIS_OB-0000059,onboard_eval
MVI_0801_VIS_OB,300,MVI_0801_VIS_OB-0000060,onboard_eval
MVI_0801_VIS_OB,305,MVI_0801_VIS_OB-0000061,onboard_eval
MVI_0801_VIS_OB,310,MVI_0801_VIS_OB-0000062,onboard_eval
MVI_0801_VIS_OB,315,MVI_0801_VIS_OB-0000063,onboard_eval
MVI_0801_VIS_OB,320,MVI_0801_VIS_OB-0000064,onboard_eval
MVI_0801_VIS_OB,325,MVI_0801_VIS_OB-0000065,onboard_eval
MVI_0801_VIS_OB,330,MVI_0801_VIS_OB-0000066,onboard_eval
MVI_0801_VIS_OB,335,MVI_0801_VIS_OB-0000067,onboard_eval
MVI_0801_VIS_OB,340,MVI_0801_VIS_OB-0000068,onboard_eval
MVI_0801_VIS_OB,345,MVI_0801_VIS_OB-0000069,onboard_eval
MVI_0801_VIS_OB,350,MVI_0801_VIS_OB-0000070,onboard_eval
MVI_0801_VIS_OB,355,MVI_0801_VIS_OB-0000071,onboard_eval
MVI_0801_VIS_OB,360,MVI_0801_VIS_OB-0000072,onboard_eval
MVI_0801_VIS_OB,365,MVI_0801_VIS_OB-0000073,onboard_eval
MVI_0801_VIS_OB,370,MVI_0801_VIS_OB-0000074,onboard_eval
MVI_0801_VIS_OB,375,MVI_0801_VIS_OB-0000075,onboard_eval
MVI_0801_VIS_OB,380,MVI_0801_VIS_OB-0000076,onboard_eval
MVI_0801_VIS_OB,385,MVI_0801_VIS_OB-0000077,onboard_eval
MVI_0801_VIS_OB,390,MVI_0801_VIS_OB-0000078,onboard_eval
MVI_0801_VIS_OB,395,MVI_0801_VIS_OB-0000079,onboard_eval
MVI_0801_VIS_OB,400,MVI_0801_VIS_OB-0000080,onboard_eval
MVI_0801_VIS_OB,405,MVI_0801_VIS_OB-0000081,onboard_eval
MVI_0801_VIS_OB,410,MVI_0801_VIS_OB-0000082,onboard_eval
MVI_0801_VIS_OB,415,MVI_0801_VIS_OB-0000083,onboard_eval
MVI_0801_VIS_OB,420,MVI_0801_VIS_OB-0000084,onboard_eval
MVI_0801_VIS_OB,425,MVI_0801_VIS_OB-0000085,onboard_eval
MVI_0801_VIS_OB,430,MVI_0801_VIS_OB-0000086,onboard_eval
MVI_0801_VIS_OB,435,MVI_0801_VIS_OB-0000087,onboard_eval
MVI_0801_VIS_OB,440,MVI_0801_VIS_OB-0000088,onboard_eval
MVI_0801_VIS_OB,445,MVI_0801_VIS_OB-0000089,onboard_eval
MVI_0801_VIS_OB,450,MVI_0801_VIS_OB-0000090,onboard_eval
MVI_0801_VIS_OB,455,MVI_0801_VIS_OB-0000091,onboard_eval
MVI_0801_VIS_OB,460,MVI_0801_VIS_OB-0000092,onboard_eval
MVI_0801_VIS_OB,465,MVI_0801_VIS_OB-0000093,onboard_eval
MVI_0801_VIS_OB,470,MVI_0801_VIS_OB-0000094,onboard_eval
MVI_0801_VIS_OB,475,MVI_0801_VIS_OB-0000095,onboard_eval
MVI_0801_VIS_OB,480,MVI_0801_VIS_OB-0000096,onboard_eval
MVI_0801_VIS_OB,485,MVI_0801_VIS_OB-0000097,onboard_eval
MVI_0801_VIS_OB,490,MVI_0801_VIS_OB-0000098,onboard_eval
MVI_0801_VIS_OB,495,MVI_0801_VIS_OB-0000099,onboard_eval
MVI_0801_VIS_OB,500,MVI_0801_VIS_OB-0000100,onboard_eval
MVI_0801_VIS_OB,505,MVI_0801_VIS_OB-0000101,onboard_eval
MVI_0801_VIS_OB,510,MVI_0801_VIS_OB-0000102,onboard_eval
MVI_0801_VIS_OB,515,MVI_0801_VIS_OB-0000103,onboard_eval
MVI_0801_VIS_OB,520,MVI_0801_VIS_OB-0000104,onboard_eval
MVI_0801_VIS_OB,525,MVI_0801_VIS_OB-0000105,onboard_eval
MVI_0801_VIS_OB,530,MVI_0801_VIS_OB-0000106,onboard_eval
MVI_0801_VIS_OB,535,MVI_0801_VIS_OB-0000107,onboard_eval
MVI_0801_VIS_OB,540,MVI_0801_VIS_OB-0000108,onboard_eval
MVI_0801_VIS_OB,545,MVI_0801_VIS_OB-0000109,onboard_eval
MVI_0801_VIS_OB,550,MVI_0801_VIS_OB-0000110,onboard_eval
MVI_0801_VIS_OB,555,MVI_0801_VIS_OB-0000111,onboard_eval
MVI_0801_VIS_OB,560,MVI_0801_VIS_OB-0000112,onboard_eval
MVI_0801_VIS_OB,565,MVI_0801_VIS_OB-0000113,onboard_eval
MVI_0801_VIS_OB,570,MVI_0801_VIS_OB-0000114,onboard_eval
MVI_0801_VIS_OB,575,MVI_0801_VIS_OB-0000115,onboard_eval
MVI_0801_VIS_OB,580,MVI_0801_VIS_OB-0000116,onboard_eval
MVI_0801_VIS_OB,585,MVI_0801_VIS_OB-0000117,onboard_eval
MVI_0801_VIS_OB,590,MVI_0801_VIS_OB-0000118,onboard_eval
MVI_0801_VIS_OB,595,MVI_0801_VIS_OB-0000119,onboard_eval
MVI_0895_NIR_Haze,0,MVI_0895_NIR_Haze-0000000,nir_haze_eval
MVI_0895_NIR_Haze,5,MVI_0895_NIR_Haze-0000001,nir_haze_eval
MVI_0895_NIR_Haze,10,MVI_0895_NIR_Haze-0000002,nir_haze_eval
MVI_0895_NIR_Haze,15,MVI_0895_NIR_Haze-0000003,nir_haze_eval
MVI_0895_NIR_Haze,20,MVI_0895_NIR_Haze-0000004,nir_haze_eval
MVI_0895_NIR_Haze,25,MVI_0895_NIR_Haze-0000005,nir_haze_eval
MVI_0895_NIR_Haze,30,MVI_0895_NIR_Haze-0000006,nir_haze_eval
MVI_0895_NIR_Haze,35,MVI_0895_NIR_Haze-0000007,nir_haze_eval
MVI_0895_NIR_Haze,40,MVI_0895_NIR_Haze-0000008,nir_haze_eval
MVI_0895_NIR_Haze,45,MVI_0895_NIR_Haze-0000009,nir_haze_eval
MVI_0895_NIR_Haze,50,MVI_0895_NIR_Haze-0000010,nir_haze_eval
MVI_0895_NIR_Haze,55,MVI_0895_NIR_Haze-0000011,nir_haze_eval
MVI_0895_NIR_Haze,60,MVI_0895_NIR_Haze-0000012,nir_haze_eval
MVI_0895_NIR_Haze,65,MVI_0895_NIR_Haze-0000013,nir_haze_eval
MVI_0895_NIR_Haze,70,MVI_0895_NIR_Haze-0000014,nir_haze_eval
MVI_0895_NIR_Haze,75,MVI_0895_NIR_Haze-0000015,nir_haze_eval
MVI_0895_NIR_Haze,80,MVI_0895_NIR_Haze-0000016,nir_haze_eval
MVI_0895_NIR_Haze,85,MVI_0895_NIR_Haze-0000017,nir_haze_eval
MVI_0895_NIR_Haze,90,MVI_0895_NIR_Haze-0000018,nir_haze_eval
MVI_0895_NIR_Haze,95,MVI_0895_NIR_Haze-0000019,nir_haze_eval
MVI_0895_NIR_Haze,100,MVI_0895_NIR_Haze-0000020,nir_haze_eval
MVI_0895_NIR_Haze,105,MVI_0895_NIR_Haze-0000021,nir_haze_eval
MVI_0895_NIR_Haze,110,MVI_0895_NIR_Haze-0000022,nir_haze_eval
MVI_0895_NIR_Haze,115,MVI_0895_NIR_Haze-0000023,nir_haze_eval
MVI_0895_NIR_Haze,120,MVI_0895_NIR_Haze-0000024,nir_haze_eval
MVI_0895_NIR_Haze,125,MVI_0895_NIR_Haze-0000025,nir_haze_eval
MVI_0895_NIR_Haze,130,MVI_0895_NIR_Haze-0000026,nir_haze_eval
MVI_0895_NIR_Haze,135,MVI_0895_NIR_Haze-0000027,nir_haze_eval
MVI_0895_NIR_Haze,140,MVI_0895_NIR_Haze-0000028,nir_haze_eval
MVI_0895_NIR_Haze,145,MVI_0895_NIR_Haze-0000029,nir_haze_eval
MVI_0895_NIR_Haze,150,MVI_0895_NIR_Haze-0000030,nir_haze_eval
MVI_0895_NIR_Haze,155,MVI_0895_NIR_Haze-0000031,nir_haze_eval
MVI_0895_NIR_Haze,160,MVI_0895_NIR_Haze-0000032,nir_haze_eval
MVI_0895_NIR_Haze,165,MVI_0895_NIR_Haze-0000033,nir_haze_eval
MVI_0895_NIR_Haze,170,MVI_0895_NIR_Haze-0000034,nir_haze_eval
MVI_0895_NIR_Haze,175,MVI_0895_NIR_Haze-0000035,nir_haze_eval
MVI_0895_NIR_Haze,180,MVI_0895_NIR_Haze-0000036,nir_haze_eval
MVI_0895_NIR_Haze,185,MVI_0895_NIR_Haze-0000037,nir_haze_eval
MVI_0895_NIR_Haze,190,MVI_0895_NIR_Haze-0000038,nir_haze_eval
MVI_0895_NIR_Haze,195,MVI_0895_NIR_Haze-0000039,nir_haze_eval
MVI_0895_NIR_Haze,200,MVI_0895_NIR_Haze-0000040,nir_haze_eval
MVI_0895_NIR_Haze,205,MVI_0895_NIR_Haze-0000041,nir_haze_eval
MVI_0895_NIR_Haze,210,MVI_0895_NIR_Haze-0000042,nir_haze_eval
MVI_0895_NIR_Haze,215,MVI_0895_NIR_Haze-0000043,nir_haze_eval
MVI_0895_NIR_Haze,220,MVI_0895_NIR_Haze-0000044,nir_haze_eval
MVI_0895_NIR_Haze,225,MVI_0895_NIR_Haze-0000045,nir_haze_eval
MVI_0895_NIR_Haze,230,MVI_0895_NIR_Haze-0000046,nir_haze_eval
MVI_0895_NIR_Haze,235,MVI_0895_NIR_Haze-0000047,nir_haze_eval
MVI_0895_NIR_Haze,240,MVI_0895_NIR_Haze-0000048,nir_haze_eval
MVI_0895_NIR_Haze,245,MVI_0895_NIR_Haze-0000049,nir_haze_eval
MVI_0895_NIR_Haze,250,MVI_0895_NIR_Haze-0000050,nir_haze_eval
MVI_0895_NIR_Haze,255,MVI_0895_NIR_Haze-0000051,nir_haze_eval
MVI_0895_NIR_Haze,260,MVI_0895_NIR_Haze-0000052,nir_haze_eval
MVI_0895_NIR_Haze,265,MVI_0895_NIR_Haze-0000053,nir_haze_eval
MVI_0895_NIR_Haze,270,MVI_0895_NIR_Haze-0000054,nir_haze_eval
MVI_0895_NIR_Haze,275,MVI_0895_NIR_Haze-0000055,nir_haze_eval
MVI_0895_NIR_Haze,280,MVI_0895_NIR_Haze-0000056,nir_haze_eval
MVI_0895_NIR_Haze,285,MVI_0895_NIR_Haze-0000057,nir_haze_eval
MVI_0895_NIR_Haze,290,MVI_0895_NIR_Haze-0000058,nir_haze_eval
MVI_0895_NIR_Haze,295,MVI_0895_NIR_Haze-0000059,nir_haze_eval
MVI_0895_NIR_Haze,300,MVI_0895_NIR_Haze-0000060,nir_haze_eval
MVI_0895_NIR_Haze,305,MVI_0895_NIR_Haze-0000061,nir_haze_eval
MVI_0895_NIR_Haze,310,MVI_0895_NIR_Haze-0000062,nir_haze_eval
MVI_0895_NIR_Haze,315,MVI_0895_NIR_Haze-0000063,nir_haze_eval
MVI_0895_NIR_Haze,320,MVI_0895_NIR_Haze-0000064,nir_haze_eval
MVI_0895_NIR_Haze,325,MVI_0895_NIR_Haze-0000065,nir_haze_eval
MVI_0895_NIR_Haze,330,MVI_0895_NIR_Haze-0000066,nir_haze_eval
MVI_0895_NIR_Haze,335,MVI_0895_NIR_Haze-0000067,nir_haze_eval
MVI_0895_NIR_Haze,340,MVI_0895_NIR_Haze-0000068,nir_haze_eval
MVI_0895_NIR_Haze,345,MVI_0895_NIR_Haze-0000069,nir_haze_eval
MVI_0895_NIR_Haze,350,MVI_0895_NIR_Haze-0000070,nir_haze_eval
MVI_0895_NIR_Haze,355,MVI_0895_NIR_Haze-0000071,nir_haze_eval
MVI_0895_NIR_Haze,360,MVI_0895_NIR_Haze-0000072,nir_haze_eval
MVI_0895_NIR_Haze,365,MVI_0895_NIR_Haze-0000073,nir_haze_eval
MVI_0895_NIR_Haze,370,MVI_0895_NIR_Haze-0000074,nir_haze_eval
MVI_0895_NIR_Haze,375,MVI_0895_NIR_Haze-0000075,nir_haze_eval
MVI_0895_NIR_Haze,380,MVI_0895_NIR_Haze-0000076,nir_haze_eval
MVI_0895_NIR_Haze,385,MVI_0895_NIR_Haze-0000077,nir_haze_eval
MVI_0895_NIR_Haze,390,MVI_0895_NIR_Haze-0000078,nir_haze_eval
MVI_0895_NIR_Haze,395,MVI_0895_NIR_Haze-0000079,nir_haze_eval
MVI_0895_NIR_Haze,400,MVI_0895_NIR_Haze-0000080,nir_haze_eval
MVI_0895_NIR_Haze,405,MVI_0895_NIR_Haze-0000081,nir_haze_eval
MVI_0895_NIR_Haze,410,MVI_0895_NIR_Haze-0000082,nir_haze_eval
MVI_0895_NIR_Haze,415,MVI_0895_NIR_Haze-0000083,nir_haze_eval
MVI_0895_NIR_Haze,420,MVI_0895_NIR_Haze-0000084,nir_haze_eval
MVI_0895_NIR_Haze,425,MVI_0895_NIR_Haze-0000085,nir_haze_eval
MVI_0895_NIR_Haze,430,MVI_0895_NIR_Haze-0000086,nir_haze_eval
MVI_0895_NIR_Haze,435,MVI_0895_NIR_Haze-0000087,nir_haze_eval
MVI_1448_VIS_Haze,0,MVI_1448_VIS_Haze-0000000,haze_eval
MVI_1448_VIS_Haze,5,MVI_1448_VIS_Haze-0000001,haze_eval
MVI_1448_VIS_Haze,10,MVI_1448_VIS_Haze-0000002,haze_eval
MVI_1448_VIS_Haze,15,MVI_1448_VIS_Haze-0000003,haze_eval
MVI_1448_VIS_Haze,20,MVI_1448_VIS_Haze-0000004,haze_eval
MVI_1448_VIS_Haze,25,MVI_1448_VIS_Haze-0000005,haze_eval
MVI_1448_VIS_Haze,30,MVI_1448_VIS_Haze-0000006,haze_eval
MVI_1448_VIS_Haze,35,MVI_1448_VIS_Haze-0000007,haze_eval
MVI_1448_VIS_Haze,40,MVI_1448_VIS_Haze-0000008,haze_eval
MVI_1448_VIS_Haze,45,MVI_1448_VIS_Haze-0000009,haze_eval
MVI_1448_VIS_Haze,50,MVI_1448_VIS_Haze-0000010,haze_eval
MVI_1448_VIS_Haze,55,MVI_1448_VIS_Haze-0000011,haze_eval
MVI_1448_VIS_Haze,60,MVI_1448_VIS_Haze-0000012,haze_eval
MVI_1448_VIS_Haze,65,MVI_1448_VIS_Haze-0000013,haze_eval
MVI_1448_VIS_Haze,70,MVI_1448_VIS_Haze-0000014,haze_eval
MVI_1448_VIS_Haze,75,MVI_1448_VIS_Haze-0000015,haze_eval
MVI_1448_VIS_Haze,80,MVI_1448_VIS_Haze-0000016,haze_eval
MVI_1448_VIS_Haze,85,MVI_1448_VIS_Haze-0000017,haze_eval
MVI_1448_VIS_Haze,90,MVI_1448_VIS_Haze-0000018,haze_eval
MVI_1448_VIS_Haze,95,MVI_1448_VIS_Haze-0000019,haze_eval
MVI_1448_VIS_Haze,100,MVI_1448_VIS_Haze-0000020,haze_eval
MVI_1448_VIS_Haze,105,MVI_1448_VIS_Haze-0000021,haze_eval
MVI_1448_VIS_Haze,110,MVI_1448_VIS_Haze-0000022,haze_eval
MVI_1448_VIS_Haze,115,MVI_1448_VIS_Haze-0000023,haze_eval
MVI_1448_VIS_Haze,120,MVI_1448_VIS_Haze-0000024,haze_eval
MVI_1448_VIS_Haze,125,MVI_1448_VIS_Haze-0000025,haze_eval
MVI_1448_VIS_Haze,130,MVI_1448_VIS_Haze-0000026,haze_eval
MVI_1448_VIS_Haze,135,MVI_1448_VIS_Haze-0000027,haze_eval
MVI_1448_VIS_Haze,140,MVI_1448_VIS_Haze-0000028,haze_eval
MVI_1448_VIS_Haze,145,MVI_1448_VIS_Haze-0000029,haze_eval
MVI_1448_VIS_Haze,150,MVI_1448_VIS_Haze-0000030,haze_eval
MVI_1448_VIS_Haze,155,MVI_1448_VIS_Haze-0000031,haze_eval
MVI_1448_VIS_Haze,160,MVI_1448_VIS_Haze-0000032,haze_eval
MVI_1448_VIS_Haze,165,MVI_1448_VIS_Haze-0000033,haze_eval
MVI_1448_VIS_Haze,170,MVI_1448_VIS_Haze-0000034,haze_eval
MVI_1448_VIS_Haze,175,MVI_1448_VIS_Haze-0000035,haze_eval
MVI_1448_VIS_Haze,180,MVI_1448_VIS_Haze-0000036,haze_eval
MVI_1448_VIS_Haze,185,MVI_1448_VIS_Haze-0000037,haze_eval
MVI_1448_VIS_Haze,190,MVI_1448_VIS_Haze-0000038,haze_eval
MVI_1448_VIS_Haze,195,MVI_1448_VIS_Haze-0000039,haze_eval
MVI_1448_VIS_Haze,200,MVI_1448_VIS_Haze-0000040,haze_eval
MVI_1448_VIS_Haze,205,MVI_1448_VIS_Haze-0000041,haze_eval
MVI_1448_VIS_Haze,210,MVI_1448_VIS_Haze-0000042,haze_eval
MVI_1448_VIS_Haze,215,MVI_1448_VIS_Haze-0000043,haze_eval
MVI_1448_VIS_Haze,220,MVI_1448_VIS_Haze-0000044,haze_eval
MVI_1448_VIS_Haze,225,MVI_1448_VIS_Haze-0000045,haze_eval
MVI_1448_VIS_Haze,230,MVI_1448_VIS_Haze-0000046,haze_eval
MVI_1448_VIS_Haze,235,MVI_1448_VIS_Haze-0000047,haze_eval
MVI_1448_VIS_Haze,240,MVI_1448_VIS_Haze-0000048,haze_eval
MVI_1448_VIS_Haze,245,MVI_1448_VIS_Haze-0000049,haze_eval
MVI_1448_VIS_Haze,250,MVI_1448_VIS_Haze-0000050,haze_eval
MVI_1448_VIS_Haze,255,MVI_1448_VIS_Haze-0000051,haze_eval
MVI_1448_VIS_Haze,260,MVI_1448_VIS_Haze-0000052,haze_eval
MVI_1448_VIS_Haze,265,MVI_1448_VIS_Haze-0000053,haze_eval
MVI_1448_VIS_Haze,270,MVI_1448_VIS_Haze-0000054,haze_eval
MVI_1448_VIS_Haze,275,MVI_1448_VIS_Haze-0000055,haze_eval
MVI_1448_VIS_Haze,280,MVI_1448_VIS_Haze-0000056,haze_eval
MVI_1448_VIS_Haze,285,MVI_1448_VIS_Haze-0000057,haze_eval
MVI_1448_VIS_Haze,290,MVI_1448_VIS_Haze-0000058,haze_eval
MVI_1448_VIS_Haze,295,MVI_1448_VIS_Haze-0000059,haze_eval
MVI_1448_VIS_Haze,300,MVI_1448_VIS_Haze-0000060,haze_eval
MVI_1448_VIS_Haze,305,MVI_1448_VIS_Haze-0000061,haze_eval
MVI_1448_VIS_Haze,310,MVI_1448_VIS_Haze-0000062,haze_eval
MVI_1448_VIS_Haze,315,MVI_1448_VIS_Haze-0000063,haze_eval
MVI_1448_VIS_Haze,320,MVI_1448_VIS_Haze-0000064,haze_eval
MVI_1448_VIS_Haze,325,MVI_1448_VIS_Haze-0000065,haze_eval
MVI_1448_VIS_Haze,330,MVI_1448_VIS_Haze-0000066,haze_eval
MVI_1448_VIS_Haze,335,MVI_1448_VIS_Haze-0000067,haze_eval
MVI_1448_VIS_Haze,340,MVI_1448_VIS_Haze-0000068,haze_eval
MVI_1448_VIS_Haze,345,MVI_1448_VIS_Haze-0000069,haze_eval
MVI_1448_VIS_Haze,350,MVI_1448_VIS_Haze-0000070,haze_eval
MVI_1448_VIS_Haze,355,MVI_1448_VIS_Haze-0000071,haze_eval
MVI_1448_VIS_Haze,360,MVI_1448_VIS_Haze-0000072,haze_eval
MVI_1448_VIS_Haze,365,MVI_1448_VIS_Haze-0000073,haze_eval
MVI_1448_VIS_Haze,370,MVI_1448_VIS_Haze-0000074,haze_eval
MVI_1448_VIS_Haze,375,MVI_1448_VIS_Haze-0000075,haze_eval
MVI_1448_VIS_Haze,380,MVI_1448_VIS_Haze-0000076,haze_eval
MVI_1448_VIS_Haze,385,MVI_1448_VIS_Haze-0000077,haze_eval
MVI_1448_VIS_Haze,390,MVI_1448_VIS_Haze-0000078,haze_eval
MVI_1448_VIS_Haze,395,MVI_1448_VIS_Haze-0000079,haze_eval
MVI_1448_VIS_Haze,400,MVI_1448_VIS_Haze-0000080,haze_eval
MVI_1448_VIS_Haze,405,MVI_1448_VIS_Haze-0000081,haze_eval
MVI_1448_VIS_Haze,410,MVI_1448_VIS_Haze-0000082,haze_eval
MVI_1448_VIS_Haze,415,MVI_1448_VIS_Haze-0000083,haze_eval
MVI_1448_VIS_Haze,420,MVI_1448_VIS_Haze-0000084,haze_eval
MVI_1448_VIS_Haze,425,MVI_1448_VIS_Haze-0000085,haze_eval
MVI_1448_VIS_Haze,430,MVI_1448_VIS_Haze-0000086,haze_eval
MVI_1448_VIS_Haze,435,MVI_1448_VIS_Haze-0000087,haze_eval
MVI_1448_VIS_Haze,440,MVI_1448_VIS_Haze-0000088,haze_eval
MVI_1448_VIS_Haze,445,MVI_1448_VIS_Haze-0000089,haze_eval
MVI_1448_VIS_Haze,450,MVI_1448_VIS_Haze-0000090,haze_eval
MVI_1448_VIS_Haze,455,MVI_1448_VIS_Haze-0000091,haze_eval
MVI_1448_VIS_Haze,460,MVI_1448_VIS_Haze-0000092,haze_eval
MVI_1448_VIS_Haze,465,MVI_1448_VIS_Haze-0000093,haze_eval
MVI_1448_VIS_Haze,470,MVI_1448_VIS_Haze-0000094,haze_eval
MVI_1448_VIS_Haze,475,MVI_1448_VIS_Haze-0000095,haze_eval
MVI_1448_VIS_Haze,480,MVI_1448_VIS_Haze-0000096,haze_eval
MVI_1448_VIS_Haze,485,MVI_1448_VIS_Haze-0000097,haze_eval
MVI_1448_VIS_Haze,490,MVI_1448_VIS_Haze-0000098,haze_eval
MVI_1448_VIS_Haze,495,MVI_1448_VIS_Haze-0000099,haze_eval
MVI_1448_VIS_Haze,500,MVI_1448_VIS_Haze-0000100,haze_eval
MVI_1448_VIS_Haze,505,MVI_1448_VIS_Haze-0000101,haze_eval
MVI_1448_VIS_Haze,510,MVI_1448_VIS_Haze-0000102,haze_eval
MVI_1448_VIS_Haze,515,MVI_1448_VIS_Haze-0000103,haze_eval
MVI_1448_VIS_Haze,520,MVI_1448_VIS_Haze-0000104,haze_eval
MVI_1448_VIS_Haze,525,MVI_1448_VIS_Haze-0000105,haze_eval
MVI_1448_VIS_Haze,530,MVI_1448_VIS_Haze-0000106,haze_eval
MVI_1448_VIS_Haze,535,MVI_1448_VIS_Haze-0000107,haze_eval
MVI_1448_VIS_Haze,540,MVI_1448_VIS_Haze-0000108,haze_eval
MVI_1448_VIS_Haze,545,MVI_1448_VIS_Haze-0000109,haze_eval
MVI_1448_VIS_Haze,550,MVI_1448_VIS_Haze-0000110,haze_eval
MVI_1448_VIS_Haze,555,MVI_1448_VIS_Haze-0000111,haze_eval
MVI_1448_VIS_Haze,560,MVI_1448_VIS_Haze-0000112,haze_eval
MVI_1448_VIS_Haze,565,MVI_1448_VIS_Haze-0000113,haze_eval
MVI_1448_VIS_Haze,570,MVI_1448_VIS_Haze-0000114,haze_eval
MVI_1448_VIS_Haze,575,MVI_1448_VIS_Haze-0000115,haze_eval
MVI_1448_VIS_Haze,580,MVI_1448_VIS_Haze-0000116,haze_eval
MVI_1448_VIS_Haze,585,MVI_1448_VIS_Haze-0000117,haze_eval
MVI_1448_VIS_Haze,590,MVI_1448_VIS_Haze-0000118,haze_eval
MVI_1448_VIS_Haze,595,MVI_1448_VIS_Haze-0000119,haze_eval
MVI_1448_VIS_Haze,600,MVI_1448_VIS_Haze-0000120,haze_eval
MVI_1451_VIS_Haze,0,MVI_1451_VIS_Haze-0000000,haze_eval
MVI_1451_VIS_Haze,5,MVI_1451_VIS_Haze-0000001,haze_eval
MVI_1451_VIS_Haze,10,MVI_1451_VIS_Haze-0000002,haze_eval
MVI_1451_VIS_Haze,15,MVI_1451_VIS_Haze-0000003,haze_eval
MVI_1451_VIS_Haze,20,MVI_1451_VIS_Haze-0000004,haze_eval
MVI_1451_VIS_Haze,25,MVI_1451_VIS_Haze-0000005,haze_eval
MVI_1451_VIS_Haze,30,MVI_1451_VIS_Haze-0000006,haze_eval
MVI_1451_VIS_Haze,35,MVI_1451_VIS_Haze-0000007,haze_eval
MVI_1451_VIS_Haze,40,MVI_1451_VIS_Haze-0000008,haze_eval
MVI_1451_VIS_Haze,45,MVI_1451_VIS_Haze-0000009,haze_eval
MVI_1451_VIS_Haze,50,MVI_1451_VIS_Haze-0000010,haze_eval
MVI_1451_VIS_Haze,55,MVI_1451_VIS_Haze-0000011,haze_eval
MVI_1451_VIS_Haze,60,MVI_1451_VIS_Haze-0000012,haze_eval
MVI_1451_VIS_Haze,65,MVI_1451_VIS_Haze-0000013,haze_eval
MVI_1451_VIS_Haze,70,MVI_1451_VIS_Haze-0000014,haze_eval
MVI_1451_VIS_Haze,75,MVI_1451_VIS_Haze-0000015,haze_eval
MVI_1451_VIS_Haze,80,MVI_1451_VIS_Haze-0000016,haze_eval
MVI_1451_VIS_Haze,85,MVI_1451_VIS_Haze-0000017,haze_eval
MVI_1451_VIS_Haze,90,MVI_1451_VIS_Haze-0000018,haze_eval
MVI_1451_VIS_Haze,95,MVI_1451_VIS_Haze-0000019,haze_eval
MVI_1451_VIS_Haze,100,MVI_1451_VIS_Haze-0000020,haze_eval
MVI_1451_VIS_Haze,105,MVI_1451_VIS_Haze-0000021,haze_eval
MVI_1451_VIS_Haze,110,MVI_1451_VIS_Haze-0000022,haze_eval
MVI_1451_VIS_Haze,115,MVI_1451_VIS_Haze-0000023,haze_eval
MVI_1451_VIS_Haze,120,MVI_1451_VIS_Haze-0000024,haze_eval
MVI_1451_VIS_Haze,125,MVI_1451_VIS_Haze-0000025,haze_eval
MVI_1451_VIS_Haze,130,MVI_1451_VIS_Haze-0000026,haze_eval
MVI_1451_VIS_Haze,135,MVI_1451_VIS_Haze-0000027,haze_eval
MVI_1451_VIS_Haze,140,MVI_1451_VIS_Haze-0000028,haze_eval
MVI_1451_VIS_Haze,145,MVI_1451_VIS_Haze-0000029,haze_eval
MVI_1451_VIS_Haze,150,MVI_1451_VIS_Haze-0000030,haze_eval
MVI_1451_VIS_Haze,155,MVI_1451_VIS_Haze-0000031,haze_eval
MVI_1451_VIS_Haze,160,MVI_1451_VIS_Haze-0000032,haze_eval
MVI_1451_VIS_Haze,165,MVI_1451_VIS_Haze-0000033,haze_eval
MVI_1451_VIS_Haze,170,MVI_1451_VIS_Haze-0000034,haze_eval
MVI_1451_VIS_Haze,175,MVI_1451_VIS_Haze-0000035,haze_eval
MVI_1451_VIS_Haze,180,MVI_1451_VIS_Haze-0000036,haze_eval
MVI_1451_VIS_Haze,185,MVI_1451_VIS_Haze-0000037,haze_eval
MVI_1451_VIS_Haze,190,MVI_1451_VIS_Haze-0000038,haze_eval
MVI_1451_VIS_Haze,195,MVI_1451_VIS_Haze-0000039,haze_eval
MVI_1451_VIS_Haze,200,MVI_1451_VIS_Haze-0000040,haze_eval
MVI_1451_VIS_Haze,205,MVI_1451_VIS_Haze-0000041,haze_eval
MVI_1451_VIS_Haze,210,MVI_1451_VIS_Haze-0000042,haze_eval
MVI_1451_VIS_Haze,215,MVI_1451_VIS_Haze-0000043,haze_eval
MVI_1451_VIS_Haze,220,MVI_1451_VIS_Haze-0000044,haze_eval
MVI_1451_VIS_Haze,225,MVI_1451_VIS_Haze-0000045,haze_eval
MVI_1451_VIS_Haze,230,MVI_1451_VIS_Haze-0000046,haze_eval
MVI_1451_VIS_Haze,235,MVI_1451_VIS_Haze-0000047,haze_eval
MVI_1451_VIS_Haze,240,MVI_1451_VIS_Haze-0000048,haze_eval
MVI_1451_VIS_Haze,245,MVI_1451_VIS_Haze-0000049,haze_eval
MVI_1451_VIS_Haze,250,MVI_1451_VIS_Haze-0000050,haze_eval
MVI_1451_VIS_Haze,255,MVI_1451_VIS_Haze-0000051,haze_eval
MVI_1451_VIS_Haze,260,MVI_1451_VIS_Haze-0000052,haze_eval
MVI_1451_VIS_Haze,265,MVI_1451_VIS_Haze-0000053,haze_eval
MVI_1451_VIS_Haze,270,MVI_1451_VIS_Haze-0000054,haze_eval
MVI_1451_VIS_Haze,275,MVI_1451_VIS_Haze-0000055,haze_eval
MVI_1451_VIS_Haze,280,MVI_1451_VIS_Haze-0000056,haze_eval
MVI_1451_VIS_Haze,285,MVI_1451_VIS_Haze-0000057,haze_eval
MVI_1451_VIS_Haze,290,MVI_1451_VIS_Haze-0000058,haze_eval
MVI_1451_VIS_Haze,295,MVI_1451_VIS_Haze-0000059,haze_eval
MVI_1451_VIS_Haze,300,MVI_1451_VIS_Haze-0000060,haze_eval
MVI_1451_VIS_Haze,305,MVI_1451_VIS_Haze-0000061,haze_eval
MVI_1451_VIS_Haze,310,MVI_1451_VIS_Haze-0000062,haze_eval
MVI_1451_VIS_Haze,315,MVI_1451_VIS_Haze-0000063,haze_eval
MVI_1451_VIS_Haze,320,MVI_1451_VIS_Haze-0000064,haze_eval
MVI_1451_VIS_Haze,325,MVI_1451_VIS_Haze-0000065,haze_eval
MVI_1451_VIS_Haze,330,MVI_1451_VIS_Haze-0000066,haze_eval
MVI_1451_VIS_Haze,335,MVI_1451_VIS_Haze-0000067,haze_eval
MVI_1451_VIS_Haze,340,MVI_1451_VIS_Haze-0000068,haze_eval
MVI_1451_VIS_Haze,345,MVI_1451_VIS_Haze-0000069,haze_eval
MVI_1451_VIS_Haze,350,MVI_1451_VIS_Haze-0000070,haze_eval
MVI_1451_VIS_Haze,355,MVI_1451_VIS_Haze-0000071,haze_eval
MVI_1451_VIS_Haze,360,MVI_1451_VIS_Haze-0000072,haze_eval
MVI_1451_VIS_Haze,365,MVI_1451_VIS_Haze-0000073,haze_eval
MVI_1451_VIS_Haze,370,MVI_1451_VIS_Haze-0000074,haze_eval
MVI_1451_VIS_Haze,375,MVI_1451_VIS_Haze-0000075,haze_eval
MVI_1451_VIS_Haze,380,MVI_1451_VIS_Haze-0000076,haze_eval
MVI_1451_VIS_Haze,385,MVI_1451_VIS_Haze-0000077,haze_eval
MVI_1451_VIS_Haze,390,MVI_1451_VIS_Haze-0000078,haze_eval
MVI_1451_VIS_Haze,395,MVI_1451_VIS_Haze-0000079,haze_eval
MVI_1451_VIS_Haze,400,MVI_1451_VIS_Haze-0000080,haze_eval
MVI_1451_VIS_Haze,405,MVI_1451_VIS_Haze-0000081,haze_eval
MVI_1451_VIS_Haze,410,MVI_1451_VIS_Haze-0000082,haze_eval
MVI_1451_VIS_Haze,415,MVI_1451_VIS_Haze-0000083,haze_eval
MVI_1451_VIS_Haze,420,MVI_1451_VIS_Haze-0000084,haze_eval
MVI_1451_VIS_Haze,425,MVI_1451_VIS_Haze-0000085,haze_eval
MVI_1451_VIS_Haze,430,MVI_1451_VIS_Haze-0000086,haze_eval
MVI_1451_VIS_Haze,435,MVI_1451_VIS_Haze-0000087,haze_eval
MVI_1452_VIS_Haze,0,MVI_1452_VIS_Haze-0000000,haze_eval
MVI_1452_VIS_Haze,5,MVI_1452_VIS_Haze-0000001,haze_eval
MVI_1452_VIS_Haze,10,MVI_1452_VIS_Haze-0000002,haze_eval
MVI_1452_VIS_Haze,15,MVI_1452_VIS_Haze-0000003,haze_eval
MVI_1452_VIS_Haze,20,MVI_1452_VIS_Haze-0000004,haze_eval
MVI_1452_VIS_Haze,25,MVI_1452_VIS_Haze-0000005,haze_eval
MVI_1452_VIS_Haze,30,MVI_1452_VIS_Haze-0000006,haze_eval
MVI_1452_VIS_Haze,35,MVI_1452_VIS_Haze-0000007,haze_eval
MVI_1452_VIS_Haze,40,MVI_1452_VIS_Haze-0000008,haze_eval
MVI_1452_VIS_Haze,45,MVI_1452_VIS_Haze-0000009,haze_eval
MVI_1452_VIS_Haze,50,MVI_1452_VIS_Haze-0000010,haze_eval
MVI_1452_VIS_Haze,55,MVI_1452_VIS_Haze-0000011,haze_eval
MVI_1452_VIS_Haze,60,MVI_1452_VIS_Haze-0000012,haze_eval
MVI_1452_VIS_Haze,65,MVI_1452_VIS_Haze-0000013,haze_eval
MVI_1452_VIS_Haze,70,MVI_1452_VIS_Haze-0000014,haze_eval
MVI_1452_VIS_Haze,75,MVI_1452_VIS_Haze-0000015,haze_eval
MVI_1452_VIS_Haze,80,MVI_1452_VIS_Haze-0000016,haze_eval
MVI_1452_VIS_Haze,85,MVI_1452_VIS_Haze-0000017,haze_eval
MVI_1452_VIS_Haze,90,MVI_1452_VIS_Haze-0000018,haze_eval
MVI_1452_VIS_Haze,95,MVI_1452_VIS_Haze-0000019,haze_eval
MVI_1452_VIS_Haze,100,MVI_1452_VIS_Haze-0000020,haze_eval
MVI_1452_VIS_Haze,105,MVI_1452_VIS_Haze-0000021,haze_eval
MVI_1452_VIS_Haze,110,MVI_1452_VIS_Haze-0000022,haze_eval
MVI_1452_VIS_Haze,115,MVI_1452_VIS_Haze-0000023,haze_eval
MVI_1452_VIS_Haze,120,MVI_1452_VIS_Haze-0000024,haze_eval
MVI_1452_VIS_Haze,125,MVI_1452_VIS_Haze-0000025,haze_eval
MVI_1452_VIS_Haze,130,MVI_1452_VIS_Haze-0000026,haze_eval
MVI_1452_VIS_Haze,135,MVI_1452_VIS_Haze-0000027,haze_eval
MVI_1452_VIS_Haze,140,MVI_1452_VIS_Haze-0000028,haze_eval
MVI_1452_VIS_Haze,145,MVI_1452_VIS_Haze-0000029,haze_eval
MVI_1452_VIS_Haze,150,MVI_1452_VIS_Haze-0000030,haze_eval
MVI_1452_VIS_Haze,155,MVI_1452_VIS_Haze-0000031,haze_eval
MVI_1452_VIS_Haze,160,MVI_1452_VIS_Haze-0000032,haze_eval
MVI_1452_VIS_Haze,165,MVI_1452_VIS_Haze-0000033,haze_eval
MVI_1452_VIS_Haze,170,MVI_1452_VIS_Haze-0000034,haze_eval
MVI_1452_VIS_Haze,175,MVI_1452_VIS_Haze-0000035,haze_eval
MVI_1452_VIS_Haze,180,MVI_1452_VIS_Haze-0000036,haze_eval
MVI_1452_VIS_Haze,185,MVI_1452_VIS_Haze-0000037,haze_eval
MVI_1452_VIS_Haze,190,MVI_1452_VIS_Haze-0000038,haze_eval
MVI_1452_VIS_Haze,195,MVI_1452_VIS_Haze-0000039,haze_eval
MVI_1452_VIS_Haze,200,MVI_1452_VIS_Haze-0000040,haze_eval
MVI_1452_VIS_Haze,205,MVI_1452_VIS_Haze-0000041,haze_eval
MVI_1452_VIS_Haze,210,MVI_1452_VIS_Haze-0000042,haze_eval
MVI_1452_VIS_Haze,215,MVI_1452_VIS_Haze-0000043,haze_eval
MVI_1452_VIS_Haze,220,MVI_1452_VIS_Haze-0000044,haze_eval
MVI_1452_VIS_Haze,225,MVI_1452_VIS_Haze-0000045,haze_eval
MVI_1452_VIS_Haze,230,MVI_1452_VIS_Haze-0000046,haze_eval
MVI_1452_VIS_Haze,235,MVI_1452_VIS_Haze-0000047,haze_eval
MVI_1452_VIS_Haze,240,MVI_1452_VIS_Haze-0000048,haze_eval
MVI_1452_VIS_Haze,245,MVI_1452_VIS_Haze-0000049,haze_eval
MVI_1452_VIS_Haze,250,MVI_1452_VIS_Haze-0000050,haze_eval
MVI_1452_VIS_Haze,255,MVI_1452_VIS_Haze-0000051,haze_eval
MVI_1452_VIS_Haze,260,MVI_1452_VIS_Haze-0000052,haze_eval
MVI_1452_VIS_Haze,265,MVI_1452_VIS_Haze-0000053,haze_eval
MVI_1452_VIS_Haze,270,MVI_1452_VIS_Haze-0000054,haze_eval
MVI_1452_VIS_Haze,275,MVI_1452_VIS_Haze-0000055,haze_eval
MVI_1452_VIS_Haze,280,MVI_1452_VIS_Haze-0000056,haze_eval
MVI_1452_VIS_Haze,285,MVI_1452_VIS_Haze-0000057,haze_eval
MVI_1452_VIS_Haze,290,MVI_1452_VIS_Haze-0000058,haze_eval
MVI_1452_VIS_Haze,295,MVI_1452_VIS_Haze-0000059,haze_eval
MVI_1452_VIS_Haze,300,MVI_1452_VIS_Haze-0000060,haze_eval
MVI_1452_VIS_Haze,305,MVI_1452_VIS_Haze-0000061,haze_eval
MVI_1452_VIS_Haze,310,MVI_1452_VIS_Haze-0000062,haze_eval
MVI_1452_VIS_Haze,315,MVI_1452_VIS_Haze-0000063,haze_eval
MVI_1452_VIS_Haze,320,MVI_1452_VIS_Haze-0000064,haze_eval
MVI_1452_VIS_Haze,325,MVI_1452_VIS_Haze-0000065,haze_eval
MVI_1452_VIS_Haze,330,MVI_1452_VIS_Haze-0000066,haze_eval
MVI_1452_VIS_Haze,335,MVI_1452_VIS_Haze-0000067,haze_eval
MVI_1463_NIR,0,MVI_1463_NIR-0000000,nir_adapt
MVI_1463_NIR,5,MVI_1463_NIR-0000001,nir_adapt
MVI_1463_NIR,10,MVI_1463_NIR-0000002,nir_adapt
MVI_1463_NIR,15,MVI_1463_NIR-0000003,nir_adapt
MVI_1463_NIR,20,MVI_1463_NIR-0000004,nir_adapt
MVI_1463_NIR,25,MVI_1463_NIR-0000005,nir_adapt
MVI_1463_NIR,30,MVI_1463_NIR-0000006,nir_adapt
MVI_1463_NIR,35,MVI_1463_NIR-0000007,nir_adapt
MVI_1463_NIR,40,MVI_1463_NIR-0000008,nir_adapt
MVI_1463_NIR,45,MVI_1463_NIR-0000009,nir_adapt
MVI_1463_NIR,50,MVI_1463_NIR-0000010,nir_adapt
MVI_1463_NIR,55,MVI_1463_NIR-0000011,nir_adapt
MVI_1463_NIR,60,MVI_1463_NIR-0000012,nir_adapt
MVI_1463_NIR,65,MVI_1463_NIR-0000013,nir_adapt
MVI_1463_NIR,70,MVI_1463_NIR-0000014,nir_adapt
MVI_1463_NIR,75,MVI_1463_NIR-0000015,nir_adapt
MVI_1463_NIR,80,MVI_1463_NIR-0000016,nir_adapt
MVI_1463_NIR,85,MVI_1463_NIR-0000017,nir_adapt
MVI_1463_NIR,90,MVI_1463_NIR-0000018,nir_adapt
MVI_1463_NIR,95,MVI_1463_NIR-0000019,nir_adapt
MVI_1463_NIR,100,MVI_1463_NIR-0000020,nir_adapt
MVI_1463_NIR,105,MVI_1463_NIR-0000021,nir_adapt
MVI_1463_NIR,110,MVI_1463_NIR-0000022,nir_adapt
MVI_1463_NIR,115,MVI_1463_NIR-0000023,nir_adapt
MVI_1463_NIR,120,MVI_1463_NIR-0000024,nir_adapt
MVI_1463_NIR,125,MVI_1463_NIR-0000025,nir_adapt
MVI_1463_NIR,130,MVI_1463_NIR-0000026,nir_adapt
MVI_1463_NIR,135,MVI_1463_NIR-0000027,nir_adapt
MVI_1463_NIR,140,MVI_1463_NIR-0000028,nir_adapt
MVI_1463_NIR,145,MVI_1463_NIR-0000029,nir_adapt
MVI_1463_NIR,150,MVI_1463_NIR-0000030,nir_adapt
MVI_1463_NIR,155,MVI_1463_NIR-0000031,nir_adapt
MVI_1463_NIR,160,MVI_1463_NIR-0000032,nir_adapt
MVI_1463_NIR,165,MVI_1463_NIR-0000033,nir_adapt
MVI_1463_NIR,170,MVI_1463_NIR-0000034,nir_adapt
MVI_1463_NIR,175,MVI_1463_NIR-0000035,nir_adapt
MVI_1463_NIR,180,MVI_1463_NIR-0000036,nir_adapt
MVI_1463_NIR,185,MVI_1463_NIR-0000037,nir_adapt
MVI_1463_NIR,190,MVI_1463_NIR-0000038,nir_adapt
MVI_1463_NIR,195,MVI_1463_NIR-0000039,nir_adapt
MVI_1463_NIR,200,MVI_1463_NIR-0000040,nir_adapt
MVI_1463_NIR,205,MVI_1463_NIR-0000041,nir_adapt
MVI_1463_NIR,210,MVI_1463_NIR-0000042,nir_adapt
MVI_1463_NIR,215,MVI_1463_NIR-0000043,nir_adapt
MVI_1463_NIR,220,MVI_1463_NIR-0000044,nir_adapt
MVI_1463_NIR,225,MVI_1463_NIR-0000045,nir_adapt
MVI_1463_NIR,230,MVI_1463_NIR-0000046,nir_adapt
MVI_1463_NIR,235,MVI_1463_NIR-0000047,nir_adapt
MVI_1463_NIR,240,MVI_1463_NIR-0000048,nir_adapt
MVI_1463_NIR,245,MVI_1463_NIR-0000049,nir_adapt
MVI_1463_NIR,250,MVI_1463_NIR-0000050,nir_adapt
MVI_1463_NIR,255,MVI_1463_NIR-0000051,nir_adapt
MVI_1463_NIR,260,MVI_1463_NIR-0000052,nir_adapt
MVI_1463_NIR,265,MVI_1463_NIR-0000053,nir_adapt
MVI_1463_NIR,270,MVI_1463_NIR-0000054,nir_adapt
MVI_1463_NIR,275,MVI_1463_NIR-0000055,nir_adapt
MVI_1463_NIR,280,MVI_1463_NIR-0000056,nir_adapt
MVI_1463_NIR,285,MVI_1463_NIR-0000057,nir_adapt
MVI_1463_NIR,290,MVI_1463_NIR-0000058,nir_adapt
MVI_1463_NIR,295,MVI_1463_NIR-0000059,nir_adapt
MVI_1463_NIR,300,MVI_1463_NIR-0000060,nir_adapt
MVI_1463_NIR,305,MVI_1463_NIR-0000061,nir_adapt
MVI_1463_NIR,310,MVI_1463_NIR-0000062,nir_adapt
MVI_1463_NIR,315,MVI_1463_NIR-0000063,nir_adapt
MVI_1468_NIR,0,MVI_1468_NIR-0000000,nir_adapt
MVI_1468_NIR,5,MVI_1468_NIR-0000001,nir_adapt
MVI_1468_NIR,10,MVI_1468_NIR-0000002,nir_adapt
MVI_1468_NIR,15,MVI_1468_NIR-0000003,nir_adapt
MVI_1468_NIR,20,MVI_1468_NIR-0000004,nir_adapt
MVI_1468_NIR,25,MVI_1468_NIR-0000005,nir_adapt
MVI_1468_NIR,30,MVI_1468_NIR-0000006,nir_adapt
MVI_1468_NIR,35,MVI_1468_NIR-0000007,nir_adapt
MVI_1468_NIR,40,MVI_1468_NIR-0000008,nir_adapt
MVI_1468_NIR,45,MVI_1468_NIR-0000009,nir_adapt
MVI_1468_NIR,50,MVI_1468_NIR-0000010,nir_adapt
MVI_1468_NIR,55,MVI_1468_NIR-0000011,nir_adapt
MVI_1468_NIR,60,MVI_1468_NIR-0000012,nir_adapt
MVI_1468_NIR,65,MVI_1468_NIR-0000013,nir_adapt
MVI_1468_NIR,70,MVI_1468_NIR-0000014,nir_adapt
MVI_1468_NIR,75,MVI_1468_NIR-0000015,nir_adapt
MVI_1468_NIR,80,MVI_1468_NIR-0000016,nir_adapt
MVI_1468_NIR,85,MVI_1468_NIR-0000017,nir_adapt
MVI_1468_NIR,90,MVI_1468_NIR-0000018,nir_adapt
MVI_1468_NIR,95,MVI_1468_NIR-0000019,nir_adapt
MVI_1468_NIR,100,MVI_1468_NIR-0000020,nir_adapt
MVI_1468_NIR,105,MVI_1468_NIR-0000021,nir_adapt
MVI_1468_NIR,110,MVI_1468_NIR-0000022,nir_adapt
MVI_1468_NIR,115,MVI_1468_NIR-0000023,nir_adapt
MVI_1468_NIR,120,MVI_1468_NIR-0000024,nir_adapt
MVI_1468_NIR,125,MVI_1468_NIR-0000025,nir_adapt
MVI_1468_NIR,130,MVI_1468_NIR-0000026,nir_adapt
MVI_1468_NIR,135,MVI_1468_NIR-0000027,nir_adapt
MVI_1468_NIR,140,MVI_1468_NIR-0000028,nir_adapt
MVI_1468_NIR,145,MVI_1468_NIR-0000029,nir_adapt
MVI_1468_NIR,150,MVI_1468_NIR-0000030,nir_adapt
MVI_1468_NIR,155,MVI_1468_NIR-0000031,nir_adapt
MVI_1468_NIR,160,MVI_1468_NIR-0000032,nir_adapt
MVI_1468_NIR,165,MVI_1468_NIR-0000033,nir_adapt
MVI_1468_NIR,170,MVI_1468_NIR-0000034,nir_adapt
MVI_1468_NIR,175,MVI_1468_NIR-0000035,nir_adapt
MVI_1468_NIR,180,MVI_1468_NIR-0000036,nir_adapt
MVI_1468_NIR,185,MVI_1468_NIR-0000037,nir_adapt
MVI_1468_NIR,190,MVI_1468_NIR-0000038,nir_adapt
MVI_1468_NIR,195,MVI_1468_NIR-0000039,nir_adapt
MVI_1468_NIR,200,MVI_1468_NIR-0000040,nir_adapt
MVI_1468_NIR,205,MVI_1468_NIR-0000041,nir_adapt
MVI_1468_NIR,210,MVI_1468_NIR-0000042,nir_adapt
MVI_1468_NIR,215,MVI_1468_NIR-0000043,nir_adapt
MVI_1468_NIR,220,MVI_1468_NIR-0000044,nir_adapt
MVI_1468_NIR,225,MVI_1468_NIR-0000045,nir_adapt
MVI_1468_NIR,230,MVI_1468_NIR-0000046,nir_adapt
MVI_1468_NIR,235,MVI_1468_NIR-0000047,nir_adapt
MVI_1468_NIR,240,MVI_1468_NIR-0000048,nir_adapt
MVI_1468_NIR,245,MVI_1468_NIR-0000049,nir_adapt
MVI_1468_NIR,250,MVI_1468_NIR-0000050,nir_adapt
MVI_1468_NIR,255,MVI_1468_NIR-0000051,nir_adapt
MVI_1468_NIR,260,MVI_1468_NIR-0000052,nir_adapt
MVI_1468_NIR,265,MVI_1468_NIR-0000053,nir_adapt
MVI_1468_NIR,270,MVI_1468_NIR-0000054,nir_adapt
MVI_1468_NIR,275,MVI_1468_NIR-0000055,nir_adapt
MVI_1468_NIR,280,MVI_1468_NIR-0000056,nir_adapt
MVI_1468_NIR,285,MVI_1468_NIR-0000057,nir_adapt
MVI_1468_NIR,290,MVI_1468_NIR-0000058,nir_adapt
MVI_1468_NIR,295,MVI_1468_NIR-0000059,nir_adapt
MVI_1468_NIR,300,MVI_1468_NIR-0000060,nir_adapt
MVI_1468_NIR,305,MVI_1468_NIR-0000061,nir_adapt
MVI_1468_NIR,310,MVI_1468_NIR-0000062,nir_adapt
MVI_1468_NIR,315,MVI_1468_NIR-0000063,nir_adapt
MVI_1468_NIR,320,MVI_1468_NIR-0000064,nir_adapt
MVI_1468_NIR,325,MVI_1468_NIR-0000065,nir_adapt
MVI_1468_NIR,330,MVI_1468_NIR-0000066,nir_adapt
MVI_1468_NIR,335,MVI_1468_NIR-0000067,nir_adapt
MVI_1468_NIR,340,MVI_1468_NIR-0000068,nir_adapt
MVI_1468_NIR,345,MVI_1468_NIR-0000069,nir_adapt
MVI_1469_VIS,0,MVI_1469_VIS-0000000,clear_train
MVI_1469_VIS,5,MVI_1469_VIS-0000001,clear_train
MVI_1469_VIS,10,MVI_1469_VIS-0000002,clear_train
MVI_1469_VIS,15,MVI_1469_VIS-0000003,clear_train
MVI_1469_VIS,20,MVI_1469_VIS-0000004,clear_train
MVI_1469_VIS,25,MVI_1469_VIS-0000005,clear_train
MVI_1469_VIS,30,MVI_1469_VIS-0000006,clear_train
MVI_1469_VIS,35,MVI_1469_VIS-0000007,clear_train
MVI_1469_VIS,40,MVI_1469_VIS-0000008,clear_train
MVI_1469_VIS,45,MVI_1469_VIS-0000009,clear_train
MVI_1469_VIS,50,MVI_1469_VIS-0000010,clear_train
MVI_1469_VIS,55,MVI_1469_VIS-0000011,clear_train
MVI_1469_VIS,60,MVI_1469_VIS-0000012,clear_train
MVI_1469_VIS,65,MVI_1469_VIS-0000013,clear_train
MVI_1469_VIS,70,MVI_1469_VIS-0000014,clear_train
MVI_1469_VIS,75,MVI_1469_VIS-0000015,clear_train
MVI_1469_VIS,80,MVI_1469_VIS-0000016,clear_train
MVI_1469_VIS,85,MVI_1469_VIS-0000017,clear_train
MVI_1469_VIS,90,MVI_1469_VIS-0000018,clear_train
MVI_1469_VIS,95,MVI_1469_VIS-0000019,clear_train
MVI_1469_VIS,100,MVI_1469_VIS-0000020,clear_train
MVI_1469_VIS,105,MVI_1469_VIS-0000021,clear_train
MVI_1469_VIS,110,MVI_1469_VIS-0000022,clear_train
MVI_1469_VIS,115,MVI_1469_VIS-0000023,clear_train
MVI_1469_VIS,120,MVI_1469_VIS-0000024,clear_train
MVI_1469_VIS,125,MVI_1469_VIS-0000025,clear_train
MVI_1469_VIS,130,MVI_1469_VIS-0000026,clear_train
MVI_1469_VIS,135,MVI_1469_VIS-0000027,clear_train
MVI_1469_VIS,140,MVI_1469_VIS-0000028,clear_train
MVI_1469_VIS,145,MVI_1469_VIS-0000029,clear_train
MVI_1469_VIS,150,MVI_1469_VIS-0000030,clear_train
MVI_1469_VIS,155,MVI_1469_VIS-0000031,clear_train
MVI_1469_VIS,160,MVI_1469_VIS-0000032,clear_train
MVI_1469_VIS,165,MVI_1469_VIS-0000033,clear_train
MVI_1469_VIS,170,MVI_1469_VIS-0000034,clear_train
MVI_1469_VIS,175,MVI_1469_VIS-0000035,clear_train
MVI_1469_VIS,180,MVI_1469_VIS-0000036,clear_train
MVI_1469_VIS,185,MVI_1469_VIS-0000037,clear_train
MVI_1469_VIS,190,MVI_1469_VIS-0000038,clear_train
MVI_1469_VIS,195,MVI_1469_VIS-0000039,clear_train
MVI_1469_VIS,200,MVI_1469_VIS-0000040,clear_train
MVI_1469_VIS,205,MVI_1469_VIS-0000041,clear_train
MVI_1469_VIS,210,MVI_1469_VIS-0000042,clear_train
MVI_1469_VIS,215,MVI_1469_VIS-0000043,clear_train
MVI_1469_VIS,220,MVI_1469_VIS-0000044,clear_train
MVI_1469_VIS,225,MVI_1469_VIS-0000045,clear_train
MVI_1469_VIS,230,MVI_1469_VIS-0000046,clear_train
MVI_1469_VIS,235,MVI_1469_VIS-0000047,clear_train
MVI_1469_VIS,240,MVI_1469_VIS-0000048,clear_train
MVI_1469_VIS,245,MVI_1469_VIS-0000049,clear_train
MVI_1469_VIS,250,MVI_1469_VIS-0000050,clear_train
MVI_1469_VIS,255,MVI_1469_VIS-0000051,clear_train
MVI_1469_VIS,260,MVI_1469_VIS-0000052,clear_train
MVI_1469_VIS,265,MVI_1469_VIS-0000053,clear_train
MVI_1469_VIS,270,MVI_1469_VIS-0000054,clear_train
MVI_1469_VIS,275,MVI_1469_VIS-0000055,clear_train
MVI_1469_VIS,280,MVI_1469_VIS-0000056,clear_train
MVI_1469_VIS,285,MVI_1469_VIS-0000057,clear_train
MVI_1469_VIS,290,MVI_1469_VIS-0000058,clear_train
MVI_1469_VIS,295,MVI_1469_VIS-0000059,clear_train
MVI_1469_VIS,300,MVI_1469_VIS-0000060,clear_train
MVI_1469_VIS,305,MVI_1469_VIS-0000061,clear_train
MVI_1469_VIS,310,MVI_1469_VIS-0000062,clear_train
MVI_1469_VIS,315,MVI_1469_VIS-0000063,clear_train
MVI_1469_VIS,320,MVI_1469_VIS-0000064,clear_train
MVI_1469_VIS,325,MVI_1469_VIS-0000065,clear_train
MVI_1469_VIS,330,MVI_1469_VIS-0000066,clear_train
MVI_1469_VIS,335,MVI_1469_VIS-0000067,clear_train
MVI_1469_VIS,340,MVI_1469_VIS-0000068,clear_train
MVI_1469_VIS,345,MVI_1469_VIS-0000069,clear_train
MVI_1469_VIS,350,MVI_1469_VIS-0000070,clear_train
MVI_1469_VIS,355,MVI_1469_VIS-0000071,clear_train
MVI_1469_VIS,360,MVI_1469_VIS-0000072,clear_train
MVI_1469_VIS,365,MVI_1469_VIS-0000073,clear_train
MVI_1469_VIS,370,MVI_1469_VIS-0000074,clear_train
MVI_1469_VIS,375,MVI_1469_VIS-0000075,clear_train
MVI_1469_VIS,380,MVI_1469_VIS-0000076,clear_train
MVI_1469_VIS,385,MVI_1469_VIS-0000077,clear_train
MVI_1469_VIS,390,MVI_1469_VIS-0000078,clear_train
MVI_1469_VIS,395,MVI_1469_VIS-0000079,clear_train
MVI_1469_VIS,400,MVI_1469_VIS-0000080,clear_train
MVI_1469_VIS,405,MVI_1469_VIS-0000081,clear_train
MVI_1469_VIS,410,MVI_1469_VIS-0000082,clear_train
MVI_1469_VIS,415,MVI_1469_VIS-0000083,clear_train
MVI_1469_VIS,420,MVI_1469_VIS-0000084,clear_train
MVI_1469_VIS,425,MVI_1469_VIS-0000085,clear_train
MVI_1469_VIS,430,MVI_1469_VIS-0000086,clear_train
MVI_1469_VIS,435,MVI_1469_VIS-0000087,clear_train
MVI_1469_VIS,440,MVI_1469_VIS-0000088,clear_train
MVI_1469_VIS,445,MVI_1469_VIS-0000089,clear_train
MVI_1469_VIS,450,MVI_1469_VIS-0000090,clear_train
MVI_1469_VIS,455,MVI_1469_VIS-0000091,clear_train
MVI_1469_VIS,460,MVI_1469_VIS-0000092,clear_train
MVI_1469_VIS,465,MVI_1469_VIS-0000093,clear_train
MVI_1469_VIS,470,MVI_1469_VIS-0000094,clear_train
MVI_1469_VIS,475,MVI_1469_VIS-0000095,clear_train
MVI_1469_VIS,480,MVI_1469_VIS-0000096,clear_train
MVI_1469_VIS,485,MVI_1469_VIS-0000097,clear_train
MVI_1469_VIS,490,MVI_1469_VIS-0000098,clear_train
MVI_1469_VIS,495,MVI_1469_VIS-0000099,clear_train
MVI_1469_VIS,500,MVI_1469_VIS-0000100,clear_train
MVI_1469_VIS,505,MVI_1469_VIS-0000101,clear_train
MVI_1469_VIS,510,MVI_1469_VIS-0000102,clear_train
MVI_1469_VIS,515,MVI_1469_VIS-0000103,clear_train
MVI_1469_VIS,520,MVI_1469_VIS-0000104,clear_train
MVI_1469_VIS,525,MVI_1469_VIS-0000105,clear_train
MVI_1469_VIS,530,MVI_1469_VIS-0000106,clear_train
MVI_1469_VIS,535,MVI_1469_VIS-0000107,clear_train
MVI_1469_VIS,540,MVI_1469_VIS-0000108,clear_train
MVI_1469_VIS,545,MVI_1469_VIS-0000109,clear_train
MVI_1469_VIS,550,MVI_1469_VIS-0000110,clear_train
MVI_1469_VIS,555,MVI_1469_VIS-0000111,clear_train
MVI_1469_VIS,560,MVI_1469_VIS-0000112,clear_train
MVI_1469_VIS,565,MVI_1469_VIS-0000113,clear_train
MVI_1469_VIS,570,MVI_1469_VIS-0000114,clear_train
MVI_1469_VIS,575,MVI_1469_VIS-0000115,clear_train
MVI_1469_VIS,580,MVI_1469_VIS-0000116,clear_train
MVI_1469_VIS,585,MVI_1469_VIS-0000117,clear_train
MVI_1469_VIS,590,MVI_1469_VIS-0000118,clear_train
MVI_1469_VIS,595,MVI_1469_VIS-0000119,clear_train
MVI_1474_VIS,0,MVI_1474_VIS-0000000,clear_calib
MVI_1474_VIS,5,MVI_1474_VIS-0000001,clear_calib
MVI_1474_VIS,10,MVI_1474_VIS-0000002,clear_calib
MVI_1474_VIS,15,MVI_1474_VIS-0000003,clear_calib
MVI_1474_VIS,20,MVI_1474_VIS-0000004,clear_calib
MVI_1474_VIS,25,MVI_1474_VIS-0000005,clear_calib
MVI_1474_VIS,30,MVI_1474_VIS-0000006,clear_calib
MVI_1474_VIS,35,MVI_1474_VIS-0000007,clear_calib
MVI_1474_VIS,40,MVI_1474_VIS-0000008,clear_calib
MVI_1474_VIS,45,MVI_1474_VIS-0000009,clear_calib
MVI_1474_VIS,50,MVI_1474_VIS-0000010,clear_calib
MVI_1474_VIS,55,MVI_1474_VIS-0000011,clear_calib
MVI_1474_VIS,60,MVI_1474_VIS-0000012,clear_calib
MVI_1474_VIS,65,MVI_1474_VIS-0000013,clear_calib
MVI_1474_VIS,70,MVI_1474_VIS-0000014,clear_calib
MVI_1474_VIS,75,MVI_1474_VIS-0000015,clear_calib
MVI_1474_VIS,80,MVI_1474_VIS-0000016,clear_calib
MVI_1474_VIS,85,MVI_1474_VIS-0000017,clear_calib
MVI_1474_VIS,90,MVI_1474_VIS-0000018,clear_calib
MVI_1474_VIS,95,MVI_1474_VIS-0000019,clear_calib
MVI_1474_VIS,100,MVI_1474_VIS-0000020,clear_calib
MVI_1474_VIS,105,MVI_1474_VIS-0000021,clear_calib
MVI_1474_VIS,110,MVI_1474_VIS-0000022,clear_calib
MVI_1474_VIS,115,MVI_1474_VIS-0000023,clear_calib
MVI_1474_VIS,120,MVI_1474_VIS-0000024,clear_calib
MVI_1474_VIS,125,MVI_1474_VIS-0000025,clear_calib
MVI_1474_VIS,130,MVI_1474_VIS-0000026,clear_calib
MVI_1474_VIS,135,MVI_1474_VIS-0000027,clear_calib
MVI_1474_VIS,140,MVI_1474_VIS-0000028,clear_calib
MVI_1474_VIS,145,MVI_1474_VIS-0000029,clear_calib
MVI_1474_VIS,150,MVI_1474_VIS-0000030,clear_calib
MVI_1474_VIS,155,MVI_1474_VIS-0000031,clear_calib
MVI_1474_VIS,160,MVI_1474_VIS-0000032,clear_calib
MVI_1474_VIS,165,MVI_1474_VIS-0000033,clear_calib
MVI_1474_VIS,170,MVI_1474_VIS-0000034,clear_calib
MVI_1474_VIS,175,MVI_1474_VIS-0000035,clear_calib
MVI_1474_VIS,180,MVI_1474_VIS-0000036,clear_calib
MVI_1474_VIS,185,MVI_1474_VIS-0000037,clear_calib
MVI_1474_VIS,190,MVI_1474_VIS-0000038,clear_calib
MVI_1474_VIS,195,MVI_1474_VIS-0000039,clear_calib
MVI_1474_VIS,200,MVI_1474_VIS-0000040,clear_calib
MVI_1474_VIS,205,MVI_1474_VIS-0000041,clear_calib
MVI_1474_VIS,210,MVI_1474_VIS-0000042,clear_calib
MVI_1474_VIS,215,MVI_1474_VIS-0000043,clear_calib
MVI_1474_VIS,220,MVI_1474_VIS-0000044,clear_calib
MVI_1474_VIS,225,MVI_1474_VIS-0000045,clear_calib
MVI_1474_VIS,230,MVI_1474_VIS-0000046,clear_calib
MVI_1474_VIS,235,MVI_1474_VIS-0000047,clear_calib
MVI_1474_VIS,240,MVI_1474_VIS-0000048,clear_calib
MVI_1474_VIS,245,MVI_1474_VIS-0000049,clear_calib
MVI_1474_VIS,250,MVI_1474_VIS-0000050,clear_calib
MVI_1474_VIS,255,MVI_1474_VIS-0000051,clear_calib
MVI_1474_VIS,260,MVI_1474_VIS-0000052,clear_calib
MVI_1474_VIS,265,MVI_1474_VIS-0000053,clear_calib
MVI_1474_VIS,270,MVI_1474_VIS-0000054,clear_calib
MVI_1474_VIS,275,MVI_1474_VIS-0000055,clear_calib
MVI_1474_VIS,280,MVI_1474_VIS-0000056,clear_calib
MVI_1474_VIS,285,MVI_1474_VIS-0000057,clear_calib
MVI_1474_VIS,290,MVI_1474_VIS-0000058,clear_calib
MVI_1474_VIS,295,MVI_1474_VIS-0000059,clear_calib
MVI_1474_VIS,300,MVI_1474_VIS-0000060,clear_calib
MVI_1474_VIS,305,MVI_1474_VIS-0000061,clear_calib
MVI_1474_VIS,310,MVI_1474_VIS-0000062,clear_calib
MVI_1474_VIS,315,MVI_1474_VIS-0000063,clear_calib
MVI_1474_VIS,320,MVI_1474_VIS-0000064,clear_calib
MVI_1474_VIS,325,MVI_1474_VIS-0000065,clear_calib
MVI_1474_VIS,330,MVI_1474_VIS-0000066,clear_calib
MVI_1474_VIS,335,MVI_1474_VIS-0000067,clear_calib
MVI_1474_VIS,340,MVI_1474_VIS-0000068,clear_calib
MVI_1474_VIS,345,MVI_1474_VIS-0000069,clear_calib
MVI_1474_VIS,350,MVI_1474_VIS-0000070,clear_calib
MVI_1474_VIS,355,MVI_1474_VIS-0000071,clear_calib
MVI_1474_VIS,360,MVI_1474_VIS-0000072,clear_calib
MVI_1474_VIS,365,MVI_1474_VIS-0000073,clear_calib
MVI_1474_VIS,370,MVI_1474_VIS-0000074,clear_calib
MVI_1474_VIS,375,MVI_1474_VIS-0000075,clear_calib
MVI_1474_VIS,380,MVI_1474_VIS-0000076,clear_calib
MVI_1474_VIS,385,MVI_1474_VIS-0000077,clear_calib
MVI_1474_VIS,390,MVI_1474_VIS-0000078,clear_calib
MVI_1474_VIS,395,MVI_1474_VIS-0000079,clear_calib
MVI_1474_VIS,400,MVI_1474_VIS-0000080,clear_calib
MVI_1474_VIS,405,MVI_1474_VIS-0000081,clear_calib
MVI_1474_VIS,410,MVI_1474_VIS-0000082,clear_calib
MVI_1474_VIS,415,MVI_1474_VIS-0000083,clear_calib
MVI_1474_VIS,420,MVI_1474_VIS-0000084,clear_calib
MVI_1474_VIS,425,MVI_1474_VIS-0000085,clear_calib
MVI_1474_VIS,430,MVI_1474_VIS-0000086,clear_calib
MVI_1474_VIS,435,MVI_1474_VIS-0000087,clear_calib
MVI_1474_VIS,440,MVI_1474_VIS-0000088,clear_calib
MVI_1478_VIS,0,MVI_1478_VIS-0000000,clear_val
MVI_1478_VIS,5,MVI_1478_VIS-0000001,clear_val
MVI_1478_VIS,10,MVI_1478_VIS-0000002,clear_val
MVI_1478_VIS,15,MVI_1478_VIS-0000003,clear_val
MVI_1478_VIS,20,MVI_1478_VIS-0000004,clear_val
MVI_1478_VIS,25,MVI_1478_VIS-0000005,clear_val
MVI_1478_VIS,30,MVI_1478_VIS-0000006,clear_val
MVI_1478_VIS,35,MVI_1478_VIS-0000007,clear_val
MVI_1478_VIS,40,MVI_1478_VIS-0000008,clear_val
MVI_1478_VIS,45,MVI_1478_VIS-0000009,clear_val
MVI_1478_VIS,50,MVI_1478_VIS-0000010,clear_val
MVI_1478_VIS,55,MVI_1478_VIS-0000011,clear_val
MVI_1478_VIS,60,MVI_1478_VIS-0000012,clear_val
MVI_1478_VIS,65,MVI_1478_VIS-0000013,clear_val
MVI_1478_VIS,70,MVI_1478_VIS-0000014,clear_val
MVI_1478_VIS,75,MVI_1478_VIS-0000015,clear_val
MVI_1478_VIS,80,MVI_1478_VIS-0000016,clear_val
MVI_1478_VIS,85,MVI_1478_VIS-0000017,clear_val
MVI_1478_VIS,90,MVI_1478_VIS-0000018,clear_val
MVI_1478_VIS,95,MVI_1478_VIS-0000019,clear_val
MVI_1478_VIS,100,MVI_1478_VIS-0000020,clear_val
MVI_1478_VIS,105,MVI_1478_VIS-0000021,clear_val
MVI_1478_VIS,110,MVI_1478_VIS-0000022,clear_val
MVI_1478_VIS,115,MVI_1478_VIS-0000023,clear_val
MVI_1478_VIS,120,MVI_1478_VIS-0000024,clear_val
MVI_1478_VIS,125,MVI_1478_VIS-0000025,clear_val
MVI_1478_VIS,130,MVI_1478_VIS-0000026,clear_val
MVI_1478_VIS,135,MVI_1478_VIS-0000027,clear_val
MVI_1478_VIS,140,MVI_1478_VIS-0000028,clear_val
MVI_1478_VIS,145,MVI_1478_VIS-0000029,clear_val
MVI_1478_VIS,150,MVI_1478_VIS-0000030,clear_val
MVI_1478_VIS,155,MVI_1478_VIS-0000031,clear_val
MVI_1478_VIS,160,MVI_1478_VIS-0000032,clear_val
MVI_1478_VIS,165,MVI_1478_VIS-0000033,clear_val
MVI_1478_VIS,170,MVI_1478_VIS-0000034,clear_val
MVI_1478_VIS,175,MVI_1478_VIS-0000035,clear_val
MVI_1478_VIS,180,MVI_1478_VIS-0000036,clear_val
MVI_1478_VIS,185,MVI_1478_VIS-0000037,clear_val
MVI_1478_VIS,190,MVI_1478_VIS-0000038,clear_val
MVI_1478_VIS,195,MVI_1478_VIS-0000039,clear_val
MVI_1478_VIS,200,MVI_1478_VIS-0000040,clear_val
MVI_1478_VIS,205,MVI_1478_VIS-0000041,clear_val
MVI_1478_VIS,210,MVI_1478_VIS-0000042,clear_val
MVI_1478_VIS,215,MVI_1478_VIS-0000043,clear_val
MVI_1478_VIS,220,MVI_1478_VIS-0000044,clear_val
MVI_1478_VIS,225,MVI_1478_VIS-0000045,clear_val
MVI_1478_VIS,230,MVI_1478_VIS-0000046,clear_val
MVI_1478_VIS,235,MVI_1478_VIS-0000047,clear_val
MVI_1478_VIS,240,MVI_1478_VIS-0000048,clear_val
MVI_1478_VIS,245,MVI_1478_VIS-0000049,clear_val
MVI_1478_VIS,250,MVI_1478_VIS-0000050,clear_val
MVI_1478_VIS,255,MVI_1478_VIS-0000051,clear_val
MVI_1478_VIS,260,MVI_1478_VIS-0000052,clear_val
MVI_1478_VIS,265,MVI_1478_VIS-0000053,clear_val
MVI_1478_VIS,270,MVI_1478_VIS-0000054,clear_val
MVI_1478_VIS,275,MVI_1478_VIS-0000055,clear_val
MVI_1478_VIS,280,MVI_1478_VIS-0000056,clear_val
MVI_1478_VIS,285,MVI_1478_VIS-0000057,clear_val
MVI_1478_VIS,290,MVI_1478_VIS-0000058,clear_val
MVI_1478_VIS,295,MVI_1478_VIS-0000059,clear_val
MVI_1478_VIS,300,MVI_1478_VIS-0000060,clear_val
MVI_1478_VIS,305,MVI_1478_VIS-0000061,clear_val
MVI_1478_VIS,310,MVI_1478_VIS-0000062,clear_val
MVI_1478_VIS,315,MVI_1478_VIS-0000063,clear_val
MVI_1478_VIS,320,MVI_1478_VIS-0000064,clear_val
MVI_1478_VIS,325,MVI_1478_VIS-0000065,clear_val
MVI_1478_VIS,330,MVI_1478_VIS-0000066,clear_val
MVI_1478_VIS,335,MVI_1478_VIS-0000067,clear_val
MVI_1478_VIS,340,MVI_1478_VIS-0000068,clear_val
MVI_1478_VIS,345,MVI_1478_VIS-0000069,clear_val
MVI_1478_VIS,350,MVI_1478_VIS-0000070,clear_val
MVI_1478_VIS,355,MVI_1478_VIS-0000071,clear_val
MVI_1478_VIS,360,MVI_1478_VIS-0000072,clear_val
MVI_1478_VIS,365,MVI_1478_VIS-0000073,clear_val
MVI_1478_VIS,370,MVI_1478_VIS-0000074,clear_val
MVI_1478_VIS,375,MVI_1478_VIS-0000075,clear_val
MVI_1478_VIS,380,MVI_1478_VIS-0000076,clear_val
MVI_1478_VIS,385,MVI_1478_VIS-0000077,clear_val
MVI_1478_VIS,390,MVI_1478_VIS-0000078,clear_val
MVI_1478_VIS,395,MVI_1478_VIS-0000079,clear_val
MVI_1478_VIS,400,MVI_1478_VIS-0000080,clear_val
MVI_1478_VIS,405,MVI_1478_VIS-0000081,clear_val
MVI_1478_VIS,410,MVI_1478_VIS-0000082,clear_val
MVI_1478_VIS,415,MVI_1478_VIS-0000083,clear_val
MVI_1478_VIS,420,MVI_1478_VIS-0000084,clear_val
MVI_1478_VIS,425,MVI_1478_VIS-0000085,clear_val
MVI_1478_VIS,430,MVI_1478_VIS-0000086,clear_val
MVI_1478_VIS,435,MVI_1478_VIS-0000087,clear_val
MVI_1478_VIS,440,MVI_1478_VIS-0000088,clear_val
MVI_1478_VIS,445,MVI_1478_VIS-0000089,clear_val
MVI_1478_VIS,450,MVI_1478_VIS-0000090,clear_val
MVI_1478_VIS,455,MVI_1478_VIS-0000091,clear_val
MVI_1478_VIS,460,MVI_1478_VIS-0000092,clear_val
MVI_1478_VIS,465,MVI_1478_VIS-0000093,clear_val
MVI_1478_VIS,470,MVI_1478_VIS-0000094,clear_val
MVI_1478_VIS,475,MVI_1478_VIS-0000095,clear_val
MVI_1479_VIS,0,MVI_1479_VIS-0000000,clear_val
MVI_1479_VIS,5,MVI_1479_VIS-0000001,clear_val
MVI_1479_VIS,10,MVI_1479_VIS-0000002,clear_val
MVI_1479_VIS,15,MVI_1479_VIS-0000003,clear_val
MVI_1479_VIS,20,MVI_1479_VIS-0000004,clear_val
MVI_1479_VIS,25,MVI_1479_VIS-0000005,clear_val
MVI_1479_VIS,30,MVI_1479_VIS-0000006,clear_val
MVI_1479_VIS,35,MVI_1479_VIS-0000007,clear_val
MVI_1479_VIS,40,MVI_1479_VIS-0000008,clear_val
MVI_1479_VIS,45,MVI_1479_VIS-0000009,clear_val
MVI_1479_VIS,50,MVI_1479_VIS-0000010,clear_val
MVI_1479_VIS,55,MVI_1479_VIS-0000011,clear_val
MVI_1479_VIS,60,MVI_1479_VIS-0000012,clear_val
MVI_1479_VIS,65,MVI_1479_VIS-0000013,clear_val
MVI_1479_VIS,70,MVI_1479_VIS-0000014,clear_val
MVI_1479_VIS,75,MVI_1479_VIS-0000015,clear_val
MVI_1479_VIS,80,MVI_1479_VIS-0000016,clear_val
MVI_1479_VIS,85,MVI_1479_VIS-0000017,clear_val
MVI_1479_VIS,90,MVI_1479_VIS-0000018,clear_val
MVI_1479_VIS,95,MVI_1479_VIS-0000019,clear_val
MVI_1479_VIS,100,MVI_1479_VIS-0000020,clear_val
MVI_1479_VIS,105,MVI_1479_VIS-0000021,clear_val
MVI_1479_VIS,110,MVI_1479_VIS-0000022,clear_val
MVI_1479_VIS,115,MVI_1479_VIS-0000023,clear_val
MVI_1479_VIS,120,MVI_1479_VIS-0000024,clear_val
MVI_1479_VIS,125,MVI_1479_VIS-0000025,clear_val
MVI_1479_VIS,130,MVI_1479_VIS-0000026,clear_val
MVI_1479_VIS,135,MVI_1479_VIS-0000027,clear_val
MVI_1479_VIS,140,MVI_1479_VIS-0000028,clear_val
MVI_1479_VIS,145,MVI_1479_VIS-0000029,clear_val
MVI_1479_VIS,150,MVI_1479_VIS-0000030,clear_val
MVI_1479_VIS,155,MVI_1479_VIS-0000031,clear_val
MVI_1479_VIS,160,MVI_1479_VIS-0000032,clear_val
MVI_1479_VIS,165,MVI_1479_VIS-0000033,clear_val
MVI_1479_VIS,170,MVI_1479_VIS-0000034,clear_val
MVI_1479_VIS,175,MVI_1479_VIS-0000035,clear_val
MVI_1479_VIS,180,MVI_1479_VIS-0000036,clear_val
MVI_1479_VIS,185,MVI_1479_VIS-0000037,clear_val
MVI_1479_VIS,190,MVI_1479_VIS-0000038,clear_val
MVI_1479_VIS,195,MVI_1479_VIS-0000039,clear_val
MVI_1479_VIS,200,MVI_1479_VIS-0000040,clear_val
MVI_1479_VIS,205,MVI_1479_VIS-0000041,clear_val
MVI_1481_VIS,0,MVI_1481_VIS-0000000,clear_train
MVI_1481_VIS,5,MVI_1481_VIS-0000001,clear_train
MVI_1481_VIS,10,MVI_1481_VIS-0000002,clear_train
MVI_1481_VIS,15,MVI_1481_VIS-0000003,clear_train
MVI_1481_VIS,20,MVI_1481_VIS-0000004,clear_train
MVI_1481_VIS,25,MVI_1481_VIS-0000005,clear_train
MVI_1481_VIS,30,MVI_1481_VIS-0000006,clear_train
MVI_1481_VIS,35,MVI_1481_VIS-0000007,clear_train
MVI_1481_VIS,40,MVI_1481_VIS-0000008,clear_train
MVI_1481_VIS,45,MVI_1481_VIS-0000009,clear_train
MVI_1481_VIS,50,MVI_1481_VIS-0000010,clear_train
MVI_1481_VIS,55,MVI_1481_VIS-0000011,clear_train
MVI_1481_VIS,60,MVI_1481_VIS-0000012,clear_train
MVI_1481_VIS,65,MVI_1481_VIS-0000013,clear_train
MVI_1481_VIS,70,MVI_1481_VIS-0000014,clear_train
MVI_1481_VIS,75,MVI_1481_VIS-0000015,clear_train
MVI_1481_VIS,80,MVI_1481_VIS-0000016,clear_train
MVI_1481_VIS,85,MVI_1481_VIS-0000017,clear_train
MVI_1481_VIS,90,MVI_1481_VIS-0000018,clear_train
MVI_1481_VIS,95,MVI_1481_VIS-0000019,clear_train
MVI_1481_VIS,100,MVI_1481_VIS-0000020,clear_train
MVI_1481_VIS,105,MVI_1481_VIS-0000021,clear_train
MVI_1481_VIS,110,MVI_1481_VIS-0000022,clear_train
MVI_1481_VIS,115,MVI_1481_VIS-0000023,clear_train
MVI_1481_VIS,120,MVI_1481_VIS-0000024,clear_train
MVI_1481_VIS,125,MVI_1481_VIS-0000025,clear_train
MVI_1481_VIS,130,MVI_1481_VIS-0000026,clear_train
MVI_1481_VIS,135,MVI_1481_VIS-0000027,clear_train
MVI_1481_VIS,140,MVI_1481_VIS-0000028,clear_train
MVI_1481_VIS,145,MVI_1481_VIS-0000029,clear_train
MVI_1481_VIS,150,MVI_1481_VIS-0000030,clear_train
MVI_1481_VIS,155,MVI_1481_VIS-0000031,clear_train
MVI_1481_VIS,160,MVI_1481_VIS-0000032,clear_train
MVI_1481_VIS,165,MVI_1481_VIS-0000033,clear_train
MVI_1481_VIS,170,MVI_1481_VIS-0000034,clear_train
MVI_1481_VIS,175,MVI_1481_VIS-0000035,clear_train
MVI_1481_VIS,180,MVI_1481_VIS-0000036,clear_train
MVI_1481_VIS,185,MVI_1481_VIS-0000037,clear_train
MVI_1481_VIS,190,MVI_1481_VIS-0000038,clear_train
MVI_1481_VIS,195,MVI_1481_VIS-0000039,clear_train
MVI_1481_VIS,200,MVI_1481_VIS-0000040,clear_train
MVI_1481_VIS,205,MVI_1481_VIS-0000041,clear_train
MVI_1481_VIS,210,MVI_1481_VIS-0000042,clear_train
MVI_1481_VIS,215,MVI_1481_VIS-0000043,clear_train
MVI_1481_VIS,220,MVI_1481_VIS-0000044,clear_train
MVI_1481_VIS,225,MVI_1481_VIS-0000045,clear_train
MVI_1481_VIS,230,MVI_1481_VIS-0000046,clear_train
MVI_1481_VIS,235,MVI_1481_VIS-0000047,clear_train
MVI_1481_VIS,240,MVI_1481_VIS-0000048,clear_train
MVI_1481_VIS,245,MVI_1481_VIS-0000049,clear_train
MVI_1481_VIS,250,MVI_1481_VIS-0000050,clear_train
MVI_1481_VIS,255,MVI_1481_VIS-0000051,clear_train
MVI_1481_VIS,260,MVI_1481_VIS-0000052,clear_train
MVI_1481_VIS,265,MVI_1481_VIS-0000053,clear_train
MVI_1481_VIS,270,MVI_1481_VIS-0000054,clear_train
MVI_1481_VIS,275,MVI_1481_VIS-0000055,clear_train
MVI_1481_VIS,280,MVI_1481_VIS-0000056,clear_train
MVI_1481_VIS,285,MVI_1481_VIS-0000057,clear_train
MVI_1481_VIS,290,MVI_1481_VIS-0000058,clear_train
MVI_1481_VIS,295,MVI_1481_VIS-0000059,clear_train
MVI_1481_VIS,300,MVI_1481_VIS-0000060,clear_train
MVI_1481_VIS,305,MVI_1481_VIS-0000061,clear_train
MVI_1481_VIS,310,MVI_1481_VIS-0000062,clear_train
MVI_1481_VIS,315,MVI_1481_VIS-0000063,clear_train
MVI_1481_VIS,320,MVI_1481_VIS-0000064,clear_train
MVI_1481_VIS,325,MVI_1481_VIS-0000065,clear_train
MVI_1481_VIS,330,MVI_1481_VIS-0000066,clear_train
MVI_1481_VIS,335,MVI_1481_VIS-0000067,clear_train
MVI_1481_VIS,340,MVI_1481_VIS-0000068,clear_train
MVI_1481_VIS,345,MVI_1481_VIS-0000069,clear_train
MVI_1481_VIS,350,MVI_1481_VIS-0000070,clear_train
MVI_1481_VIS,355,MVI_1481_VIS-0000071,clear_train
MVI_1481_VIS,360,MVI_1481_VIS-0000072,clear_train
MVI_1481_VIS,365,MVI_1481_VIS-0000073,clear_train
MVI_1481_VIS,370,MVI_1481_VIS-0000074,clear_train
MVI_1481_VIS,375,MVI_1481_VIS-0000075,clear_train
MVI_1481_VIS,380,MVI_1481_VIS-0000076,clear_train
MVI_1481_VIS,385,MVI_1481_VIS-0000077,clear_train
MVI_1481_VIS,390,MVI_1481_VIS-0000078,clear_train
MVI_1481_VIS,395,MVI_1481_VIS-0000079,clear_train
MVI_1481_VIS,400,MVI_1481_VIS-0000080,clear_train
MVI_1481_VIS,405,MVI_1481_VIS-0000081,clear_train
MVI_1482_VIS,0,MVI_1482_VIS-0000000,clear_val
MVI_1482_VIS,5,MVI_1482_VIS-0000001,clear_val
MVI_1482_VIS,10,MVI_1482_VIS-0000002,clear_val
MVI_1482_VIS,15,MVI_1482_VIS-0000003,clear_val
MVI_1482_VIS,20,MVI_1482_VIS-0000004,clear_val
MVI_1482_VIS,25,MVI_1482_VIS-0000005,clear_val
MVI_1482_VIS,30,MVI_1482_VIS-0000006,clear_val
MVI_1482_VIS,35,MVI_1482_VIS-0000007,clear_val
MVI_1482_VIS,40,MVI_1482_VIS-0000008,clear_val
MVI_1482_VIS,45,MVI_1482_VIS-0000009,clear_val
MVI_1482_VIS,50,MVI_1482_VIS-0000010,clear_val
MVI_1482_VIS,55,MVI_1482_VIS-0000011,clear_val
MVI_1482_VIS,60,MVI_1482_VIS-0000012,clear_val
MVI_1482_VIS,65,MVI_1482_VIS-0000013,clear_val
MVI_1482_VIS,70,MVI_1482_VIS-0000014,clear_val
MVI_1482_VIS,75,MVI_1482_VIS-0000015,clear_val
MVI_1482_VIS,80,MVI_1482_VIS-0000016,clear_val
MVI_1482_VIS,85,MVI_1482_VIS-0000017,clear_val
MVI_1482_VIS,90,MVI_1482_VIS-0000018,clear_val
MVI_1482_VIS,95,MVI_1482_VIS-0000019,clear_val
MVI_1482_VIS,100,MVI_1482_VIS-0000020,clear_val
MVI_1482_VIS,105,MVI_1482_VIS-0000021,clear_val
MVI_1482_VIS,110,MVI_1482_VIS-0000022,clear_val
MVI_1482_VIS,115,MVI_1482_VIS-0000023,clear_val
MVI_1482_VIS,120,MVI_1482_VIS-0000024,clear_val
MVI_1482_VIS,125,MVI_1482_VIS-0000025,clear_val
MVI_1482_VIS,130,MVI_1482_VIS-0000026,clear_val
MVI_1482_VIS,135,MVI_1482_VIS-0000027,clear_val
MVI_1482_VIS,140,MVI_1482_VIS-0000028,clear_val
MVI_1482_VIS,145,MVI_1482_VIS-0000029,clear_val
MVI_1482_VIS,150,MVI_1482_VIS-0000030,clear_val
MVI_1482_VIS,155,MVI_1482_VIS-0000031,clear_val
MVI_1482_VIS,160,MVI_1482_VIS-0000032,clear_val
MVI_1482_VIS,165,MVI_1482_VIS-0000033,clear_val
MVI_1482_VIS,170,MVI_1482_VIS-0000034,clear_val
MVI_1482_VIS,175,MVI_1482_VIS-0000035,clear_val
MVI_1482_VIS,180,MVI_1482_VIS-0000036,clear_val
MVI_1482_VIS,185,MVI_1482_VIS-0000037,clear_val
MVI_1482_VIS,190,MVI_1482_VIS-0000038,clear_val
MVI_1482_VIS,195,MVI_1482_VIS-0000039,clear_val
MVI_1482_VIS,200,MVI_1482_VIS-0000040,clear_val
MVI_1482_VIS,205,MVI_1482_VIS-0000041,clear_val
MVI_1482_VIS,210,MVI_1482_VIS-0000042,clear_val
MVI_1482_VIS,215,MVI_1482_VIS-0000043,clear_val
MVI_1482_VIS,220,MVI_1482_VIS-0000044,clear_val
MVI_1482_VIS,225,MVI_1482_VIS-0000045,clear_val
MVI_1482_VIS,230,MVI_1482_VIS-0000046,clear_val
MVI_1482_VIS,235,MVI_1482_VIS-0000047,clear_val
MVI_1482_VIS,240,MVI_1482_VIS-0000048,clear_val
MVI_1482_VIS,245,MVI_1482_VIS-0000049,clear_val
MVI_1482_VIS,250,MVI_1482_VIS-0000050,clear_val
MVI_1482_VIS,255,MVI_1482_VIS-0000051,clear_val
MVI_1482_VIS,260,MVI_1482_VIS-0000052,clear_val
MVI_1482_VIS,265,MVI_1482_VIS-0000053,clear_val
MVI_1482_VIS,270,MVI_1482_VIS-0000054,clear_val
MVI_1482_VIS,275,MVI_1482_VIS-0000055,clear_val
MVI_1482_VIS,280,MVI_1482_VIS-0000056,clear_val
MVI_1482_VIS,285,MVI_1482_VIS-0000057,clear_val
MVI_1482_VIS,290,MVI_1482_VIS-0000058,clear_val
MVI_1482_VIS,295,MVI_1482_VIS-0000059,clear_val
MVI_1482_VIS,300,MVI_1482_VIS-0000060,clear_val
MVI_1482_VIS,305,MVI_1482_VIS-0000061,clear_val
MVI_1482_VIS,310,MVI_1482_VIS-0000062,clear_val
MVI_1482_VIS,315,MVI_1482_VIS-0000063,clear_val
MVI_1482_VIS,320,MVI_1482_VIS-0000064,clear_val
MVI_1482_VIS,325,MVI_1482_VIS-0000065,clear_val
MVI_1482_VIS,330,MVI_1482_VIS-0000066,clear_val
MVI_1482_VIS,335,MVI_1482_VIS-0000067,clear_val
MVI_1482_VIS,340,MVI_1482_VIS-0000068,clear_val
MVI_1482_VIS,345,MVI_1482_VIS-0000069,clear_val
MVI_1482_VIS,350,MVI_1482_VIS-0000070,clear_val
MVI_1482_VIS,355,MVI_1482_VIS-0000071,clear_val
MVI_1482_VIS,360,MVI_1482_VIS-0000072,clear_val
MVI_1482_VIS,365,MVI_1482_VIS-0000073,clear_val
MVI_1482_VIS,370,MVI_1482_VIS-0000074,clear_val
MVI_1482_VIS,375,MVI_1482_VIS-0000075,clear_val
MVI_1482_VIS,380,MVI_1482_VIS-0000076,clear_val
MVI_1482_VIS,385,MVI_1482_VIS-0000077,clear_val
MVI_1482_VIS,390,MVI_1482_VIS-0000078,clear_val
MVI_1482_VIS,395,MVI_1482_VIS-0000079,clear_val
MVI_1482_VIS,400,MVI_1482_VIS-0000080,clear_val
MVI_1482_VIS,405,MVI_1482_VIS-0000081,clear_val
MVI_1482_VIS,410,MVI_1482_VIS-0000082,clear_val
MVI_1482_VIS,415,MVI_1482_VIS-0000083,clear_val
MVI_1482_VIS,420,MVI_1482_VIS-0000084,clear_val
MVI_1482_VIS,425,MVI_1482_VIS-0000085,clear_val
MVI_1482_VIS,430,MVI_1482_VIS-0000086,clear_val
MVI_1482_VIS,435,MVI_1482_VIS-0000087,clear_val
MVI_1482_VIS,440,MVI_1482_VIS-0000088,clear_val
MVI_1482_VIS,445,MVI_1482_VIS-0000089,clear_val
MVI_1482_VIS,450,MVI_1482_VIS-0000090,clear_val
MVI_1484_VIS,0,MVI_1484_VIS-0000000,clear_train
MVI_1484_VIS,5,MVI_1484_VIS-0000001,clear_train
MVI_1484_VIS,10,MVI_1484_VIS-0000002,clear_train
MVI_1484_VIS,15,MVI_1484_VIS-0000003,clear_train
MVI_1484_VIS,20,MVI_1484_VIS-0000004,clear_train
MVI_1484_VIS,25,MVI_1484_VIS-0000005,clear_train
MVI_1484_VIS,30,MVI_1484_VIS-0000006,clear_train
MVI_1484_VIS,35,MVI_1484_VIS-0000007,clear_train
MVI_1484_VIS,40,MVI_1484_VIS-0000008,clear_train
MVI_1484_VIS,45,MVI_1484_VIS-0000009,clear_train
MVI_1484_VIS,50,MVI_1484_VIS-0000010,clear_train
MVI_1484_VIS,55,MVI_1484_VIS-0000011,clear_train
MVI_1484_VIS,60,MVI_1484_VIS-0000012,clear_train
MVI_1484_VIS,65,MVI_1484_VIS-0000013,clear_train
MVI_1484_VIS,70,MVI_1484_VIS-0000014,clear_train
MVI_1484_VIS,75,MVI_1484_VIS-0000015,clear_train
MVI_1484_VIS,80,MVI_1484_VIS-0000016,clear_train
MVI_1484_VIS,85,MVI_1484_VIS-0000017,clear_train
MVI_1484_VIS,90,MVI_1484_VIS-0000018,clear_train
MVI_1484_VIS,95,MVI_1484_VIS-0000019,clear_train
MVI_1484_VIS,100,MVI_1484_VIS-0000020,clear_train
MVI_1484_VIS,105,MVI_1484_VIS-0000021,clear_train
MVI_1484_VIS,110,MVI_1484_VIS-0000022,clear_train
MVI_1484_VIS,115,MVI_1484_VIS-0000023,clear_train
MVI_1484_VIS,120,MVI_1484_VIS-0000024,clear_train
MVI_1484_VIS,125,MVI_1484_VIS-0000025,clear_train
MVI_1484_VIS,130,MVI_1484_VIS-0000026,clear_train
MVI_1484_VIS,135,MVI_1484_VIS-0000027,clear_train
MVI_1484_VIS,140,MVI_1484_VIS-0000028,clear_train
MVI_1484_VIS,145,MVI_1484_VIS-0000029,clear_train
MVI_1484_VIS,150,MVI_1484_VIS-0000030,clear_train
MVI_1484_VIS,155,MVI_1484_VIS-0000031,clear_train
MVI_1484_VIS,160,MVI_1484_VIS-0000032,clear_train
MVI_1484_VIS,165,MVI_1484_VIS-0000033,clear_train
MVI_1484_VIS,170,MVI_1484_VIS-0000034,clear_train
MVI_1484_VIS,175,MVI_1484_VIS-0000035,clear_train
MVI_1484_VIS,180,MVI_1484_VIS-0000036,clear_train
MVI_1484_VIS,185,MVI_1484_VIS-0000037,clear_train
MVI_1484_VIS,190,MVI_1484_VIS-0000038,clear_train
MVI_1484_VIS,195,MVI_1484_VIS-0000039,clear_train
MVI_1484_VIS,200,MVI_1484_VIS-0000040,clear_train
MVI_1484_VIS,205,MVI_1484_VIS-0000041,clear_train
MVI_1484_VIS,210,MVI_1484_VIS-0000042,clear_train
MVI_1484_VIS,215,MVI_1484_VIS-0000043,clear_train
MVI_1484_VIS,220,MVI_1484_VIS-0000044,clear_train
MVI_1484_VIS,225,MVI_1484_VIS-0000045,clear_train
MVI_1484_VIS,230,MVI_1484_VIS-0000046,clear_train
MVI_1484_VIS,235,MVI_1484_VIS-0000047,clear_train
MVI_1484_VIS,240,MVI_1484_VIS-0000048,clear_train
MVI_1484_VIS,245,MVI_1484_VIS-0000049,clear_train
MVI_1484_VIS,250,MVI_1484_VIS-0000050,clear_train
MVI_1484_VIS,255,MVI_1484_VIS-0000051,clear_train
MVI_1484_VIS,260,MVI_1484_VIS-0000052,clear_train
MVI_1484_VIS,265,MVI_1484_VIS-0000053,clear_train
MVI_1484_VIS,270,MVI_1484_VIS-0000054,clear_train
MVI_1484_VIS,275,MVI_1484_VIS-0000055,clear_train
MVI_1484_VIS,280,MVI_1484_VIS-0000056,clear_train
MVI_1484_VIS,285,MVI_1484_VIS-0000057,clear_train
MVI_1484_VIS,290,MVI_1484_VIS-0000058,clear_train
MVI_1484_VIS,295,MVI_1484_VIS-0000059,clear_train
MVI_1484_VIS,300,MVI_1484_VIS-0000060,clear_train
MVI_1484_VIS,305,MVI_1484_VIS-0000061,clear_train
MVI_1484_VIS,310,MVI_1484_VIS-0000062,clear_train
MVI_1484_VIS,315,MVI_1484_VIS-0000063,clear_train
MVI_1484_VIS,320,MVI_1484_VIS-0000064,clear_train
MVI_1484_VIS,325,MVI_1484_VIS-0000065,clear_train
MVI_1484_VIS,330,MVI_1484_VIS-0000066,clear_train
MVI_1484_VIS,335,MVI_1484_VIS-0000067,clear_train
MVI_1484_VIS,340,MVI_1484_VIS-0000068,clear_train
MVI_1484_VIS,345,MVI_1484_VIS-0000069,clear_train
MVI_1484_VIS,350,MVI_1484_VIS-0000070,clear_train
MVI_1484_VIS,355,MVI_1484_VIS-0000071,clear_train
MVI_1484_VIS,360,MVI_1484_VIS-0000072,clear_train
MVI_1484_VIS,365,MVI_1484_VIS-0000073,clear_train
MVI_1484_VIS,370,MVI_1484_VIS-0000074,clear_train
MVI_1484_VIS,375,MVI_1484_VIS-0000075,clear_train
MVI_1484_VIS,380,MVI_1484_VIS-0000076,clear_train
MVI_1484_VIS,385,MVI_1484_VIS-0000077,clear_train
MVI_1484_VIS,390,MVI_1484_VIS-0000078,clear_train
MVI_1484_VIS,395,MVI_1484_VIS-0000079,clear_train
MVI_1484_VIS,400,MVI_1484_VIS-0000080,clear_train
MVI_1484_VIS,405,MVI_1484_VIS-0000081,clear_train
MVI_1484_VIS,410,MVI_1484_VIS-0000082,clear_train
MVI_1484_VIS,415,MVI_1484_VIS-0000083,clear_train
MVI_1484_VIS,420,MVI_1484_VIS-0000084,clear_train
MVI_1484_VIS,425,MVI_1484_VIS-0000085,clear_train
MVI_1484_VIS,430,MVI_1484_VIS-0000086,clear_train
MVI_1484_VIS,435,MVI_1484_VIS-0000087,clear_train
MVI_1484_VIS,440,MVI_1484_VIS-0000088,clear_train
MVI_1484_VIS,445,MVI_1484_VIS-0000089,clear_train
MVI_1484_VIS,450,MVI_1484_VIS-0000090,clear_train
MVI_1484_VIS,455,MVI_1484_VIS-0000091,clear_train
MVI_1484_VIS,460,MVI_1484_VIS-0000092,clear_train
MVI_1484_VIS,465,MVI_1484_VIS-0000093,clear_train
MVI_1484_VIS,470,MVI_1484_VIS-0000094,clear_train
MVI_1484_VIS,475,MVI_1484_VIS-0000095,clear_train
MVI_1484_VIS,480,MVI_1484_VIS-0000096,clear_train
MVI_1484_VIS,485,MVI_1484_VIS-0000097,clear_train
MVI_1484_VIS,490,MVI_1484_VIS-0000098,clear_train
MVI_1484_VIS,495,MVI_1484_VIS-0000099,clear_train
MVI_1484_VIS,500,MVI_1484_VIS-0000100,clear_train
MVI_1484_VIS,505,MVI_1484_VIS-0000101,clear_train
MVI_1484_VIS,510,MVI_1484_VIS-0000102,clear_train
MVI_1484_VIS,515,MVI_1484_VIS-0000103,clear_train
MVI_1484_VIS,520,MVI_1484_VIS-0000104,clear_train
MVI_1484_VIS,525,MVI_1484_VIS-0000105,clear_train
MVI_1484_VIS,530,MVI_1484_VIS-0000106,clear_train
MVI_1484_VIS,535,MVI_1484_VIS-0000107,clear_train
MVI_1484_VIS,540,MVI_1484_VIS-0000108,clear_train
MVI_1484_VIS,545,MVI_1484_VIS-0000109,clear_train
MVI_1484_VIS,550,MVI_1484_VIS-0000110,clear_train
MVI_1484_VIS,555,MVI_1484_VIS-0000111,clear_train
MVI_1484_VIS,560,MVI_1484_VIS-0000112,clear_train
MVI_1484_VIS,565,MVI_1484_VIS-0000113,clear_train
MVI_1484_VIS,570,MVI_1484_VIS-0000114,clear_train
MVI_1484_VIS,575,MVI_1484_VIS-0000115,clear_train
MVI_1484_VIS,580,MVI_1484_VIS-0000116,clear_train
MVI_1484_VIS,585,MVI_1484_VIS-0000117,clear_train
MVI_1484_VIS,590,MVI_1484_VIS-0000118,clear_train
MVI_1484_VIS,595,MVI_1484_VIS-0000119,clear_train
MVI_1484_VIS,600,MVI_1484_VIS-0000120,clear_train
MVI_1484_VIS,605,MVI_1484_VIS-0000121,clear_train
MVI_1484_VIS,610,MVI_1484_VIS-0000122,clear_train
MVI_1484_VIS,615,MVI_1484_VIS-0000123,clear_train
MVI_1484_VIS,620,MVI_1484_VIS-0000124,clear_train
MVI_1484_VIS,625,MVI_1484_VIS-0000125,clear_train
MVI_1484_VIS,630,MVI_1484_VIS-0000126,clear_train
MVI_1484_VIS,635,MVI_1484_VIS-0000127,clear_train
MVI_1484_VIS,640,MVI_1484_VIS-0000128,clear_train
MVI_1484_VIS,645,MVI_1484_VIS-0000129,clear_train
MVI_1484_VIS,650,MVI_1484_VIS-0000130,clear_train
MVI_1484_VIS,655,MVI_1484_VIS-0000131,clear_train
MVI_1484_VIS,660,MVI_1484_VIS-0000132,clear_train
MVI_1484_VIS,665,MVI_1484_VIS-0000133,clear_train
MVI_1484_VIS,670,MVI_1484_VIS-0000134,clear_train
MVI_1484_VIS,675,MVI_1484_VIS-0000135,clear_train
MVI_1484_VIS,680,MVI_1484_VIS-0000136,clear_train
MVI_1484_VIS,685,MVI_1484_VIS-0000137,clear_train
MVI_1486_VIS,0,MVI_1486_VIS-0000000,clear_train
MVI_1486_VIS,5,MVI_1486_VIS-0000001,clear_train
MVI_1486_VIS,10,MVI_1486_VIS-0000002,clear_train
MVI_1486_VIS,15,MVI_1486_VIS-0000003,clear_train
MVI_1486_VIS,20,MVI_1486_VIS-0000004,clear_train
MVI_1486_VIS,25,MVI_1486_VIS-0000005,clear_train
MVI_1486_VIS,30,MVI_1486_VIS-0000006,clear_train
MVI_1486_VIS,35,MVI_1486_VIS-0000007,clear_train
MVI_1486_VIS,40,MVI_1486_VIS-0000008,clear_train
MVI_1486_VIS,45,MVI_1486_VIS-0000009,clear_train
MVI_1486_VIS,50,MVI_1486_VIS-0000010,clear_train
MVI_1486_VIS,55,MVI_1486_VIS-0000011,clear_train
MVI_1486_VIS,60,MVI_1486_VIS-0000012,clear_train
MVI_1486_VIS,65,MVI_1486_VIS-0000013,clear_train
MVI_1486_VIS,70,MVI_1486_VIS-0000014,clear_train
MVI_1486_VIS,75,MVI_1486_VIS-0000015,clear_train
MVI_1486_VIS,80,MVI_1486_VIS-0000016,clear_train
MVI_1486_VIS,85,MVI_1486_VIS-0000017,clear_train
MVI_1486_VIS,90,MVI_1486_VIS-0000018,clear_train
MVI_1486_VIS,95,MVI_1486_VIS-0000019,clear_train
MVI_1486_VIS,100,MVI_1486_VIS-0000020,clear_train
MVI_1486_VIS,105,MVI_1486_VIS-0000021,clear_train
MVI_1486_VIS,110,MVI_1486_VIS-0000022,clear_train
MVI_1486_VIS,115,MVI_1486_VIS-0000023,clear_train
MVI_1486_VIS,120,MVI_1486_VIS-0000024,clear_train
MVI_1486_VIS,125,MVI_1486_VIS-0000025,clear_train
MVI_1486_VIS,130,MVI_1486_VIS-0000026,clear_train
MVI_1486_VIS,135,MVI_1486_VIS-0000027,clear_train
MVI_1486_VIS,140,MVI_1486_VIS-0000028,clear_train
MVI_1486_VIS,145,MVI_1486_VIS-0000029,clear_train
MVI_1486_VIS,150,MVI_1486_VIS-0000030,clear_train
MVI_1486_VIS,155,MVI_1486_VIS-0000031,clear_train
MVI_1486_VIS,160,MVI_1486_VIS-0000032,clear_train
MVI_1486_VIS,165,MVI_1486_VIS-0000033,clear_train
MVI_1486_VIS,170,MVI_1486_VIS-0000034,clear_train
MVI_1486_VIS,175,MVI_1486_VIS-0000035,clear_train
MVI_1486_VIS,180,MVI_1486_VIS-0000036,clear_train
MVI_1486_VIS,185,MVI_1486_VIS-0000037,clear_train
MVI_1486_VIS,190,MVI_1486_VIS-0000038,clear_train
MVI_1486_VIS,195,MVI_1486_VIS-0000039,clear_train
MVI_1486_VIS,200,MVI_1486_VIS-0000040,clear_train
MVI_1486_VIS,205,MVI_1486_VIS-0000041,clear_train
MVI_1486_VIS,210,MVI_1486_VIS-0000042,clear_train
MVI_1486_VIS,215,MVI_1486_VIS-0000043,clear_train
MVI_1486_VIS,220,MVI_1486_VIS-0000044,clear_train
MVI_1486_VIS,225,MVI_1486_VIS-0000045,clear_train
MVI_1486_VIS,230,MVI_1486_VIS-0000046,clear_train
MVI_1486_VIS,235,MVI_1486_VIS-0000047,clear_train
MVI_1486_VIS,240,MVI_1486_VIS-0000048,clear_train
MVI_1486_VIS,245,MVI_1486_VIS-0000049,clear_train
MVI_1486_VIS,250,MVI_1486_VIS-0000050,clear_train
MVI_1486_VIS,255,MVI_1486_VIS-0000051,clear_train
MVI_1486_VIS,260,MVI_1486_VIS-0000052,clear_train
MVI_1486_VIS,265,MVI_1486_VIS-0000053,clear_train
MVI_1486_VIS,270,MVI_1486_VIS-0000054,clear_train
MVI_1486_VIS,275,MVI_1486_VIS-0000055,clear_train
MVI_1486_VIS,280,MVI_1486_VIS-0000056,clear_train
MVI_1486_VIS,285,MVI_1486_VIS-0000057,clear_train
MVI_1486_VIS,290,MVI_1486_VIS-0000058,clear_train
MVI_1486_VIS,295,MVI_1486_VIS-0000059,clear_train
MVI_1486_VIS,300,MVI_1486_VIS-0000060,clear_train
MVI_1486_VIS,305,MVI_1486_VIS-0000061,clear_train
MVI_1486_VIS,310,MVI_1486_VIS-0000062,clear_train
MVI_1486_VIS,315,MVI_1486_VIS-0000063,clear_train
MVI_1486_VIS,320,MVI_1486_VIS-0000064,clear_train
MVI_1486_VIS,325,MVI_1486_VIS-0000065,clear_train
MVI_1486_VIS,330,MVI_1486_VIS-0000066,clear_train
MVI_1486_VIS,335,MVI_1486_VIS-0000067,clear_train
MVI_1486_VIS,340,MVI_1486_VIS-0000068,clear_train
MVI_1486_VIS,345,MVI_1486_VIS-0000069,clear_train
MVI_1486_VIS,350,MVI_1486_VIS-0000070,clear_train
MVI_1486_VIS,355,MVI_1486_VIS-0000071,clear_train
MVI_1486_VIS,360,MVI_1486_VIS-0000072,clear_train
MVI_1486_VIS,365,MVI_1486_VIS-0000073,clear_train
MVI_1486_VIS,370,MVI_1486_VIS-0000074,clear_train
MVI_1486_VIS,375,MVI_1486_VIS-0000075,clear_train
MVI_1486_VIS,380,MVI_1486_VIS-0000076,clear_train
MVI_1486_VIS,385,MVI_1486_VIS-0000077,clear_train
MVI_1486_VIS,390,MVI_1486_VIS-0000078,clear_train
MVI_1486_VIS,395,MVI_1486_VIS-0000079,clear_train
MVI_1486_VIS,400,MVI_1486_VIS-0000080,clear_train
MVI_1486_VIS,405,MVI_1486_VIS-0000081,clear_train
MVI_1486_VIS,410,MVI_1486_VIS-0000082,clear_train
MVI_1486_VIS,415,MVI_1486_VIS-0000083,clear_train
MVI_1486_VIS,420,MVI_1486_VIS-0000084,clear_train
MVI_1486_VIS,425,MVI_1486_VIS-0000085,clear_train
MVI_1486_VIS,430,MVI_1486_VIS-0000086,clear_train
MVI_1486_VIS,435,MVI_1486_VIS-0000087,clear_train
MVI_1486_VIS,440,MVI_1486_VIS-0000088,clear_train
MVI_1486_VIS,445,MVI_1486_VIS-0000089,clear_train
MVI_1486_VIS,450,MVI_1486_VIS-0000090,clear_train
MVI_1486_VIS,455,MVI_1486_VIS-0000091,clear_train
MVI_1486_VIS,460,MVI_1486_VIS-0000092,clear_train
MVI_1486_VIS,465,MVI_1486_VIS-0000093,clear_train
MVI_1486_VIS,470,MVI_1486_VIS-0000094,clear_train
MVI_1486_VIS,475,MVI_1486_VIS-0000095,clear_train
MVI_1486_VIS,480,MVI_1486_VIS-0000096,clear_train
MVI_1486_VIS,485,MVI_1486_VIS-0000097,clear_train
MVI_1486_VIS,490,MVI_1486_VIS-0000098,clear_train
MVI_1486_VIS,495,MVI_1486_VIS-0000099,clear_train
MVI_1486_VIS,500,MVI_1486_VIS-0000100,clear_train
MVI_1486_VIS,505,MVI_1486_VIS-0000101,clear_train
MVI_1486_VIS,510,MVI_1486_VIS-0000102,clear_train
MVI_1486_VIS,515,MVI_1486_VIS-0000103,clear_train
MVI_1486_VIS,520,MVI_1486_VIS-0000104,clear_train
MVI_1486_VIS,525,MVI_1486_VIS-0000105,clear_train
MVI_1486_VIS,530,MVI_1486_VIS-0000106,clear_train
MVI_1486_VIS,535,MVI_1486_VIS-0000107,clear_train
MVI_1486_VIS,540,MVI_1486_VIS-0000108,clear_train
MVI_1486_VIS,545,MVI_1486_VIS-0000109,clear_train
MVI_1486_VIS,550,MVI_1486_VIS-0000110,clear_train
MVI_1486_VIS,555,MVI_1486_VIS-0000111,clear_train
MVI_1486_VIS,560,MVI_1486_VIS-0000112,clear_train
MVI_1486_VIS,565,MVI_1486_VIS-0000113,clear_train
MVI_1486_VIS,570,MVI_1486_VIS-0000114,clear_train
MVI_1486_VIS,575,MVI_1486_VIS-0000115,clear_train
MVI_1486_VIS,580,MVI_1486_VIS-0000116,clear_train
MVI_1486_VIS,585,MVI_1486_VIS-0000117,clear_train
MVI_1486_VIS,590,MVI_1486_VIS-0000118,clear_train
MVI_1486_VIS,595,MVI_1486_VIS-0000119,clear_train
MVI_1486_VIS,600,MVI_1486_VIS-0000120,clear_train
MVI_1486_VIS,605,MVI_1486_VIS-0000121,clear_train
MVI_1486_VIS,610,MVI_1486_VIS-0000122,clear_train
MVI_1486_VIS,615,MVI_1486_VIS-0000123,clear_train
MVI_1486_VIS,620,MVI_1486_VIS-0000124,clear_train
MVI_1486_VIS,625,MVI_1486_VIS-0000125,clear_train
MVI_1520_NIR,0,MVI_1520_NIR-0000000,nir_adapt
MVI_1520_NIR,5,MVI_1520_NIR-0000001,nir_adapt
MVI_1520_NIR,10,MVI_1520_NIR-0000002,nir_adapt
MVI_1520_NIR,15,MVI_1520_NIR-0000003,nir_adapt
MVI_1520_NIR,20,MVI_1520_NIR-0000004,nir_adapt
MVI_1520_NIR,25,MVI_1520_NIR-0000005,nir_adapt
MVI_1520_NIR,30,MVI_1520_NIR-0000006,nir_adapt
MVI_1520_NIR,35,MVI_1520_NIR-0000007,nir_adapt
MVI_1520_NIR,40,MVI_1520_NIR-0000008,nir_adapt
MVI_1520_NIR,45,MVI_1520_NIR-0000009,nir_adapt
MVI_1520_NIR,50,MVI_1520_NIR-0000010,nir_adapt
MVI_1520_NIR,55,MVI_1520_NIR-0000011,nir_adapt
MVI_1520_NIR,60,MVI_1520_NIR-0000012,nir_adapt
MVI_1520_NIR,65,MVI_1520_NIR-0000013,nir_adapt
MVI_1520_NIR,70,MVI_1520_NIR-0000014,nir_adapt
MVI_1520_NIR,75,MVI_1520_NIR-0000015,nir_adapt
MVI_1520_NIR,80,MVI_1520_NIR-0000016,nir_adapt
MVI_1520_NIR,85,MVI_1520_NIR-0000017,nir_adapt
MVI_1520_NIR,90,MVI_1520_NIR-0000018,nir_adapt
MVI_1520_NIR,95,MVI_1520_NIR-0000019,nir_adapt
MVI_1520_NIR,100,MVI_1520_NIR-0000020,nir_adapt
MVI_1520_NIR,105,MVI_1520_NIR-0000021,nir_adapt
MVI_1520_NIR,110,MVI_1520_NIR-0000022,nir_adapt
MVI_1520_NIR,115,MVI_1520_NIR-0000023,nir_adapt
MVI_1520_NIR,120,MVI_1520_NIR-0000024,nir_adapt
MVI_1520_NIR,125,MVI_1520_NIR-0000025,nir_adapt
MVI_1520_NIR,130,MVI_1520_NIR-0000026,nir_adapt
MVI_1520_NIR,135,MVI_1520_NIR-0000027,nir_adapt
MVI_1520_NIR,140,MVI_1520_NIR-0000028,nir_adapt
MVI_1520_NIR,145,MVI_1520_NIR-0000029,nir_adapt
MVI_1520_NIR,150,MVI_1520_NIR-0000030,nir_adapt
MVI_1520_NIR,155,MVI_1520_NIR-0000031,nir_adapt
MVI_1520_NIR,160,MVI_1520_NIR-0000032,nir_adapt
MVI_1520_NIR,165,MVI_1520_NIR-0000033,nir_adapt
MVI_1520_NIR,170,MVI_1520_NIR-0000034,nir_adapt
MVI_1520_NIR,175,MVI_1520_NIR-0000035,nir_adapt
MVI_1520_NIR,180,MVI_1520_NIR-0000036,nir_adapt
MVI_1520_NIR,185,MVI_1520_NIR-0000037,nir_adapt
MVI_1520_NIR,190,MVI_1520_NIR-0000038,nir_adapt
MVI_1520_NIR,195,MVI_1520_NIR-0000039,nir_adapt
MVI_1520_NIR,200,MVI_1520_NIR-0000040,nir_adapt
MVI_1520_NIR,205,MVI_1520_NIR-0000041,nir_adapt
MVI_1520_NIR,210,MVI_1520_NIR-0000042,nir_adapt
MVI_1520_NIR,215,MVI_1520_NIR-0000043,nir_adapt
MVI_1520_NIR,220,MVI_1520_NIR-0000044,nir_adapt
MVI_1520_NIR,225,MVI_1520_NIR-0000045,nir_adapt
MVI_1520_NIR,230,MVI_1520_NIR-0000046,nir_adapt
MVI_1520_NIR,235,MVI_1520_NIR-0000047,nir_adapt
MVI_1520_NIR,240,MVI_1520_NIR-0000048,nir_adapt
MVI_1520_NIR,245,MVI_1520_NIR-0000049,nir_adapt
MVI_1520_NIR,250,MVI_1520_NIR-0000050,nir_adapt
MVI_1520_NIR,255,MVI_1520_NIR-0000051,nir_adapt
MVI_1520_NIR,260,MVI_1520_NIR-0000052,nir_adapt
MVI_1520_NIR,265,MVI_1520_NIR-0000053,nir_adapt
MVI_1520_NIR,270,MVI_1520_NIR-0000054,nir_adapt
MVI_1520_NIR,275,MVI_1520_NIR-0000055,nir_adapt
MVI_1520_NIR,280,MVI_1520_NIR-0000056,nir_adapt
MVI_1520_NIR,285,MVI_1520_NIR-0000057,nir_adapt
MVI_1520_NIR,290,MVI_1520_NIR-0000058,nir_adapt
MVI_1520_NIR,295,MVI_1520_NIR-0000059,nir_adapt
MVI_1520_NIR,300,MVI_1520_NIR-0000060,nir_adapt
MVI_1520_NIR,305,MVI_1520_NIR-0000061,nir_adapt
MVI_1520_NIR,310,MVI_1520_NIR-0000062,nir_adapt
MVI_1520_NIR,315,MVI_1520_NIR-0000063,nir_adapt
MVI_1520_NIR,320,MVI_1520_NIR-0000064,nir_adapt
MVI_1520_NIR,325,MVI_1520_NIR-0000065,nir_adapt
MVI_1520_NIR,330,MVI_1520_NIR-0000066,nir_adapt
MVI_1520_NIR,335,MVI_1520_NIR-0000067,nir_adapt
MVI_1520_NIR,340,MVI_1520_NIR-0000068,nir_adapt
MVI_1520_NIR,345,MVI_1520_NIR-0000069,nir_adapt
MVI_1520_NIR,350,MVI_1520_NIR-0000070,nir_adapt
MVI_1520_NIR,355,MVI_1520_NIR-0000071,nir_adapt
MVI_1520_NIR,360,MVI_1520_NIR-0000072,nir_adapt
MVI_1520_NIR,365,MVI_1520_NIR-0000073,nir_adapt
MVI_1520_NIR,370,MVI_1520_NIR-0000074,nir_adapt
MVI_1520_NIR,375,MVI_1520_NIR-0000075,nir_adapt
MVI_1520_NIR,380,MVI_1520_NIR-0000076,nir_adapt
MVI_1520_NIR,385,MVI_1520_NIR-0000077,nir_adapt
MVI_1520_NIR,390,MVI_1520_NIR-0000078,nir_adapt
MVI_1520_NIR,395,MVI_1520_NIR-0000079,nir_adapt
MVI_1520_NIR,400,MVI_1520_NIR-0000080,nir_adapt
MVI_1520_NIR,405,MVI_1520_NIR-0000081,nir_adapt
MVI_1520_NIR,410,MVI_1520_NIR-0000082,nir_adapt
MVI_1520_NIR,415,MVI_1520_NIR-0000083,nir_adapt
MVI_1520_NIR,420,MVI_1520_NIR-0000084,nir_adapt
MVI_1520_NIR,425,MVI_1520_NIR-0000085,nir_adapt
MVI_1520_NIR,430,MVI_1520_NIR-0000086,nir_adapt
MVI_1520_NIR,435,MVI_1520_NIR-0000087,nir_adapt
MVI_1520_NIR,440,MVI_1520_NIR-0000088,nir_adapt
MVI_1520_NIR,445,MVI_1520_NIR-0000089,nir_adapt
MVI_1520_NIR,450,MVI_1520_NIR-0000090,nir_adapt
MVI_1520_NIR,455,MVI_1520_NIR-0000091,nir_adapt
MVI_1520_NIR,460,MVI_1520_NIR-0000092,nir_adapt
MVI_1520_NIR,465,MVI_1520_NIR-0000093,nir_adapt
MVI_1520_NIR,470,MVI_1520_NIR-0000094,nir_adapt
MVI_1520_NIR,475,MVI_1520_NIR-0000095,nir_adapt
MVI_1520_NIR,480,MVI_1520_NIR-0000096,nir_adapt
MVI_1520_NIR,485,MVI_1520_NIR-0000097,nir_adapt
MVI_1520_NIR,490,MVI_1520_NIR-0000098,nir_adapt
MVI_1520_NIR,495,MVI_1520_NIR-0000099,nir_adapt
MVI_1520_NIR,500,MVI_1520_NIR-0000100,nir_adapt
MVI_1520_NIR,505,MVI_1520_NIR-0000101,nir_adapt
MVI_1520_NIR,510,MVI_1520_NIR-0000102,nir_adapt
MVI_1520_NIR,515,MVI_1520_NIR-0000103,nir_adapt
MVI_1520_NIR,520,MVI_1520_NIR-0000104,nir_adapt
MVI_1520_NIR,525,MVI_1520_NIR-0000105,nir_adapt
MVI_1520_NIR,530,MVI_1520_NIR-0000106,nir_adapt
MVI_1520_NIR,535,MVI_1520_NIR-0000107,nir_adapt
MVI_1520_NIR,540,MVI_1520_NIR-0000108,nir_adapt
MVI_1521_NIR,0,MVI_1521_NIR-0000000,nir_adapt
MVI_1521_NIR,5,MVI_1521_NIR-0000001,nir_adapt
MVI_1521_NIR,10,MVI_1521_NIR-0000002,nir_adapt
MVI_1521_NIR,15,MVI_1521_NIR-0000003,nir_adapt
MVI_1521_NIR,20,MVI_1521_NIR-0000004,nir_adapt
MVI_1521_NIR,25,MVI_1521_NIR-0000005,nir_adapt
MVI_1521_NIR,30,MVI_1521_NIR-0000006,nir_adapt
MVI_1521_NIR,35,MVI_1521_NIR-0000007,nir_adapt
MVI_1521_NIR,40,MVI_1521_NIR-0000008,nir_adapt
MVI_1521_NIR,45,MVI_1521_NIR-0000009,nir_adapt
MVI_1521_NIR,50,MVI_1521_NIR-0000010,nir_adapt
MVI_1521_NIR,55,MVI_1521_NIR-0000011,nir_adapt
MVI_1521_NIR,60,MVI_1521_NIR-0000012,nir_adapt
MVI_1521_NIR,65,MVI_1521_NIR-0000013,nir_adapt
MVI_1521_NIR,70,MVI_1521_NIR-0000014,nir_adapt
MVI_1521_NIR,75,MVI_1521_NIR-0000015,nir_adapt
MVI_1521_NIR,80,MVI_1521_NIR-0000016,nir_adapt
MVI_1521_NIR,85,MVI_1521_NIR-0000017,nir_adapt
MVI_1521_NIR,90,MVI_1521_NIR-0000018,nir_adapt
MVI_1521_NIR,95,MVI_1521_NIR-0000019,nir_adapt
MVI_1521_NIR,100,MVI_1521_NIR-0000020,nir_adapt
MVI_1521_NIR,105,MVI_1521_NIR-0000021,nir_adapt
MVI_1521_NIR,110,MVI_1521_NIR-0000022,nir_adapt
MVI_1521_NIR,115,MVI_1521_NIR-0000023,nir_adapt
MVI_1521_NIR,120,MVI_1521_NIR-0000024,nir_adapt
MVI_1521_NIR,125,MVI_1521_NIR-0000025,nir_adapt
MVI_1521_NIR,130,MVI_1521_NIR-0000026,nir_adapt
MVI_1521_NIR,135,MVI_1521_NIR-0000027,nir_adapt
MVI_1521_NIR,140,MVI_1521_NIR-0000028,nir_adapt
MVI_1521_NIR,145,MVI_1521_NIR-0000029,nir_adapt
MVI_1521_NIR,150,MVI_1521_NIR-0000030,nir_adapt
MVI_1521_NIR,155,MVI_1521_NIR-0000031,nir_adapt
MVI_1521_NIR,160,MVI_1521_NIR-0000032,nir_adapt
MVI_1521_NIR,165,MVI_1521_NIR-0000033,nir_adapt
MVI_1521_NIR,170,MVI_1521_NIR-0000034,nir_adapt
MVI_1521_NIR,175,MVI_1521_NIR-0000035,nir_adapt
MVI_1521_NIR,180,MVI_1521_NIR-0000036,nir_adapt
MVI_1521_NIR,185,MVI_1521_NIR-0000037,nir_adapt
MVI_1521_NIR,190,MVI_1521_NIR-0000038,nir_adapt
MVI_1521_NIR,195,MVI_1521_NIR-0000039,nir_adapt
MVI_1521_NIR,200,MVI_1521_NIR-0000040,nir_adapt
MVI_1521_NIR,205,MVI_1521_NIR-0000041,nir_adapt
MVI_1521_NIR,210,MVI_1521_NIR-0000042,nir_adapt
MVI_1521_NIR,215,MVI_1521_NIR-0000043,nir_adapt
MVI_1521_NIR,220,MVI_1521_NIR-0000044,nir_adapt
MVI_1521_NIR,225,MVI_1521_NIR-0000045,nir_adapt
MVI_1521_NIR,230,MVI_1521_NIR-0000046,nir_adapt
MVI_1521_NIR,235,MVI_1521_NIR-0000047,nir_adapt
MVI_1521_NIR,240,MVI_1521_NIR-0000048,nir_adapt
MVI_1521_NIR,245,MVI_1521_NIR-0000049,nir_adapt
MVI_1521_NIR,250,MVI_1521_NIR-0000050,nir_adapt
MVI_1521_NIR,255,MVI_1521_NIR-0000051,nir_adapt
MVI_1521_NIR,260,MVI_1521_NIR-0000052,nir_adapt
MVI_1521_NIR,265,MVI_1521_NIR-0000053,nir_adapt
MVI_1521_NIR,270,MVI_1521_NIR-0000054,nir_adapt
MVI_1521_NIR,275,MVI_1521_NIR-0000055,nir_adapt
MVI_1521_NIR,280,MVI_1521_NIR-0000056,nir_adapt
MVI_1521_NIR,285,MVI_1521_NIR-0000057,nir_adapt
MVI_1521_NIR,290,MVI_1521_NIR-0000058,nir_adapt
MVI_1521_NIR,295,MVI_1521_NIR-0000059,nir_adapt
MVI_1521_NIR,300,MVI_1521_NIR-0000060,nir_adapt
MVI_1521_NIR,305,MVI_1521_NIR-0000061,nir_adapt
MVI_1521_NIR,310,MVI_1521_NIR-0000062,nir_adapt
MVI_1521_NIR,315,MVI_1521_NIR-0000063,nir_adapt
MVI_1521_NIR,320,MVI_1521_NIR-0000064,nir_adapt
MVI_1521_NIR,325,MVI_1521_NIR-0000065,nir_adapt
MVI_1521_NIR,330,MVI_1521_NIR-0000066,nir_adapt
MVI_1521_NIR,335,MVI_1521_NIR-0000067,nir_adapt
MVI_1521_NIR,340,MVI_1521_NIR-0000068,nir_adapt
MVI_1521_NIR,345,MVI_1521_NIR-0000069,nir_adapt
MVI_1521_NIR,350,MVI_1521_NIR-0000070,nir_adapt
MVI_1521_NIR,355,MVI_1521_NIR-0000071,nir_adapt
MVI_1521_NIR,360,MVI_1521_NIR-0000072,nir_adapt
MVI_1521_NIR,365,MVI_1521_NIR-0000073,nir_adapt
MVI_1521_NIR,370,MVI_1521_NIR-0000074,nir_adapt
MVI_1521_NIR,375,MVI_1521_NIR-0000075,nir_adapt
MVI_1521_NIR,380,MVI_1521_NIR-0000076,nir_adapt
MVI_1521_NIR,385,MVI_1521_NIR-0000077,nir_adapt
MVI_1521_NIR,390,MVI_1521_NIR-0000078,nir_adapt
MVI_1521_NIR,395,MVI_1521_NIR-0000079,nir_adapt
MVI_1521_NIR,400,MVI_1521_NIR-0000080,nir_adapt
MVI_1521_NIR,405,MVI_1521_NIR-0000081,nir_adapt
MVI_1521_NIR,410,MVI_1521_NIR-0000082,nir_adapt
MVI_1521_NIR,415,MVI_1521_NIR-0000083,nir_adapt
MVI_1521_NIR,420,MVI_1521_NIR-0000084,nir_adapt
MVI_1521_NIR,425,MVI_1521_NIR-0000085,nir_adapt
MVI_1521_NIR,430,MVI_1521_NIR-0000086,nir_adapt
MVI_1521_NIR,435,MVI_1521_NIR-0000087,nir_adapt
MVI_1521_NIR,440,MVI_1521_NIR-0000088,nir_adapt
MVI_1521_NIR,445,MVI_1521_NIR-0000089,nir_adapt
MVI_1521_NIR,450,MVI_1521_NIR-0000090,nir_adapt
MVI_1521_NIR,455,MVI_1521_NIR-0000091,nir_adapt
MVI_1521_NIR,460,MVI_1521_NIR-0000092,nir_adapt
MVI_1521_NIR,465,MVI_1521_NIR-0000093,nir_adapt
MVI_1521_NIR,470,MVI_1521_NIR-0000094,nir_adapt
MVI_1521_NIR,475,MVI_1521_NIR-0000095,nir_adapt
MVI_1521_NIR,480,MVI_1521_NIR-0000096,nir_adapt
MVI_1521_NIR,485,MVI_1521_NIR-0000097,nir_adapt
MVI_1521_NIR,490,MVI_1521_NIR-0000098,nir_adapt
MVI_1521_NIR,495,MVI_1521_NIR-0000099,nir_adapt
MVI_1521_NIR,500,MVI_1521_NIR-0000100,nir_adapt
MVI_1521_NIR,505,MVI_1521_NIR-0000101,nir_adapt
MVI_1521_NIR,510,MVI_1521_NIR-0000102,nir_adapt
MVI_1521_NIR,515,MVI_1521_NIR-0000103,nir_adapt
MVI_1521_NIR,520,MVI_1521_NIR-0000104,nir_adapt
MVI_1521_NIR,525,MVI_1521_NIR-0000105,nir_adapt
MVI_1521_NIR,530,MVI_1521_NIR-0000106,nir_adapt
MVI_1521_NIR,535,MVI_1521_NIR-0000107,nir_adapt
MVI_1521_NIR,540,MVI_1521_NIR-0000108,nir_adapt
MVI_1521_NIR,545,MVI_1521_NIR-0000109,nir_adapt
MVI_1521_NIR,550,MVI_1521_NIR-0000110,nir_adapt
MVI_1521_NIR,555,MVI_1521_NIR-0000111,nir_adapt
MVI_1521_NIR,560,MVI_1521_NIR-0000112,nir_adapt
MVI_1521_NIR,565,MVI_1521_NIR-0000113,nir_adapt
MVI_1521_NIR,570,MVI_1521_NIR-0000114,nir_adapt
MVI_1521_NIR,575,MVI_1521_NIR-0000115,nir_adapt
MVI_1521_NIR,580,MVI_1521_NIR-0000116,nir_adapt
MVI_1521_NIR,585,MVI_1521_NIR-0000117,nir_adapt
MVI_1521_NIR,590,MVI_1521_NIR-0000118,nir_adapt
MVI_1521_NIR,595,MVI_1521_NIR-0000119,nir_adapt
MVI_1522_NIR,0,MVI_1522_NIR-0000000,nir_adapt
MVI_1522_NIR,5,MVI_1522_NIR-0000001,nir_adapt
MVI_1522_NIR,10,MVI_1522_NIR-0000002,nir_adapt
MVI_1522_NIR,15,MVI_1522_NIR-0000003,nir_adapt
MVI_1522_NIR,20,MVI_1522_NIR-0000004,nir_adapt
MVI_1522_NIR,25,MVI_1522_NIR-0000005,nir_adapt
MVI_1522_NIR,30,MVI_1522_NIR-0000006,nir_adapt
MVI_1522_NIR,35,MVI_1522_NIR-0000007,nir_adapt
MVI_1522_NIR,40,MVI_1522_NIR-0000008,nir_adapt
MVI_1522_NIR,45,MVI_1522_NIR-0000009,nir_adapt
MVI_1522_NIR,50,MVI_1522_NIR-0000010,nir_adapt
MVI_1522_NIR,55,MVI_1522_NIR-0000011,nir_adapt
MVI_1522_NIR,60,MVI_1522_NIR-0000012,nir_adapt
MVI_1522_NIR,65,MVI_1522_NIR-0000013,nir_adapt
MVI_1522_NIR,70,MVI_1522_NIR-0000014,nir_adapt
MVI_1522_NIR,75,MVI_1522_NIR-0000015,nir_adapt
MVI_1522_NIR,80,MVI_1522_NIR-0000016,nir_adapt
MVI_1522_NIR,85,MVI_1522_NIR-0000017,nir_adapt
MVI_1522_NIR,90,MVI_1522_NIR-0000018,nir_adapt
MVI_1522_NIR,95,MVI_1522_NIR-0000019,nir_adapt
MVI_1522_NIR,100,MVI_1522_NIR-0000020,nir_adapt
MVI_1522_NIR,105,MVI_1522_NIR-0000021,nir_adapt
MVI_1522_NIR,110,MVI_1522_NIR-0000022,nir_adapt
MVI_1522_NIR,115,MVI_1522_NIR-0000023,nir_adapt
MVI_1522_NIR,120,MVI_1522_NIR-0000024,nir_adapt
MVI_1522_NIR,125,MVI_1522_NIR-0000025,nir_adapt
MVI_1522_NIR,130,MVI_1522_NIR-0000026,nir_adapt
MVI_1522_NIR,135,MVI_1522_NIR-0000027,nir_adapt
MVI_1522_NIR,140,MVI_1522_NIR-0000028,nir_adapt
MVI_1522_NIR,145,MVI_1522_NIR-0000029,nir_adapt
MVI_1522_NIR,150,MVI_1522_NIR-0000030,nir_adapt
MVI_1522_NIR,155,MVI_1522_NIR-0000031,nir_adapt
MVI_1522_NIR,160,MVI_1522_NIR-0000032,nir_adapt
MVI_1522_NIR,165,MVI_1522_NIR-0000033,nir_adapt
MVI_1522_NIR,170,MVI_1522_NIR-0000034,nir_adapt
MVI_1522_NIR,175,MVI_1522_NIR-0000035,nir_adapt
MVI_1522_NIR,180,MVI_1522_NIR-0000036,nir_adapt
MVI_1522_NIR,185,MVI_1522_NIR-0000037,nir_adapt
MVI_1522_NIR,190,MVI_1522_NIR-0000038,nir_adapt
MVI_1522_NIR,195,MVI_1522_NIR-0000039,nir_adapt
MVI_1522_NIR,200,MVI_1522_NIR-0000040,nir_adapt
MVI_1522_NIR,205,MVI_1522_NIR-0000041,nir_adapt
MVI_1522_NIR,210,MVI_1522_NIR-0000042,nir_adapt
MVI_1522_NIR,215,MVI_1522_NIR-0000043,nir_adapt
MVI_1522_NIR,220,MVI_1522_NIR-0000044,nir_adapt
MVI_1522_NIR,225,MVI_1522_NIR-0000045,nir_adapt
MVI_1522_NIR,230,MVI_1522_NIR-0000046,nir_adapt
MVI_1522_NIR,235,MVI_1522_NIR-0000047,nir_adapt
MVI_1522_NIR,240,MVI_1522_NIR-0000048,nir_adapt
MVI_1522_NIR,245,MVI_1522_NIR-0000049,nir_adapt
MVI_1522_NIR,250,MVI_1522_NIR-0000050,nir_adapt
MVI_1522_NIR,255,MVI_1522_NIR-0000051,nir_adapt
MVI_1522_NIR,260,MVI_1522_NIR-0000052,nir_adapt
MVI_1523_NIR,0,MVI_1523_NIR-0000000,nir_eval
MVI_1523_NIR,5,MVI_1523_NIR-0000001,nir_eval
MVI_1523_NIR,10,MVI_1523_NIR-0000002,nir_eval
MVI_1523_NIR,15,MVI_1523_NIR-0000003,nir_eval
MVI_1523_NIR,20,MVI_1523_NIR-0000004,nir_eval
MVI_1523_NIR,25,MVI_1523_NIR-0000005,nir_eval
MVI_1523_NIR,30,MVI_1523_NIR-0000006,nir_eval
MVI_1523_NIR,35,MVI_1523_NIR-0000007,nir_eval
MVI_1523_NIR,40,MVI_1523_NIR-0000008,nir_eval
MVI_1523_NIR,45,MVI_1523_NIR-0000009,nir_eval
MVI_1523_NIR,50,MVI_1523_NIR-0000010,nir_eval
MVI_1523_NIR,55,MVI_1523_NIR-0000011,nir_eval
MVI_1523_NIR,60,MVI_1523_NIR-0000012,nir_eval
MVI_1523_NIR,65,MVI_1523_NIR-0000013,nir_eval
MVI_1523_NIR,70,MVI_1523_NIR-0000014,nir_eval
MVI_1523_NIR,75,MVI_1523_NIR-0000015,nir_eval
MVI_1523_NIR,80,MVI_1523_NIR-0000016,nir_eval
MVI_1523_NIR,85,MVI_1523_NIR-0000017,nir_eval
MVI_1523_NIR,90,MVI_1523_NIR-0000018,nir_eval
MVI_1523_NIR,95,MVI_1523_NIR-0000019,nir_eval
MVI_1523_NIR,100,MVI_1523_NIR-0000020,nir_eval
MVI_1523_NIR,105,MVI_1523_NIR-0000021,nir_eval
MVI_1523_NIR,110,MVI_1523_NIR-0000022,nir_eval
MVI_1523_NIR,115,MVI_1523_NIR-0000023,nir_eval
MVI_1523_NIR,120,MVI_1523_NIR-0000024,nir_eval
MVI_1523_NIR,125,MVI_1523_NIR-0000025,nir_eval
MVI_1523_NIR,130,MVI_1523_NIR-0000026,nir_eval
MVI_1523_NIR,135,MVI_1523_NIR-0000027,nir_eval
MVI_1523_NIR,140,MVI_1523_NIR-0000028,nir_eval
MVI_1523_NIR,145,MVI_1523_NIR-0000029,nir_eval
MVI_1523_NIR,150,MVI_1523_NIR-0000030,nir_eval
MVI_1523_NIR,155,MVI_1523_NIR-0000031,nir_eval
MVI_1523_NIR,160,MVI_1523_NIR-0000032,nir_eval
MVI_1523_NIR,165,MVI_1523_NIR-0000033,nir_eval
MVI_1523_NIR,170,MVI_1523_NIR-0000034,nir_eval
MVI_1523_NIR,175,MVI_1523_NIR-0000035,nir_eval
MVI_1523_NIR,180,MVI_1523_NIR-0000036,nir_eval
MVI_1523_NIR,185,MVI_1523_NIR-0000037,nir_eval
MVI_1523_NIR,190,MVI_1523_NIR-0000038,nir_eval
MVI_1523_NIR,195,MVI_1523_NIR-0000039,nir_eval
MVI_1523_NIR,200,MVI_1523_NIR-0000040,nir_eval
MVI_1523_NIR,205,MVI_1523_NIR-0000041,nir_eval
MVI_1523_NIR,210,MVI_1523_NIR-0000042,nir_eval
MVI_1523_NIR,215,MVI_1523_NIR-0000043,nir_eval
MVI_1523_NIR,220,MVI_1523_NIR-0000044,nir_eval
MVI_1523_NIR,225,MVI_1523_NIR-0000045,nir_eval
MVI_1523_NIR,230,MVI_1523_NIR-0000046,nir_eval
MVI_1523_NIR,235,MVI_1523_NIR-0000047,nir_eval
MVI_1523_NIR,240,MVI_1523_NIR-0000048,nir_eval
MVI_1523_NIR,245,MVI_1523_NIR-0000049,nir_eval
MVI_1523_NIR,250,MVI_1523_NIR-0000050,nir_eval
MVI_1523_NIR,255,MVI_1523_NIR-0000051,nir_eval
MVI_1523_NIR,260,MVI_1523_NIR-0000052,nir_eval
MVI_1523_NIR,265,MVI_1523_NIR-0000053,nir_eval
MVI_1523_NIR,270,MVI_1523_NIR-0000054,nir_eval
MVI_1523_NIR,275,MVI_1523_NIR-0000055,nir_eval
MVI_1523_NIR,280,MVI_1523_NIR-0000056,nir_eval
MVI_1523_NIR,285,MVI_1523_NIR-0000057,nir_eval
MVI_1523_NIR,290,MVI_1523_NIR-0000058,nir_eval
MVI_1523_NIR,295,MVI_1523_NIR-0000059,nir_eval
MVI_1523_NIR,300,MVI_1523_NIR-0000060,nir_eval
MVI_1523_NIR,305,MVI_1523_NIR-0000061,nir_eval
MVI_1523_NIR,310,MVI_1523_NIR-0000062,nir_eval
MVI_1523_NIR,315,MVI_1523_NIR-0000063,nir_eval
MVI_1523_NIR,320,MVI_1523_NIR-0000064,nir_eval
MVI_1523_NIR,325,MVI_1523_NIR-0000065,nir_eval
MVI_1523_NIR,330,MVI_1523_NIR-0000066,nir_eval
MVI_1523_NIR,335,MVI_1523_NIR-0000067,nir_eval
MVI_1523_NIR,340,MVI_1523_NIR-0000068,nir_eval
MVI_1523_NIR,345,MVI_1523_NIR-0000069,nir_eval
MVI_1523_NIR,350,MVI_1523_NIR-0000070,nir_eval
MVI_1523_NIR,355,MVI_1523_NIR-0000071,nir_eval
MVI_1523_NIR,360,MVI_1523_NIR-0000072,nir_eval
MVI_1523_NIR,365,MVI_1523_NIR-0000073,nir_eval
MVI_1523_NIR,370,MVI_1523_NIR-0000074,nir_eval
MVI_1523_NIR,375,MVI_1523_NIR-0000075,nir_eval
MVI_1523_NIR,380,MVI_1523_NIR-0000076,nir_eval
MVI_1523_NIR,385,MVI_1523_NIR-0000077,nir_eval
MVI_1523_NIR,390,MVI_1523_NIR-0000078,nir_eval
MVI_1523_NIR,395,MVI_1523_NIR-0000079,nir_eval
MVI_1523_NIR,400,MVI_1523_NIR-0000080,nir_eval
MVI_1523_NIR,405,MVI_1523_NIR-0000081,nir_eval
MVI_1523_NIR,410,MVI_1523_NIR-0000082,nir_eval
MVI_1523_NIR,415,MVI_1523_NIR-0000083,nir_eval
MVI_1523_NIR,420,MVI_1523_NIR-0000084,nir_eval
MVI_1523_NIR,425,MVI_1523_NIR-0000085,nir_eval
MVI_1523_NIR,430,MVI_1523_NIR-0000086,nir_eval
MVI_1523_NIR,435,MVI_1523_NIR-0000087,nir_eval
MVI_1523_NIR,440,MVI_1523_NIR-0000088,nir_eval
MVI_1523_NIR,445,MVI_1523_NIR-0000089,nir_eval
MVI_1523_NIR,450,MVI_1523_NIR-0000090,nir_eval
MVI_1523_NIR,455,MVI_1523_NIR-0000091,nir_eval
MVI_1523_NIR,460,MVI_1523_NIR-0000092,nir_eval
MVI_1523_NIR,465,MVI_1523_NIR-0000093,nir_eval
MVI_1523_NIR,470,MVI_1523_NIR-0000094,nir_eval
MVI_1523_NIR,475,MVI_1523_NIR-0000095,nir_eval
MVI_1523_NIR,480,MVI_1523_NIR-0000096,nir_eval
MVI_1523_NIR,485,MVI_1523_NIR-0000097,nir_eval
MVI_1523_NIR,490,MVI_1523_NIR-0000098,nir_eval
MVI_1523_NIR,495,MVI_1523_NIR-0000099,nir_eval
MVI_1523_NIR,500,MVI_1523_NIR-0000100,nir_eval
MVI_1523_NIR,505,MVI_1523_NIR-0000101,nir_eval
MVI_1523_NIR,510,MVI_1523_NIR-0000102,nir_eval
MVI_1523_NIR,515,MVI_1523_NIR-0000103,nir_eval
MVI_1523_NIR,520,MVI_1523_NIR-0000104,nir_eval
MVI_1523_NIR,525,MVI_1523_NIR-0000105,nir_eval
MVI_1523_NIR,530,MVI_1523_NIR-0000106,nir_eval
MVI_1523_NIR,535,MVI_1523_NIR-0000107,nir_eval
MVI_1523_NIR,540,MVI_1523_NIR-0000108,nir_eval
MVI_1523_NIR,545,MVI_1523_NIR-0000109,nir_eval
MVI_1523_NIR,550,MVI_1523_NIR-0000110,nir_eval
MVI_1523_NIR,555,MVI_1523_NIR-0000111,nir_eval
MVI_1523_NIR,560,MVI_1523_NIR-0000112,nir_eval
MVI_1523_NIR,565,MVI_1523_NIR-0000113,nir_eval
MVI_1523_NIR,570,MVI_1523_NIR-0000114,nir_eval
MVI_1523_NIR,575,MVI_1523_NIR-0000115,nir_eval
MVI_1523_NIR,580,MVI_1523_NIR-0000116,nir_eval
MVI_1523_NIR,585,MVI_1523_NIR-0000117,nir_eval
MVI_1523_NIR,590,MVI_1523_NIR-0000118,nir_eval
MVI_1523_NIR,595,MVI_1523_NIR-0000119,nir_eval
MVI_1524_NIR,0,MVI_1524_NIR-0000000,nir_eval
MVI_1524_NIR,5,MVI_1524_NIR-0000001,nir_eval
MVI_1524_NIR,10,MVI_1524_NIR-0000002,nir_eval
MVI_1524_NIR,15,MVI_1524_NIR-0000003,nir_eval
MVI_1524_NIR,20,MVI_1524_NIR-0000004,nir_eval
MVI_1524_NIR,25,MVI_1524_NIR-0000005,nir_eval
MVI_1524_NIR,30,MVI_1524_NIR-0000006,nir_eval
MVI_1524_NIR,35,MVI_1524_NIR-0000007,nir_eval
MVI_1524_NIR,40,MVI_1524_NIR-0000008,nir_eval
MVI_1524_NIR,45,MVI_1524_NIR-0000009,nir_eval
MVI_1524_NIR,50,MVI_1524_NIR-0000010,nir_eval
MVI_1524_NIR,55,MVI_1524_NIR-0000011,nir_eval
MVI_1524_NIR,60,MVI_1524_NIR-0000012,nir_eval
MVI_1524_NIR,65,MVI_1524_NIR-0000013,nir_eval
MVI_1524_NIR,70,MVI_1524_NIR-0000014,nir_eval
MVI_1524_NIR,75,MVI_1524_NIR-0000015,nir_eval
MVI_1524_NIR,80,MVI_1524_NIR-0000016,nir_eval
MVI_1524_NIR,85,MVI_1524_NIR-0000017,nir_eval
MVI_1524_NIR,90,MVI_1524_NIR-0000018,nir_eval
MVI_1524_NIR,95,MVI_1524_NIR-0000019,nir_eval
MVI_1524_NIR,100,MVI_1524_NIR-0000020,nir_eval
MVI_1524_NIR,105,MVI_1524_NIR-0000021,nir_eval
MVI_1524_NIR,110,MVI_1524_NIR-0000022,nir_eval
MVI_1524_NIR,115,MVI_1524_NIR-0000023,nir_eval
MVI_1524_NIR,120,MVI_1524_NIR-0000024,nir_eval
MVI_1524_NIR,125,MVI_1524_NIR-0000025,nir_eval
MVI_1524_NIR,130,MVI_1524_NIR-0000026,nir_eval
MVI_1524_NIR,135,MVI_1524_NIR-0000027,nir_eval
MVI_1524_NIR,140,MVI_1524_NIR-0000028,nir_eval
MVI_1524_NIR,145,MVI_1524_NIR-0000029,nir_eval
MVI_1524_NIR,150,MVI_1524_NIR-0000030,nir_eval
MVI_1524_NIR,155,MVI_1524_NIR-0000031,nir_eval
MVI_1524_NIR,160,MVI_1524_NIR-0000032,nir_eval
MVI_1524_NIR,165,MVI_1524_NIR-0000033,nir_eval
MVI_1524_NIR,170,MVI_1524_NIR-0000034,nir_eval
MVI_1524_NIR,175,MVI_1524_NIR-0000035,nir_eval
MVI_1524_NIR,180,MVI_1524_NIR-0000036,nir_eval
MVI_1524_NIR,185,MVI_1524_NIR-0000037,nir_eval
MVI_1524_NIR,190,MVI_1524_NIR-0000038,nir_eval
MVI_1524_NIR,195,MVI_1524_NIR-0000039,nir_eval
MVI_1524_NIR,200,MVI_1524_NIR-0000040,nir_eval
MVI_1524_NIR,205,MVI_1524_NIR-0000041,nir_eval
MVI_1524_NIR,210,MVI_1524_NIR-0000042,nir_eval
MVI_1524_NIR,215,MVI_1524_NIR-0000043,nir_eval
MVI_1524_NIR,220,MVI_1524_NIR-0000044,nir_eval
MVI_1524_NIR,225,MVI_1524_NIR-0000045,nir_eval
MVI_1524_NIR,230,MVI_1524_NIR-0000046,nir_eval
MVI_1524_NIR,235,MVI_1524_NIR-0000047,nir_eval
MVI_1524_NIR,240,MVI_1524_NIR-0000048,nir_eval
MVI_1524_NIR,245,MVI_1524_NIR-0000049,nir_eval
MVI_1524_NIR,250,MVI_1524_NIR-0000050,nir_eval
MVI_1524_NIR,255,MVI_1524_NIR-0000051,nir_eval
MVI_1524_NIR,260,MVI_1524_NIR-0000052,nir_eval
MVI_1524_NIR,265,MVI_1524_NIR-0000053,nir_eval
MVI_1524_NIR,270,MVI_1524_NIR-0000054,nir_eval
MVI_1524_NIR,275,MVI_1524_NIR-0000055,nir_eval
MVI_1524_NIR,280,MVI_1524_NIR-0000056,nir_eval
MVI_1524_NIR,285,MVI_1524_NIR-0000057,nir_eval
MVI_1524_NIR,290,MVI_1524_NIR-0000058,nir_eval
MVI_1524_NIR,295,MVI_1524_NIR-0000059,nir_eval
MVI_1524_NIR,300,MVI_1524_NIR-0000060,nir_eval
MVI_1524_NIR,305,MVI_1524_NIR-0000061,nir_eval
MVI_1524_NIR,310,MVI_1524_NIR-0000062,nir_eval
MVI_1524_NIR,315,MVI_1524_NIR-0000063,nir_eval
MVI_1524_NIR,320,MVI_1524_NIR-0000064,nir_eval
MVI_1524_NIR,325,MVI_1524_NIR-0000065,nir_eval
MVI_1524_NIR,330,MVI_1524_NIR-0000066,nir_eval
MVI_1524_NIR,335,MVI_1524_NIR-0000067,nir_eval
MVI_1524_NIR,340,MVI_1524_NIR-0000068,nir_eval
MVI_1524_NIR,345,MVI_1524_NIR-0000069,nir_eval
MVI_1524_NIR,350,MVI_1524_NIR-0000070,nir_eval
MVI_1524_NIR,355,MVI_1524_NIR-0000071,nir_eval
MVI_1524_NIR,360,MVI_1524_NIR-0000072,nir_eval
MVI_1524_NIR,365,MVI_1524_NIR-0000073,nir_eval
MVI_1524_NIR,370,MVI_1524_NIR-0000074,nir_eval
MVI_1524_NIR,375,MVI_1524_NIR-0000075,nir_eval
MVI_1524_NIR,380,MVI_1524_NIR-0000076,nir_eval
MVI_1524_NIR,385,MVI_1524_NIR-0000077,nir_eval
MVI_1524_NIR,390,MVI_1524_NIR-0000078,nir_eval
MVI_1524_NIR,395,MVI_1524_NIR-0000079,nir_eval
MVI_1524_NIR,400,MVI_1524_NIR-0000080,nir_eval
MVI_1524_NIR,405,MVI_1524_NIR-0000081,nir_eval
MVI_1524_NIR,410,MVI_1524_NIR-0000082,nir_eval
MVI_1524_NIR,415,MVI_1524_NIR-0000083,nir_eval
MVI_1524_NIR,420,MVI_1524_NIR-0000084,nir_eval
MVI_1524_NIR,425,MVI_1524_NIR-0000085,nir_eval
MVI_1524_NIR,430,MVI_1524_NIR-0000086,nir_eval
MVI_1524_NIR,435,MVI_1524_NIR-0000087,nir_eval
MVI_1524_NIR,440,MVI_1524_NIR-0000088,nir_eval
MVI_1524_NIR,445,MVI_1524_NIR-0000089,nir_eval
MVI_1524_NIR,450,MVI_1524_NIR-0000090,nir_eval
MVI_1524_NIR,455,MVI_1524_NIR-0000091,nir_eval
MVI_1524_NIR,460,MVI_1524_NIR-0000092,nir_eval
MVI_1524_NIR,465,MVI_1524_NIR-0000093,nir_eval
MVI_1524_NIR,470,MVI_1524_NIR-0000094,nir_eval
MVI_1524_NIR,475,MVI_1524_NIR-0000095,nir_eval
MVI_1524_NIR,480,MVI_1524_NIR-0000096,nir_eval
MVI_1524_NIR,485,MVI_1524_NIR-0000097,nir_eval
MVI_1524_NIR,490,MVI_1524_NIR-0000098,nir_eval
MVI_1524_NIR,495,MVI_1524_NIR-0000099,nir_eval
MVI_1524_NIR,500,MVI_1524_NIR-0000100,nir_eval
MVI_1524_NIR,505,MVI_1524_NIR-0000101,nir_eval
MVI_1524_NIR,510,MVI_1524_NIR-0000102,nir_eval
MVI_1524_NIR,515,MVI_1524_NIR-0000103,nir_eval
MVI_1524_NIR,520,MVI_1524_NIR-0000104,nir_eval
MVI_1524_NIR,525,MVI_1524_NIR-0000105,nir_eval
MVI_1524_NIR,530,MVI_1524_NIR-0000106,nir_eval
MVI_1524_NIR,535,MVI_1524_NIR-0000107,nir_eval
MVI_1524_NIR,540,MVI_1524_NIR-0000108,nir_eval
MVI_1524_NIR,545,MVI_1524_NIR-0000109,nir_eval
MVI_1524_NIR,550,MVI_1524_NIR-0000110,nir_eval
MVI_1524_NIR,555,MVI_1524_NIR-0000111,nir_eval
MVI_1524_NIR,560,MVI_1524_NIR-0000112,nir_eval
MVI_1524_NIR,565,MVI_1524_NIR-0000113,nir_eval
MVI_1524_NIR,570,MVI_1524_NIR-0000114,nir_eval
MVI_1524_NIR,575,MVI_1524_NIR-0000115,nir_eval
MVI_1525_NIR,0,MVI_1525_NIR-0000000,nir_eval
MVI_1525_NIR,5,MVI_1525_NIR-0000001,nir_eval
MVI_1525_NIR,10,MVI_1525_NIR-0000002,nir_eval
MVI_1525_NIR,15,MVI_1525_NIR-0000003,nir_eval
MVI_1525_NIR,20,MVI_1525_NIR-0000004,nir_eval
MVI_1525_NIR,25,MVI_1525_NIR-0000005,nir_eval
MVI_1525_NIR,30,MVI_1525_NIR-0000006,nir_eval
MVI_1525_NIR,35,MVI_1525_NIR-0000007,nir_eval
MVI_1525_NIR,40,MVI_1525_NIR-0000008,nir_eval
MVI_1525_NIR,45,MVI_1525_NIR-0000009,nir_eval
MVI_1525_NIR,50,MVI_1525_NIR-0000010,nir_eval
MVI_1525_NIR,55,MVI_1525_NIR-0000011,nir_eval
MVI_1525_NIR,60,MVI_1525_NIR-0000012,nir_eval
MVI_1525_NIR,65,MVI_1525_NIR-0000013,nir_eval
MVI_1525_NIR,70,MVI_1525_NIR-0000014,nir_eval
MVI_1525_NIR,75,MVI_1525_NIR-0000015,nir_eval
MVI_1525_NIR,80,MVI_1525_NIR-0000016,nir_eval
MVI_1525_NIR,85,MVI_1525_NIR-0000017,nir_eval
MVI_1525_NIR,90,MVI_1525_NIR-0000018,nir_eval
MVI_1525_NIR,95,MVI_1525_NIR-0000019,nir_eval
MVI_1525_NIR,100,MVI_1525_NIR-0000020,nir_eval
MVI_1525_NIR,105,MVI_1525_NIR-0000021,nir_eval
MVI_1525_NIR,110,MVI_1525_NIR-0000022,nir_eval
MVI_1525_NIR,115,MVI_1525_NIR-0000023,nir_eval
MVI_1525_NIR,120,MVI_1525_NIR-0000024,nir_eval
MVI_1525_NIR,125,MVI_1525_NIR-0000025,nir_eval
MVI_1525_NIR,130,MVI_1525_NIR-0000026,nir_eval
MVI_1525_NIR,135,MVI_1525_NIR-0000027,nir_eval
MVI_1525_NIR,140,MVI_1525_NIR-0000028,nir_eval
MVI_1525_NIR,145,MVI_1525_NIR-0000029,nir_eval
MVI_1525_NIR,150,MVI_1525_NIR-0000030,nir_eval
MVI_1525_NIR,155,MVI_1525_NIR-0000031,nir_eval
MVI_1525_NIR,160,MVI_1525_NIR-0000032,nir_eval
MVI_1525_NIR,165,MVI_1525_NIR-0000033,nir_eval
MVI_1525_NIR,170,MVI_1525_NIR-0000034,nir_eval
MVI_1525_NIR,175,MVI_1525_NIR-0000035,nir_eval
MVI_1525_NIR,180,MVI_1525_NIR-0000036,nir_eval
MVI_1525_NIR,185,MVI_1525_NIR-0000037,nir_eval
MVI_1525_NIR,190,MVI_1525_NIR-0000038,nir_eval
MVI_1525_NIR,195,MVI_1525_NIR-0000039,nir_eval
MVI_1525_NIR,200,MVI_1525_NIR-0000040,nir_eval
MVI_1525_NIR,205,MVI_1525_NIR-0000041,nir_eval
MVI_1525_NIR,210,MVI_1525_NIR-0000042,nir_eval
MVI_1525_NIR,215,MVI_1525_NIR-0000043,nir_eval
MVI_1525_NIR,220,MVI_1525_NIR-0000044,nir_eval
MVI_1525_NIR,225,MVI_1525_NIR-0000045,nir_eval
MVI_1525_NIR,230,MVI_1525_NIR-0000046,nir_eval
MVI_1525_NIR,235,MVI_1525_NIR-0000047,nir_eval
MVI_1525_NIR,240,MVI_1525_NIR-0000048,nir_eval
MVI_1525_NIR,245,MVI_1525_NIR-0000049,nir_eval
MVI_1525_NIR,250,MVI_1525_NIR-0000050,nir_eval
MVI_1525_NIR,255,MVI_1525_NIR-0000051,nir_eval
MVI_1525_NIR,260,MVI_1525_NIR-0000052,nir_eval
MVI_1525_NIR,265,MVI_1525_NIR-0000053,nir_eval
MVI_1525_NIR,270,MVI_1525_NIR-0000054,nir_eval
MVI_1525_NIR,275,MVI_1525_NIR-0000055,nir_eval
MVI_1525_NIR,280,MVI_1525_NIR-0000056,nir_eval
MVI_1525_NIR,285,MVI_1525_NIR-0000057,nir_eval
MVI_1525_NIR,290,MVI_1525_NIR-0000058,nir_eval
MVI_1525_NIR,295,MVI_1525_NIR-0000059,nir_eval
MVI_1525_NIR,300,MVI_1525_NIR-0000060,nir_eval
MVI_1525_NIR,305,MVI_1525_NIR-0000061,nir_eval
MVI_1525_NIR,310,MVI_1525_NIR-0000062,nir_eval
MVI_1525_NIR,315,MVI_1525_NIR-0000063,nir_eval
MVI_1525_NIR,320,MVI_1525_NIR-0000064,nir_eval
MVI_1525_NIR,325,MVI_1525_NIR-0000065,nir_eval
MVI_1525_NIR,330,MVI_1525_NIR-0000066,nir_eval
MVI_1525_NIR,335,MVI_1525_NIR-0000067,nir_eval
MVI_1525_NIR,340,MVI_1525_NIR-0000068,nir_eval
MVI_1525_NIR,345,MVI_1525_NIR-0000069,nir_eval
MVI_1525_NIR,350,MVI_1525_NIR-0000070,nir_eval
MVI_1525_NIR,355,MVI_1525_NIR-0000071,nir_eval
MVI_1525_NIR,360,MVI_1525_NIR-0000072,nir_eval
MVI_1525_NIR,365,MVI_1525_NIR-0000073,nir_eval
MVI_1525_NIR,370,MVI_1525_NIR-0000074,nir_eval
MVI_1525_NIR,375,MVI_1525_NIR-0000075,nir_eval
MVI_1525_NIR,380,MVI_1525_NIR-0000076,nir_eval
MVI_1525_NIR,385,MVI_1525_NIR-0000077,nir_eval
MVI_1525_NIR,390,MVI_1525_NIR-0000078,nir_eval
MVI_1525_NIR,395,MVI_1525_NIR-0000079,nir_eval
MVI_1525_NIR,400,MVI_1525_NIR-0000080,nir_eval
MVI_1525_NIR,405,MVI_1525_NIR-0000081,nir_eval
MVI_1525_NIR,410,MVI_1525_NIR-0000082,nir_eval
MVI_1525_NIR,415,MVI_1525_NIR-0000083,nir_eval
MVI_1525_NIR,420,MVI_1525_NIR-0000084,nir_eval
MVI_1525_NIR,425,MVI_1525_NIR-0000085,nir_eval
MVI_1525_NIR,430,MVI_1525_NIR-0000086,nir_eval
MVI_1525_NIR,435,MVI_1525_NIR-0000087,nir_eval
MVI_1525_NIR,440,MVI_1525_NIR-0000088,nir_eval
MVI_1525_NIR,445,MVI_1525_NIR-0000089,nir_eval
MVI_1525_NIR,450,MVI_1525_NIR-0000090,nir_eval
MVI_1525_NIR,455,MVI_1525_NIR-0000091,nir_eval
MVI_1525_NIR,460,MVI_1525_NIR-0000092,nir_eval
MVI_1525_NIR,465,MVI_1525_NIR-0000093,nir_eval
MVI_1525_NIR,470,MVI_1525_NIR-0000094,nir_eval
MVI_1525_NIR,475,MVI_1525_NIR-0000095,nir_eval
MVI_1525_NIR,480,MVI_1525_NIR-0000096,nir_eval
MVI_1525_NIR,485,MVI_1525_NIR-0000097,nir_eval
MVI_1525_NIR,490,MVI_1525_NIR-0000098,nir_eval
MVI_1525_NIR,495,MVI_1525_NIR-0000099,nir_eval
MVI_1525_NIR,500,MVI_1525_NIR-0000100,nir_eval
MVI_1525_NIR,505,MVI_1525_NIR-0000101,nir_eval
MVI_1525_NIR,510,MVI_1525_NIR-0000102,nir_eval
MVI_1525_NIR,515,MVI_1525_NIR-0000103,nir_eval
MVI_1525_NIR,520,MVI_1525_NIR-0000104,nir_eval
MVI_1525_NIR,525,MVI_1525_NIR-0000105,nir_eval
MVI_1525_NIR,530,MVI_1525_NIR-0000106,nir_eval
MVI_1525_NIR,535,MVI_1525_NIR-0000107,nir_eval
MVI_1525_NIR,540,MVI_1525_NIR-0000108,nir_eval
MVI_1525_NIR,545,MVI_1525_NIR-0000109,nir_eval
MVI_1525_NIR,550,MVI_1525_NIR-0000110,nir_eval
MVI_1525_NIR,555,MVI_1525_NIR-0000111,nir_eval
MVI_1525_NIR,560,MVI_1525_NIR-0000112,nir_eval
MVI_1525_NIR,565,MVI_1525_NIR-0000113,nir_eval
MVI_1526_NIR,0,MVI_1526_NIR-0000000,nir_eval
MVI_1526_NIR,5,MVI_1526_NIR-0000001,nir_eval
MVI_1526_NIR,10,MVI_1526_NIR-0000002,nir_eval
MVI_1526_NIR,15,MVI_1526_NIR-0000003,nir_eval
MVI_1526_NIR,20,MVI_1526_NIR-0000004,nir_eval
MVI_1526_NIR,25,MVI_1526_NIR-0000005,nir_eval
MVI_1526_NIR,30,MVI_1526_NIR-0000006,nir_eval
MVI_1526_NIR,35,MVI_1526_NIR-0000007,nir_eval
MVI_1526_NIR,40,MVI_1526_NIR-0000008,nir_eval
MVI_1526_NIR,45,MVI_1526_NIR-0000009,nir_eval
MVI_1526_NIR,50,MVI_1526_NIR-0000010,nir_eval
MVI_1526_NIR,55,MVI_1526_NIR-0000011,nir_eval
MVI_1526_NIR,60,MVI_1526_NIR-0000012,nir_eval
MVI_1526_NIR,65,MVI_1526_NIR-0000013,nir_eval
MVI_1526_NIR,70,MVI_1526_NIR-0000014,nir_eval
MVI_1526_NIR,75,MVI_1526_NIR-0000015,nir_eval
MVI_1526_NIR,80,MVI_1526_NIR-0000016,nir_eval
MVI_1526_NIR,85,MVI_1526_NIR-0000017,nir_eval
MVI_1526_NIR,90,MVI_1526_NIR-0000018,nir_eval
MVI_1526_NIR,95,MVI_1526_NIR-0000019,nir_eval
MVI_1526_NIR,100,MVI_1526_NIR-0000020,nir_eval
MVI_1526_NIR,105,MVI_1526_NIR-0000021,nir_eval
MVI_1526_NIR,110,MVI_1526_NIR-0000022,nir_eval
MVI_1526_NIR,115,MVI_1526_NIR-0000023,nir_eval
MVI_1526_NIR,120,MVI_1526_NIR-0000024,nir_eval
MVI_1526_NIR,125,MVI_1526_NIR-0000025,nir_eval
MVI_1526_NIR,130,MVI_1526_NIR-0000026,nir_eval
MVI_1526_NIR,135,MVI_1526_NIR-0000027,nir_eval
MVI_1526_NIR,140,MVI_1526_NIR-0000028,nir_eval
MVI_1526_NIR,145,MVI_1526_NIR-0000029,nir_eval
MVI_1526_NIR,150,MVI_1526_NIR-0000030,nir_eval
MVI_1526_NIR,155,MVI_1526_NIR-0000031,nir_eval
MVI_1526_NIR,160,MVI_1526_NIR-0000032,nir_eval
MVI_1526_NIR,165,MVI_1526_NIR-0000033,nir_eval
MVI_1526_NIR,170,MVI_1526_NIR-0000034,nir_eval
MVI_1526_NIR,175,MVI_1526_NIR-0000035,nir_eval
MVI_1526_NIR,180,MVI_1526_NIR-0000036,nir_eval
MVI_1526_NIR,185,MVI_1526_NIR-0000037,nir_eval
MVI_1526_NIR,190,MVI_1526_NIR-0000038,nir_eval
MVI_1526_NIR,195,MVI_1526_NIR-0000039,nir_eval
MVI_1526_NIR,200,MVI_1526_NIR-0000040,nir_eval
MVI_1526_NIR,205,MVI_1526_NIR-0000041,nir_eval
MVI_1526_NIR,210,MVI_1526_NIR-0000042,nir_eval
MVI_1526_NIR,215,MVI_1526_NIR-0000043,nir_eval
MVI_1526_NIR,220,MVI_1526_NIR-0000044,nir_eval
MVI_1526_NIR,225,MVI_1526_NIR-0000045,nir_eval
MVI_1526_NIR,230,MVI_1526_NIR-0000046,nir_eval
MVI_1526_NIR,235,MVI_1526_NIR-0000047,nir_eval
MVI_1526_NIR,240,MVI_1526_NIR-0000048,nir_eval
MVI_1526_NIR,245,MVI_1526_NIR-0000049,nir_eval
MVI_1526_NIR,250,MVI_1526_NIR-0000050,nir_eval
MVI_1526_NIR,255,MVI_1526_NIR-0000051,nir_eval
MVI_1526_NIR,260,MVI_1526_NIR-0000052,nir_eval
MVI_1526_NIR,265,MVI_1526_NIR-0000053,nir_eval
MVI_1526_NIR,270,MVI_1526_NIR-0000054,nir_eval
MVI_1526_NIR,275,MVI_1526_NIR-0000055,nir_eval
MVI_1526_NIR,280,MVI_1526_NIR-0000056,nir_eval
MVI_1526_NIR,285,MVI_1526_NIR-0000057,nir_eval
MVI_1526_NIR,290,MVI_1526_NIR-0000058,nir_eval
MVI_1526_NIR,295,MVI_1526_NIR-0000059,nir_eval
MVI_1526_NIR,300,MVI_1526_NIR-0000060,nir_eval
MVI_1526_NIR,305,MVI_1526_NIR-0000061,nir_eval
MVI_1526_NIR,310,MVI_1526_NIR-0000062,nir_eval
MVI_1526_NIR,315,MVI_1526_NIR-0000063,nir_eval
MVI_1526_NIR,320,MVI_1526_NIR-0000064,nir_eval
MVI_1526_NIR,325,MVI_1526_NIR-0000065,nir_eval
MVI_1526_NIR,330,MVI_1526_NIR-0000066,nir_eval
MVI_1526_NIR,335,MVI_1526_NIR-0000067,nir_eval
MVI_1526_NIR,340,MVI_1526_NIR-0000068,nir_eval
MVI_1526_NIR,345,MVI_1526_NIR-0000069,nir_eval
MVI_1526_NIR,350,MVI_1526_NIR-0000070,nir_eval
MVI_1526_NIR,355,MVI_1526_NIR-0000071,nir_eval
MVI_1526_NIR,360,MVI_1526_NIR-0000072,nir_eval
MVI_1526_NIR,365,MVI_1526_NIR-0000073,nir_eval
MVI_1526_NIR,370,MVI_1526_NIR-0000074,nir_eval
MVI_1526_NIR,375,MVI_1526_NIR-0000075,nir_eval
MVI_1526_NIR,380,MVI_1526_NIR-0000076,nir_eval
MVI_1526_NIR,385,MVI_1526_NIR-0000077,nir_eval
MVI_1526_NIR,390,MVI_1526_NIR-0000078,nir_eval
MVI_1526_NIR,395,MVI_1526_NIR-0000079,nir_eval
MVI_1526_NIR,400,MVI_1526_NIR-0000080,nir_eval
MVI_1526_NIR,405,MVI_1526_NIR-0000081,nir_eval
MVI_1526_NIR,410,MVI_1526_NIR-0000082,nir_eval
MVI_1526_NIR,415,MVI_1526_NIR-0000083,nir_eval
MVI_1526_NIR,420,MVI_1526_NIR-0000084,nir_eval
MVI_1526_NIR,425,MVI_1526_NIR-0000085,nir_eval
MVI_1526_NIR,430,MVI_1526_NIR-0000086,nir_eval
MVI_1526_NIR,435,MVI_1526_NIR-0000087,nir_eval
MVI_1526_NIR,440,MVI_1526_NIR-0000088,nir_eval
MVI_1526_NIR,445,MVI_1526_NIR-0000089,nir_eval
MVI_1526_NIR,450,MVI_1526_NIR-0000090,nir_eval
MVI_1526_NIR,455,MVI_1526_NIR-0000091,nir_eval
MVI_1526_NIR,460,MVI_1526_NIR-0000092,nir_eval
MVI_1526_NIR,465,MVI_1526_NIR-0000093,nir_eval
MVI_1526_NIR,470,MVI_1526_NIR-0000094,nir_eval
MVI_1526_NIR,475,MVI_1526_NIR-0000095,nir_eval
MVI_1526_NIR,480,MVI_1526_NIR-0000096,nir_eval
MVI_1526_NIR,485,MVI_1526_NIR-0000097,nir_eval
MVI_1526_NIR,490,MVI_1526_NIR-0000098,nir_eval
MVI_1526_NIR,495,MVI_1526_NIR-0000099,nir_eval
MVI_1526_NIR,500,MVI_1526_NIR-0000100,nir_eval
MVI_1526_NIR,505,MVI_1526_NIR-0000101,nir_eval
MVI_1526_NIR,510,MVI_1526_NIR-0000102,nir_eval
MVI_1526_NIR,515,MVI_1526_NIR-0000103,nir_eval
MVI_1526_NIR,520,MVI_1526_NIR-0000104,nir_eval
MVI_1526_NIR,525,MVI_1526_NIR-0000105,nir_eval
MVI_1526_NIR,530,MVI_1526_NIR-0000106,nir_eval
MVI_1526_NIR,535,MVI_1526_NIR-0000107,nir_eval
MVI_1526_NIR,540,MVI_1526_NIR-0000108,nir_eval
MVI_1526_NIR,545,MVI_1526_NIR-0000109,nir_eval
MVI_1526_NIR,550,MVI_1526_NIR-0000110,nir_eval
MVI_1526_NIR,555,MVI_1526_NIR-0000111,nir_eval
MVI_1526_NIR,560,MVI_1526_NIR-0000112,nir_eval
MVI_1526_NIR,565,MVI_1526_NIR-0000113,nir_eval
MVI_1526_NIR,570,MVI_1526_NIR-0000114,nir_eval
MVI_1526_NIR,575,MVI_1526_NIR-0000115,nir_eval
MVI_1526_NIR,580,MVI_1526_NIR-0000116,nir_eval
MVI_1526_NIR,585,MVI_1526_NIR-0000117,nir_eval
MVI_1526_NIR,590,MVI_1526_NIR-0000118,nir_eval
MVI_1526_NIR,595,MVI_1526_NIR-0000119,nir_eval
MVI_1527_NIR,0,MVI_1527_NIR-0000000,nir_eval
MVI_1527_NIR,5,MVI_1527_NIR-0000001,nir_eval
MVI_1527_NIR,10,MVI_1527_NIR-0000002,nir_eval
MVI_1527_NIR,15,MVI_1527_NIR-0000003,nir_eval
MVI_1527_NIR,20,MVI_1527_NIR-0000004,nir_eval
MVI_1527_NIR,25,MVI_1527_NIR-0000005,nir_eval
MVI_1527_NIR,30,MVI_1527_NIR-0000006,nir_eval
MVI_1527_NIR,35,MVI_1527_NIR-0000007,nir_eval
MVI_1527_NIR,40,MVI_1527_NIR-0000008,nir_eval
MVI_1527_NIR,45,MVI_1527_NIR-0000009,nir_eval
MVI_1527_NIR,50,MVI_1527_NIR-0000010,nir_eval
MVI_1527_NIR,55,MVI_1527_NIR-0000011,nir_eval
MVI_1527_NIR,60,MVI_1527_NIR-0000012,nir_eval
MVI_1527_NIR,65,MVI_1527_NIR-0000013,nir_eval
MVI_1527_NIR,70,MVI_1527_NIR-0000014,nir_eval
MVI_1527_NIR,75,MVI_1527_NIR-0000015,nir_eval
MVI_1527_NIR,80,MVI_1527_NIR-0000016,nir_eval
MVI_1527_NIR,85,MVI_1527_NIR-0000017,nir_eval
MVI_1527_NIR,90,MVI_1527_NIR-0000018,nir_eval
MVI_1527_NIR,95,MVI_1527_NIR-0000019,nir_eval
MVI_1527_NIR,100,MVI_1527_NIR-0000020,nir_eval
MVI_1527_NIR,105,MVI_1527_NIR-0000021,nir_eval
MVI_1527_NIR,110,MVI_1527_NIR-0000022,nir_eval
MVI_1527_NIR,115,MVI_1527_NIR-0000023,nir_eval
MVI_1527_NIR,120,MVI_1527_NIR-0000024,nir_eval
MVI_1527_NIR,125,MVI_1527_NIR-0000025,nir_eval
MVI_1527_NIR,130,MVI_1527_NIR-0000026,nir_eval
MVI_1527_NIR,135,MVI_1527_NIR-0000027,nir_eval
MVI_1527_NIR,140,MVI_1527_NIR-0000028,nir_eval
MVI_1527_NIR,145,MVI_1527_NIR-0000029,nir_eval
MVI_1527_NIR,150,MVI_1527_NIR-0000030,nir_eval
MVI_1527_NIR,155,MVI_1527_NIR-0000031,nir_eval
MVI_1527_NIR,160,MVI_1527_NIR-0000032,nir_eval
MVI_1527_NIR,165,MVI_1527_NIR-0000033,nir_eval
MVI_1527_NIR,170,MVI_1527_NIR-0000034,nir_eval
MVI_1527_NIR,175,MVI_1527_NIR-0000035,nir_eval
MVI_1527_NIR,180,MVI_1527_NIR-0000036,nir_eval
MVI_1527_NIR,185,MVI_1527_NIR-0000037,nir_eval
MVI_1527_NIR,190,MVI_1527_NIR-0000038,nir_eval
MVI_1527_NIR,195,MVI_1527_NIR-0000039,nir_eval
MVI_1527_NIR,200,MVI_1527_NIR-0000040,nir_eval
MVI_1527_NIR,205,MVI_1527_NIR-0000041,nir_eval
MVI_1527_NIR,210,MVI_1527_NIR-0000042,nir_eval
MVI_1527_NIR,215,MVI_1527_NIR-0000043,nir_eval
MVI_1527_NIR,220,MVI_1527_NIR-0000044,nir_eval
MVI_1527_NIR,225,MVI_1527_NIR-0000045,nir_eval
MVI_1527_NIR,230,MVI_1527_NIR-0000046,nir_eval
MVI_1527_NIR,235,MVI_1527_NIR-0000047,nir_eval
MVI_1527_NIR,240,MVI_1527_NIR-0000048,nir_eval
MVI_1527_NIR,245,MVI_1527_NIR-0000049,nir_eval
MVI_1527_NIR,250,MVI_1527_NIR-0000050,nir_eval
MVI_1527_NIR,255,MVI_1527_NIR-0000051,nir_eval
MVI_1527_NIR,260,MVI_1527_NIR-0000052,nir_eval
MVI_1527_NIR,265,MVI_1527_NIR-0000053,nir_eval
MVI_1527_NIR,270,MVI_1527_NIR-0000054,nir_eval
MVI_1527_NIR,275,MVI_1527_NIR-0000055,nir_eval
MVI_1527_NIR,280,MVI_1527_NIR-0000056,nir_eval
MVI_1527_NIR,285,MVI_1527_NIR-0000057,nir_eval
MVI_1527_NIR,290,MVI_1527_NIR-0000058,nir_eval
MVI_1527_NIR,295,MVI_1527_NIR-0000059,nir_eval
MVI_1527_NIR,300,MVI_1527_NIR-0000060,nir_eval
MVI_1527_NIR,305,MVI_1527_NIR-0000061,nir_eval
MVI_1527_NIR,310,MVI_1527_NIR-0000062,nir_eval
MVI_1527_NIR,315,MVI_1527_NIR-0000063,nir_eval
MVI_1527_NIR,320,MVI_1527_NIR-0000064,nir_eval
MVI_1527_NIR,325,MVI_1527_NIR-0000065,nir_eval
MVI_1527_NIR,330,MVI_1527_NIR-0000066,nir_eval
MVI_1527_NIR,335,MVI_1527_NIR-0000067,nir_eval
MVI_1527_NIR,340,MVI_1527_NIR-0000068,nir_eval
MVI_1527_NIR,345,MVI_1527_NIR-0000069,nir_eval
MVI_1527_NIR,350,MVI_1527_NIR-0000070,nir_eval
MVI_1527_NIR,355,MVI_1527_NIR-0000071,nir_eval
MVI_1527_NIR,360,MVI_1527_NIR-0000072,nir_eval
MVI_1527_NIR,365,MVI_1527_NIR-0000073,nir_eval
MVI_1527_NIR,370,MVI_1527_NIR-0000074,nir_eval
MVI_1527_NIR,375,MVI_1527_NIR-0000075,nir_eval
MVI_1527_NIR,380,MVI_1527_NIR-0000076,nir_eval
MVI_1527_NIR,385,MVI_1527_NIR-0000077,nir_eval
MVI_1527_NIR,390,MVI_1527_NIR-0000078,nir_eval
MVI_1527_NIR,395,MVI_1527_NIR-0000079,nir_eval
MVI_1527_NIR,400,MVI_1527_NIR-0000080,nir_eval
MVI_1527_NIR,405,MVI_1527_NIR-0000081,nir_eval
MVI_1527_NIR,410,MVI_1527_NIR-0000082,nir_eval
MVI_1527_NIR,415,MVI_1527_NIR-0000083,nir_eval
MVI_1527_NIR,420,MVI_1527_NIR-0000084,nir_eval
MVI_1527_NIR,425,MVI_1527_NIR-0000085,nir_eval
MVI_1527_NIR,430,MVI_1527_NIR-0000086,nir_eval
MVI_1527_NIR,435,MVI_1527_NIR-0000087,nir_eval
MVI_1527_NIR,440,MVI_1527_NIR-0000088,nir_eval
MVI_1527_NIR,445,MVI_1527_NIR-0000089,nir_eval
MVI_1527_NIR,450,MVI_1527_NIR-0000090,nir_eval
MVI_1527_NIR,455,MVI_1527_NIR-0000091,nir_eval
MVI_1527_NIR,460,MVI_1527_NIR-0000092,nir_eval
MVI_1527_NIR,465,MVI_1527_NIR-0000093,nir_eval
MVI_1527_NIR,470,MVI_1527_NIR-0000094,nir_eval
MVI_1527_NIR,475,MVI_1527_NIR-0000095,nir_eval
MVI_1527_NIR,480,MVI_1527_NIR-0000096,nir_eval
MVI_1527_NIR,485,MVI_1527_NIR-0000097,nir_eval
MVI_1527_NIR,490,MVI_1527_NIR-0000098,nir_eval
MVI_1527_NIR,495,MVI_1527_NIR-0000099,nir_eval
MVI_1527_NIR,500,MVI_1527_NIR-0000100,nir_eval
MVI_1527_NIR,505,MVI_1527_NIR-0000101,nir_eval
MVI_1527_NIR,510,MVI_1527_NIR-0000102,nir_eval
MVI_1527_NIR,515,MVI_1527_NIR-0000103,nir_eval
MVI_1527_NIR,520,MVI_1527_NIR-0000104,nir_eval
MVI_1527_NIR,525,MVI_1527_NIR-0000105,nir_eval
MVI_1527_NIR,530,MVI_1527_NIR-0000106,nir_eval
MVI_1527_NIR,535,MVI_1527_NIR-0000107,nir_eval
MVI_1527_NIR,540,MVI_1527_NIR-0000108,nir_eval
MVI_1527_NIR,545,MVI_1527_NIR-0000109,nir_eval
MVI_1527_NIR,550,MVI_1527_NIR-0000110,nir_eval
MVI_1527_NIR,555,MVI_1527_NIR-0000111,nir_eval
MVI_1527_NIR,560,MVI_1527_NIR-0000112,nir_eval
MVI_1527_NIR,565,MVI_1527_NIR-0000113,nir_eval
MVI_1527_NIR,570,MVI_1527_NIR-0000114,nir_eval
MVI_1527_NIR,575,MVI_1527_NIR-0000115,nir_eval
MVI_1527_NIR,580,MVI_1527_NIR-0000116,nir_eval
MVI_1527_NIR,585,MVI_1527_NIR-0000117,nir_eval
MVI_1527_NIR,590,MVI_1527_NIR-0000118,nir_eval
MVI_1527_NIR,595,MVI_1527_NIR-0000119,nir_eval
MVI_1527_NIR,600,MVI_1527_NIR-0000120,nir_eval
MVI_1528_NIR,0,MVI_1528_NIR-0000000,nir_eval
MVI_1528_NIR,5,MVI_1528_NIR-0000001,nir_eval
MVI_1528_NIR,10,MVI_1528_NIR-0000002,nir_eval
MVI_1528_NIR,15,MVI_1528_NIR-0000003,nir_eval
MVI_1528_NIR,20,MVI_1528_NIR-0000004,nir_eval
MVI_1528_NIR,25,MVI_1528_NIR-0000005,nir_eval
MVI_1528_NIR,30,MVI_1528_NIR-0000006,nir_eval
MVI_1528_NIR,35,MVI_1528_NIR-0000007,nir_eval
MVI_1528_NIR,40,MVI_1528_NIR-0000008,nir_eval
MVI_1528_NIR,45,MVI_1528_NIR-0000009,nir_eval
MVI_1528_NIR,50,MVI_1528_NIR-0000010,nir_eval
MVI_1528_NIR,55,MVI_1528_NIR-0000011,nir_eval
MVI_1528_NIR,60,MVI_1528_NIR-0000012,nir_eval
MVI_1528_NIR,65,MVI_1528_NIR-0000013,nir_eval
MVI_1528_NIR,70,MVI_1528_NIR-0000014,nir_eval
MVI_1528_NIR,75,MVI_1528_NIR-0000015,nir_eval
MVI_1528_NIR,80,MVI_1528_NIR-0000016,nir_eval
MVI_1528_NIR,85,MVI_1528_NIR-0000017,nir_eval
MVI_1528_NIR,90,MVI_1528_NIR-0000018,nir_eval
MVI_1528_NIR,95,MVI_1528_NIR-0000019,nir_eval
MVI_1528_NIR,100,MVI_1528_NIR-0000020,nir_eval
MVI_1528_NIR,105,MVI_1528_NIR-0000021,nir_eval
MVI_1528_NIR,110,MVI_1528_NIR-0000022,nir_eval
MVI_1528_NIR,115,MVI_1528_NIR-0000023,nir_eval
MVI_1528_NIR,120,MVI_1528_NIR-0000024,nir_eval
MVI_1528_NIR,125,MVI_1528_NIR-0000025,nir_eval
MVI_1528_NIR,130,MVI_1528_NIR-0000026,nir_eval
MVI_1528_NIR,135,MVI_1528_NIR-0000027,nir_eval
MVI_1528_NIR,140,MVI_1528_NIR-0000028,nir_eval
MVI_1528_NIR,145,MVI_1528_NIR-0000029,nir_eval
MVI_1528_NIR,150,MVI_1528_NIR-0000030,nir_eval
MVI_1528_NIR,155,MVI_1528_NIR-0000031,nir_eval
MVI_1528_NIR,160,MVI_1528_NIR-0000032,nir_eval
MVI_1528_NIR,165,MVI_1528_NIR-0000033,nir_eval
MVI_1528_NIR,170,MVI_1528_NIR-0000034,nir_eval
MVI_1528_NIR,175,MVI_1528_NIR-0000035,nir_eval
MVI_1528_NIR,180,MVI_1528_NIR-0000036,nir_eval
MVI_1528_NIR,185,MVI_1528_NIR-0000037,nir_eval
MVI_1528_NIR,190,MVI_1528_NIR-0000038,nir_eval
MVI_1528_NIR,195,MVI_1528_NIR-0000039,nir_eval
MVI_1528_NIR,200,MVI_1528_NIR-0000040,nir_eval
MVI_1528_NIR,205,MVI_1528_NIR-0000041,nir_eval
MVI_1528_NIR,210,MVI_1528_NIR-0000042,nir_eval
MVI_1528_NIR,215,MVI_1528_NIR-0000043,nir_eval
MVI_1528_NIR,220,MVI_1528_NIR-0000044,nir_eval
MVI_1528_NIR,225,MVI_1528_NIR-0000045,nir_eval
MVI_1528_NIR,230,MVI_1528_NIR-0000046,nir_eval
MVI_1528_NIR,235,MVI_1528_NIR-0000047,nir_eval
MVI_1528_NIR,240,MVI_1528_NIR-0000048,nir_eval
MVI_1528_NIR,245,MVI_1528_NIR-0000049,nir_eval
MVI_1528_NIR,250,MVI_1528_NIR-0000050,nir_eval
MVI_1528_NIR,255,MVI_1528_NIR-0000051,nir_eval
MVI_1528_NIR,260,MVI_1528_NIR-0000052,nir_eval
MVI_1528_NIR,265,MVI_1528_NIR-0000053,nir_eval
MVI_1528_NIR,270,MVI_1528_NIR-0000054,nir_eval
MVI_1528_NIR,275,MVI_1528_NIR-0000055,nir_eval
MVI_1528_NIR,280,MVI_1528_NIR-0000056,nir_eval
MVI_1528_NIR,285,MVI_1528_NIR-0000057,nir_eval
MVI_1528_NIR,290,MVI_1528_NIR-0000058,nir_eval
MVI_1528_NIR,295,MVI_1528_NIR-0000059,nir_eval
MVI_1528_NIR,300,MVI_1528_NIR-0000060,nir_eval
MVI_1528_NIR,305,MVI_1528_NIR-0000061,nir_eval
MVI_1528_NIR,310,MVI_1528_NIR-0000062,nir_eval
MVI_1528_NIR,315,MVI_1528_NIR-0000063,nir_eval
MVI_1528_NIR,320,MVI_1528_NIR-0000064,nir_eval
MVI_1528_NIR,325,MVI_1528_NIR-0000065,nir_eval
MVI_1528_NIR,330,MVI_1528_NIR-0000066,nir_eval
MVI_1528_NIR,335,MVI_1528_NIR-0000067,nir_eval
MVI_1528_NIR,340,MVI_1528_NIR-0000068,nir_eval
MVI_1528_NIR,345,MVI_1528_NIR-0000069,nir_eval
MVI_1528_NIR,350,MVI_1528_NIR-0000070,nir_eval
MVI_1528_NIR,355,MVI_1528_NIR-0000071,nir_eval
MVI_1528_NIR,360,MVI_1528_NIR-0000072,nir_eval
MVI_1528_NIR,365,MVI_1528_NIR-0000073,nir_eval
MVI_1528_NIR,370,MVI_1528_NIR-0000074,nir_eval
MVI_1528_NIR,375,MVI_1528_NIR-0000075,nir_eval
MVI_1528_NIR,380,MVI_1528_NIR-0000076,nir_eval
MVI_1528_NIR,385,MVI_1528_NIR-0000077,nir_eval
MVI_1528_NIR,390,MVI_1528_NIR-0000078,nir_eval
MVI_1528_NIR,395,MVI_1528_NIR-0000079,nir_eval
MVI_1528_NIR,400,MVI_1528_NIR-0000080,nir_eval
MVI_1528_NIR,405,MVI_1528_NIR-0000081,nir_eval
MVI_1528_NIR,410,MVI_1528_NIR-0000082,nir_eval
MVI_1528_NIR,415,MVI_1528_NIR-0000083,nir_eval
MVI_1528_NIR,420,MVI_1528_NIR-0000084,nir_eval
MVI_1528_NIR,425,MVI_1528_NIR-0000085,nir_eval
MVI_1528_NIR,430,MVI_1528_NIR-0000086,nir_eval
MVI_1528_NIR,435,MVI_1528_NIR-0000087,nir_eval
MVI_1528_NIR,440,MVI_1528_NIR-0000088,nir_eval
MVI_1528_NIR,445,MVI_1528_NIR-0000089,nir_eval
MVI_1528_NIR,450,MVI_1528_NIR-0000090,nir_eval
MVI_1528_NIR,455,MVI_1528_NIR-0000091,nir_eval
MVI_1528_NIR,460,MVI_1528_NIR-0000092,nir_eval
MVI_1528_NIR,465,MVI_1528_NIR-0000093,nir_eval
MVI_1528_NIR,470,MVI_1528_NIR-0000094,nir_eval
MVI_1528_NIR,475,MVI_1528_NIR-0000095,nir_eval
MVI_1528_NIR,480,MVI_1528_NIR-0000096,nir_eval
MVI_1528_NIR,485,MVI_1528_NIR-0000097,nir_eval
MVI_1528_NIR,490,MVI_1528_NIR-0000098,nir_eval
MVI_1528_NIR,495,MVI_1528_NIR-0000099,nir_eval
MVI_1528_NIR,500,MVI_1528_NIR-0000100,nir_eval
MVI_1528_NIR,505,MVI_1528_NIR-0000101,nir_eval
MVI_1528_NIR,510,MVI_1528_NIR-0000102,nir_eval
MVI_1528_NIR,515,MVI_1528_NIR-0000103,nir_eval
MVI_1528_NIR,520,MVI_1528_NIR-0000104,nir_eval
MVI_1528_NIR,525,MVI_1528_NIR-0000105,nir_eval
MVI_1528_NIR,530,MVI_1528_NIR-0000106,nir_eval
MVI_1528_NIR,535,MVI_1528_NIR-0000107,nir_eval
MVI_1528_NIR,540,MVI_1528_NIR-0000108,nir_eval
MVI_1528_NIR,545,MVI_1528_NIR-0000109,nir_eval
MVI_1528_NIR,550,MVI_1528_NIR-0000110,nir_eval
MVI_1528_NIR,555,MVI_1528_NIR-0000111,nir_eval
MVI_1528_NIR,560,MVI_1528_NIR-0000112,nir_eval
MVI_1528_NIR,565,MVI_1528_NIR-0000113,nir_eval
MVI_1528_NIR,570,MVI_1528_NIR-0000114,nir_eval
MVI_1528_NIR,575,MVI_1528_NIR-0000115,nir_eval
MVI_1528_NIR,580,MVI_1528_NIR-0000116,nir_eval
MVI_1528_NIR,585,MVI_1528_NIR-0000117,nir_eval
MVI_1528_NIR,590,MVI_1528_NIR-0000118,nir_eval
MVI_1528_NIR,595,MVI_1528_NIR-0000119,nir_eval
MVI_1529_NIR,0,MVI_1529_NIR-0000000,nir_adapt
MVI_1529_NIR,5,MVI_1529_NIR-0000001,nir_adapt
MVI_1529_NIR,10,MVI_1529_NIR-0000002,nir_adapt
MVI_1529_NIR,15,MVI_1529_NIR-0000003,nir_adapt
MVI_1529_NIR,20,MVI_1529_NIR-0000004,nir_adapt
MVI_1529_NIR,25,MVI_1529_NIR-0000005,nir_adapt
MVI_1529_NIR,30,MVI_1529_NIR-0000006,nir_adapt
MVI_1529_NIR,35,MVI_1529_NIR-0000007,nir_adapt
MVI_1529_NIR,40,MVI_1529_NIR-0000008,nir_adapt
MVI_1529_NIR,45,MVI_1529_NIR-0000009,nir_adapt
MVI_1529_NIR,50,MVI_1529_NIR-0000010,nir_adapt
MVI_1529_NIR,55,MVI_1529_NIR-0000011,nir_adapt
MVI_1529_NIR,60,MVI_1529_NIR-0000012,nir_adapt
MVI_1529_NIR,65,MVI_1529_NIR-0000013,nir_adapt
MVI_1529_NIR,70,MVI_1529_NIR-0000014,nir_adapt
MVI_1529_NIR,75,MVI_1529_NIR-0000015,nir_adapt
MVI_1529_NIR,80,MVI_1529_NIR-0000016,nir_adapt
MVI_1529_NIR,85,MVI_1529_NIR-0000017,nir_adapt
MVI_1529_NIR,90,MVI_1529_NIR-0000018,nir_adapt
MVI_1529_NIR,95,MVI_1529_NIR-0000019,nir_adapt
MVI_1529_NIR,100,MVI_1529_NIR-0000020,nir_adapt
MVI_1529_NIR,105,MVI_1529_NIR-0000021,nir_adapt
MVI_1529_NIR,110,MVI_1529_NIR-0000022,nir_adapt
MVI_1529_NIR,115,MVI_1529_NIR-0000023,nir_adapt
MVI_1529_NIR,120,MVI_1529_NIR-0000024,nir_adapt
MVI_1529_NIR,125,MVI_1529_NIR-0000025,nir_adapt
MVI_1529_NIR,130,MVI_1529_NIR-0000026,nir_adapt
MVI_1529_NIR,135,MVI_1529_NIR-0000027,nir_adapt
MVI_1529_NIR,140,MVI_1529_NIR-0000028,nir_adapt
MVI_1529_NIR,145,MVI_1529_NIR-0000029,nir_adapt
MVI_1529_NIR,150,MVI_1529_NIR-0000030,nir_adapt
MVI_1529_NIR,155,MVI_1529_NIR-0000031,nir_adapt
MVI_1529_NIR,160,MVI_1529_NIR-0000032,nir_adapt
MVI_1529_NIR,165,MVI_1529_NIR-0000033,nir_adapt
MVI_1529_NIR,170,MVI_1529_NIR-0000034,nir_adapt
MVI_1529_NIR,175,MVI_1529_NIR-0000035,nir_adapt
MVI_1529_NIR,180,MVI_1529_NIR-0000036,nir_adapt
MVI_1529_NIR,185,MVI_1529_NIR-0000037,nir_adapt
MVI_1529_NIR,190,MVI_1529_NIR-0000038,nir_adapt
MVI_1529_NIR,195,MVI_1529_NIR-0000039,nir_adapt
MVI_1529_NIR,200,MVI_1529_NIR-0000040,nir_adapt
MVI_1529_NIR,205,MVI_1529_NIR-0000041,nir_adapt
MVI_1529_NIR,210,MVI_1529_NIR-0000042,nir_adapt
MVI_1529_NIR,215,MVI_1529_NIR-0000043,nir_adapt
MVI_1529_NIR,220,MVI_1529_NIR-0000044,nir_adapt
MVI_1529_NIR,225,MVI_1529_NIR-0000045,nir_adapt
MVI_1529_NIR,230,MVI_1529_NIR-0000046,nir_adapt
MVI_1529_NIR,235,MVI_1529_NIR-0000047,nir_adapt
MVI_1529_NIR,240,MVI_1529_NIR-0000048,nir_adapt
MVI_1529_NIR,245,MVI_1529_NIR-0000049,nir_adapt
MVI_1529_NIR,250,MVI_1529_NIR-0000050,nir_adapt
MVI_1529_NIR,255,MVI_1529_NIR-0000051,nir_adapt
MVI_1529_NIR,260,MVI_1529_NIR-0000052,nir_adapt
MVI_1529_NIR,265,MVI_1529_NIR-0000053,nir_adapt
MVI_1529_NIR,270,MVI_1529_NIR-0000054,nir_adapt
MVI_1529_NIR,275,MVI_1529_NIR-0000055,nir_adapt
MVI_1529_NIR,280,MVI_1529_NIR-0000056,nir_adapt
MVI_1529_NIR,285,MVI_1529_NIR-0000057,nir_adapt
MVI_1529_NIR,290,MVI_1529_NIR-0000058,nir_adapt
MVI_1529_NIR,295,MVI_1529_NIR-0000059,nir_adapt
MVI_1529_NIR,300,MVI_1529_NIR-0000060,nir_adapt
MVI_1529_NIR,305,MVI_1529_NIR-0000061,nir_adapt
MVI_1529_NIR,310,MVI_1529_NIR-0000062,nir_adapt
MVI_1529_NIR,315,MVI_1529_NIR-0000063,nir_adapt
MVI_1529_NIR,320,MVI_1529_NIR-0000064,nir_adapt
MVI_1529_NIR,325,MVI_1529_NIR-0000065,nir_adapt
MVI_1529_NIR,330,MVI_1529_NIR-0000066,nir_adapt
MVI_1529_NIR,335,MVI_1529_NIR-0000067,nir_adapt
MVI_1529_NIR,340,MVI_1529_NIR-0000068,nir_adapt
MVI_1529_NIR,345,MVI_1529_NIR-0000069,nir_adapt
MVI_1529_NIR,350,MVI_1529_NIR-0000070,nir_adapt
MVI_1529_NIR,355,MVI_1529_NIR-0000071,nir_adapt
MVI_1529_NIR,360,MVI_1529_NIR-0000072,nir_adapt
MVI_1529_NIR,365,MVI_1529_NIR-0000073,nir_adapt
MVI_1529_NIR,370,MVI_1529_NIR-0000074,nir_adapt
MVI_1529_NIR,375,MVI_1529_NIR-0000075,nir_adapt
MVI_1529_NIR,380,MVI_1529_NIR-0000076,nir_adapt
MVI_1529_NIR,385,MVI_1529_NIR-0000077,nir_adapt
MVI_1529_NIR,390,MVI_1529_NIR-0000078,nir_adapt
MVI_1529_NIR,395,MVI_1529_NIR-0000079,nir_adapt
MVI_1529_NIR,400,MVI_1529_NIR-0000080,nir_adapt
MVI_1529_NIR,405,MVI_1529_NIR-0000081,nir_adapt
MVI_1529_NIR,410,MVI_1529_NIR-0000082,nir_adapt
MVI_1529_NIR,415,MVI_1529_NIR-0000083,nir_adapt
MVI_1529_NIR,420,MVI_1529_NIR-0000084,nir_adapt
MVI_1529_NIR,425,MVI_1529_NIR-0000085,nir_adapt
MVI_1529_NIR,430,MVI_1529_NIR-0000086,nir_adapt
MVI_1529_NIR,435,MVI_1529_NIR-0000087,nir_adapt
MVI_1529_NIR,440,MVI_1529_NIR-0000088,nir_adapt
MVI_1529_NIR,445,MVI_1529_NIR-0000089,nir_adapt
MVI_1529_NIR,450,MVI_1529_NIR-0000090,nir_adapt
MVI_1529_NIR,455,MVI_1529_NIR-0000091,nir_adapt
MVI_1529_NIR,460,MVI_1529_NIR-0000092,nir_adapt
MVI_1529_NIR,465,MVI_1529_NIR-0000093,nir_adapt
MVI_1529_NIR,470,MVI_1529_NIR-0000094,nir_adapt
MVI_1529_NIR,475,MVI_1529_NIR-0000095,nir_adapt
MVI_1530_NIR,0,MVI_1530_NIR-0000000,nir_adapt
MVI_1530_NIR,5,MVI_1530_NIR-0000001,nir_adapt
MVI_1530_NIR,10,MVI_1530_NIR-0000002,nir_adapt
MVI_1530_NIR,15,MVI_1530_NIR-0000003,nir_adapt
MVI_1530_NIR,20,MVI_1530_NIR-0000004,nir_adapt
MVI_1530_NIR,25,MVI_1530_NIR-0000005,nir_adapt
MVI_1530_NIR,30,MVI_1530_NIR-0000006,nir_adapt
MVI_1530_NIR,35,MVI_1530_NIR-0000007,nir_adapt
MVI_1530_NIR,40,MVI_1530_NIR-0000008,nir_adapt
MVI_1530_NIR,45,MVI_1530_NIR-0000009,nir_adapt
MVI_1530_NIR,50,MVI_1530_NIR-0000010,nir_adapt
MVI_1530_NIR,55,MVI_1530_NIR-0000011,nir_adapt
MVI_1530_NIR,60,MVI_1530_NIR-0000012,nir_adapt
MVI_1530_NIR,65,MVI_1530_NIR-0000013,nir_adapt
MVI_1530_NIR,70,MVI_1530_NIR-0000014,nir_adapt
MVI_1530_NIR,75,MVI_1530_NIR-0000015,nir_adapt
MVI_1530_NIR,80,MVI_1530_NIR-0000016,nir_adapt
MVI_1530_NIR,85,MVI_1530_NIR-0000017,nir_adapt
MVI_1530_NIR,90,MVI_1530_NIR-0000018,nir_adapt
MVI_1530_NIR,95,MVI_1530_NIR-0000019,nir_adapt
MVI_1530_NIR,100,MVI_1530_NIR-0000020,nir_adapt
MVI_1530_NIR,105,MVI_1530_NIR-0000021,nir_adapt
MVI_1530_NIR,110,MVI_1530_NIR-0000022,nir_adapt
MVI_1530_NIR,115,MVI_1530_NIR-0000023,nir_adapt
MVI_1530_NIR,120,MVI_1530_NIR-0000024,nir_adapt
MVI_1530_NIR,125,MVI_1530_NIR-0000025,nir_adapt
MVI_1530_NIR,130,MVI_1530_NIR-0000026,nir_adapt
MVI_1530_NIR,135,MVI_1530_NIR-0000027,nir_adapt
MVI_1530_NIR,140,MVI_1530_NIR-0000028,nir_adapt
MVI_1530_NIR,145,MVI_1530_NIR-0000029,nir_adapt
MVI_1530_NIR,150,MVI_1530_NIR-0000030,nir_adapt
MVI_1530_NIR,155,MVI_1530_NIR-0000031,nir_adapt
MVI_1530_NIR,160,MVI_1530_NIR-0000032,nir_adapt
MVI_1530_NIR,165,MVI_1530_NIR-0000033,nir_adapt
MVI_1530_NIR,170,MVI_1530_NIR-0000034,nir_adapt
MVI_1530_NIR,175,MVI_1530_NIR-0000035,nir_adapt
MVI_1530_NIR,180,MVI_1530_NIR-0000036,nir_adapt
MVI_1530_NIR,185,MVI_1530_NIR-0000037,nir_adapt
MVI_1530_NIR,190,MVI_1530_NIR-0000038,nir_adapt
MVI_1530_NIR,195,MVI_1530_NIR-0000039,nir_adapt
MVI_1530_NIR,200,MVI_1530_NIR-0000040,nir_adapt
MVI_1530_NIR,205,MVI_1530_NIR-0000041,nir_adapt
MVI_1530_NIR,210,MVI_1530_NIR-0000042,nir_adapt
MVI_1530_NIR,215,MVI_1530_NIR-0000043,nir_adapt
MVI_1530_NIR,220,MVI_1530_NIR-0000044,nir_adapt
MVI_1530_NIR,225,MVI_1530_NIR-0000045,nir_adapt
MVI_1530_NIR,230,MVI_1530_NIR-0000046,nir_adapt
MVI_1530_NIR,235,MVI_1530_NIR-0000047,nir_adapt
MVI_1530_NIR,240,MVI_1530_NIR-0000048,nir_adapt
MVI_1530_NIR,245,MVI_1530_NIR-0000049,nir_adapt
MVI_1530_NIR,250,MVI_1530_NIR-0000050,nir_adapt
MVI_1530_NIR,255,MVI_1530_NIR-0000051,nir_adapt
MVI_1530_NIR,260,MVI_1530_NIR-0000052,nir_adapt
MVI_1530_NIR,265,MVI_1530_NIR-0000053,nir_adapt
MVI_1530_NIR,270,MVI_1530_NIR-0000054,nir_adapt
MVI_1530_NIR,275,MVI_1530_NIR-0000055,nir_adapt
MVI_1530_NIR,280,MVI_1530_NIR-0000056,nir_adapt
MVI_1530_NIR,285,MVI_1530_NIR-0000057,nir_adapt
MVI_1530_NIR,290,MVI_1530_NIR-0000058,nir_adapt
MVI_1530_NIR,295,MVI_1530_NIR-0000059,nir_adapt
MVI_1530_NIR,300,MVI_1530_NIR-0000060,nir_adapt
MVI_1530_NIR,305,MVI_1530_NIR-0000061,nir_adapt
MVI_1530_NIR,310,MVI_1530_NIR-0000062,nir_adapt
MVI_1530_NIR,315,MVI_1530_NIR-0000063,nir_adapt
MVI_1530_NIR,320,MVI_1530_NIR-0000064,nir_adapt
MVI_1530_NIR,325,MVI_1530_NIR-0000065,nir_adapt
MVI_1530_NIR,330,MVI_1530_NIR-0000066,nir_adapt
MVI_1530_NIR,335,MVI_1530_NIR-0000067,nir_adapt
MVI_1530_NIR,340,MVI_1530_NIR-0000068,nir_adapt
MVI_1530_NIR,345,MVI_1530_NIR-0000069,nir_adapt
MVI_1530_NIR,350,MVI_1530_NIR-0000070,nir_adapt
MVI_1530_NIR,355,MVI_1530_NIR-0000071,nir_adapt
MVI_1530_NIR,360,MVI_1530_NIR-0000072,nir_adapt
MVI_1530_NIR,365,MVI_1530_NIR-0000073,nir_adapt
MVI_1530_NIR,370,MVI_1530_NIR-0000074,nir_adapt
MVI_1530_NIR,375,MVI_1530_NIR-0000075,nir_adapt
MVI_1530_NIR,380,MVI_1530_NIR-0000076,nir_adapt
MVI_1530_NIR,385,MVI_1530_NIR-0000077,nir_adapt
MVI_1530_NIR,390,MVI_1530_NIR-0000078,nir_adapt
MVI_1530_NIR,395,MVI_1530_NIR-0000079,nir_adapt
MVI_1530_NIR,400,MVI_1530_NIR-0000080,nir_adapt
MVI_1530_NIR,405,MVI_1530_NIR-0000081,nir_adapt
MVI_1530_NIR,410,MVI_1530_NIR-0000082,nir_adapt
MVI_1530_NIR,415,MVI_1530_NIR-0000083,nir_adapt
MVI_1530_NIR,420,MVI_1530_NIR-0000084,nir_adapt
MVI_1530_NIR,425,MVI_1530_NIR-0000085,nir_adapt
MVI_1530_NIR,430,MVI_1530_NIR-0000086,nir_adapt
MVI_1530_NIR,435,MVI_1530_NIR-0000087,nir_adapt
MVI_1530_NIR,440,MVI_1530_NIR-0000088,nir_adapt
MVI_1530_NIR,445,MVI_1530_NIR-0000089,nir_adapt
MVI_1530_NIR,450,MVI_1530_NIR-0000090,nir_adapt
MVI_1530_NIR,455,MVI_1530_NIR-0000091,nir_adapt
MVI_1530_NIR,460,MVI_1530_NIR-0000092,nir_adapt
MVI_1530_NIR,465,MVI_1530_NIR-0000093,nir_adapt
MVI_1530_NIR,470,MVI_1530_NIR-0000094,nir_adapt
MVI_1530_NIR,475,MVI_1530_NIR-0000095,nir_adapt
MVI_1530_NIR,480,MVI_1530_NIR-0000096,nir_adapt
MVI_1530_NIR,485,MVI_1530_NIR-0000097,nir_adapt
MVI_1530_NIR,490,MVI_1530_NIR-0000098,nir_adapt
MVI_1530_NIR,495,MVI_1530_NIR-0000099,nir_adapt
MVI_1532_NIR,0,MVI_1532_NIR-0000000,nir_eval
MVI_1532_NIR,5,MVI_1532_NIR-0000001,nir_eval
MVI_1532_NIR,10,MVI_1532_NIR-0000002,nir_eval
MVI_1532_NIR,15,MVI_1532_NIR-0000003,nir_eval
MVI_1532_NIR,20,MVI_1532_NIR-0000004,nir_eval
MVI_1532_NIR,25,MVI_1532_NIR-0000005,nir_eval
MVI_1532_NIR,30,MVI_1532_NIR-0000006,nir_eval
MVI_1532_NIR,35,MVI_1532_NIR-0000007,nir_eval
MVI_1532_NIR,40,MVI_1532_NIR-0000008,nir_eval
MVI_1532_NIR,45,MVI_1532_NIR-0000009,nir_eval
MVI_1532_NIR,50,MVI_1532_NIR-0000010,nir_eval
MVI_1532_NIR,55,MVI_1532_NIR-0000011,nir_eval
MVI_1532_NIR,60,MVI_1532_NIR-0000012,nir_eval
MVI_1532_NIR,65,MVI_1532_NIR-0000013,nir_eval
MVI_1532_NIR,70,MVI_1532_NIR-0000014,nir_eval
MVI_1532_NIR,75,MVI_1532_NIR-0000015,nir_eval
MVI_1532_NIR,80,MVI_1532_NIR-0000016,nir_eval
MVI_1532_NIR,85,MVI_1532_NIR-0000017,nir_eval
MVI_1532_NIR,90,MVI_1532_NIR-0000018,nir_eval
MVI_1532_NIR,95,MVI_1532_NIR-0000019,nir_eval
MVI_1532_NIR,100,MVI_1532_NIR-0000020,nir_eval
MVI_1532_NIR,105,MVI_1532_NIR-0000021,nir_eval
MVI_1532_NIR,110,MVI_1532_NIR-0000022,nir_eval
MVI_1532_NIR,115,MVI_1532_NIR-0000023,nir_eval
MVI_1532_NIR,120,MVI_1532_NIR-0000024,nir_eval
MVI_1532_NIR,125,MVI_1532_NIR-0000025,nir_eval
MVI_1532_NIR,130,MVI_1532_NIR-0000026,nir_eval
MVI_1532_NIR,135,MVI_1532_NIR-0000027,nir_eval
MVI_1532_NIR,140,MVI_1532_NIR-0000028,nir_eval
MVI_1532_NIR,145,MVI_1532_NIR-0000029,nir_eval
MVI_1532_NIR,150,MVI_1532_NIR-0000030,nir_eval
MVI_1532_NIR,155,MVI_1532_NIR-0000031,nir_eval
MVI_1532_NIR,160,MVI_1532_NIR-0000032,nir_eval
MVI_1532_NIR,165,MVI_1532_NIR-0000033,nir_eval
MVI_1532_NIR,170,MVI_1532_NIR-0000034,nir_eval
MVI_1532_NIR,175,MVI_1532_NIR-0000035,nir_eval
MVI_1532_NIR,180,MVI_1532_NIR-0000036,nir_eval
MVI_1532_NIR,185,MVI_1532_NIR-0000037,nir_eval
MVI_1532_NIR,190,MVI_1532_NIR-0000038,nir_eval
MVI_1532_NIR,195,MVI_1532_NIR-0000039,nir_eval
MVI_1532_NIR,200,MVI_1532_NIR-0000040,nir_eval
MVI_1532_NIR,205,MVI_1532_NIR-0000041,nir_eval
MVI_1532_NIR,210,MVI_1532_NIR-0000042,nir_eval
MVI_1532_NIR,215,MVI_1532_NIR-0000043,nir_eval
MVI_1532_NIR,220,MVI_1532_NIR-0000044,nir_eval
MVI_1532_NIR,225,MVI_1532_NIR-0000045,nir_eval
MVI_1532_NIR,230,MVI_1532_NIR-0000046,nir_eval
MVI_1532_NIR,235,MVI_1532_NIR-0000047,nir_eval
MVI_1532_NIR,240,MVI_1532_NIR-0000048,nir_eval
MVI_1532_NIR,245,MVI_1532_NIR-0000049,nir_eval
MVI_1532_NIR,250,MVI_1532_NIR-0000050,nir_eval
MVI_1532_NIR,255,MVI_1532_NIR-0000051,nir_eval
MVI_1532_NIR,260,MVI_1532_NIR-0000052,nir_eval
MVI_1532_NIR,265,MVI_1532_NIR-0000053,nir_eval
MVI_1532_NIR,270,MVI_1532_NIR-0000054,nir_eval
MVI_1532_NIR,275,MVI_1532_NIR-0000055,nir_eval
MVI_1532_NIR,280,MVI_1532_NIR-0000056,nir_eval
MVI_1532_NIR,285,MVI_1532_NIR-0000057,nir_eval
MVI_1532_NIR,290,MVI_1532_NIR-0000058,nir_eval
MVI_1538_NIR,0,MVI_1538_NIR-0000000,nir_adapt
MVI_1538_NIR,5,MVI_1538_NIR-0000001,nir_adapt
MVI_1538_NIR,10,MVI_1538_NIR-0000002,nir_adapt
MVI_1538_NIR,15,MVI_1538_NIR-0000003,nir_adapt
MVI_1538_NIR,20,MVI_1538_NIR-0000004,nir_adapt
MVI_1538_NIR,25,MVI_1538_NIR-0000005,nir_adapt
MVI_1538_NIR,30,MVI_1538_NIR-0000006,nir_adapt
MVI_1538_NIR,35,MVI_1538_NIR-0000007,nir_adapt
MVI_1538_NIR,40,MVI_1538_NIR-0000008,nir_adapt
MVI_1538_NIR,45,MVI_1538_NIR-0000009,nir_adapt
MVI_1538_NIR,50,MVI_1538_NIR-0000010,nir_adapt
MVI_1538_NIR,55,MVI_1538_NIR-0000011,nir_adapt
MVI_1538_NIR,60,MVI_1538_NIR-0000012,nir_adapt
MVI_1538_NIR,65,MVI_1538_NIR-0000013,nir_adapt
MVI_1538_NIR,70,MVI_1538_NIR-0000014,nir_adapt
MVI_1538_NIR,75,MVI_1538_NIR-0000015,nir_adapt
MVI_1538_NIR,80,MVI_1538_NIR-0000016,nir_adapt
MVI_1538_NIR,85,MVI_1538_NIR-0000017,nir_adapt
MVI_1538_NIR,90,MVI_1538_NIR-0000018,nir_adapt
MVI_1538_NIR,95,MVI_1538_NIR-0000019,nir_adapt
MVI_1538_NIR,100,MVI_1538_NIR-0000020,nir_adapt
MVI_1538_NIR,105,MVI_1538_NIR-0000021,nir_adapt
MVI_1538_NIR,110,MVI_1538_NIR-0000022,nir_adapt
MVI_1538_NIR,115,MVI_1538_NIR-0000023,nir_adapt
MVI_1538_NIR,120,MVI_1538_NIR-0000024,nir_adapt
MVI_1538_NIR,125,MVI_1538_NIR-0000025,nir_adapt
MVI_1538_NIR,130,MVI_1538_NIR-0000026,nir_adapt
MVI_1538_NIR,135,MVI_1538_NIR-0000027,nir_adapt
MVI_1538_NIR,140,MVI_1538_NIR-0000028,nir_adapt
MVI_1538_NIR,145,MVI_1538_NIR-0000029,nir_adapt
MVI_1538_NIR,150,MVI_1538_NIR-0000030,nir_adapt
MVI_1538_NIR,155,MVI_1538_NIR-0000031,nir_adapt
MVI_1538_NIR,160,MVI_1538_NIR-0000032,nir_adapt
MVI_1538_NIR,165,MVI_1538_NIR-0000033,nir_adapt
MVI_1538_NIR,170,MVI_1538_NIR-0000034,nir_adapt
MVI_1538_NIR,175,MVI_1538_NIR-0000035,nir_adapt
MVI_1538_NIR,180,MVI_1538_NIR-0000036,nir_adapt
MVI_1538_NIR,185,MVI_1538_NIR-0000037,nir_adapt
MVI_1538_NIR,190,MVI_1538_NIR-0000038,nir_adapt
MVI_1538_NIR,195,MVI_1538_NIR-0000039,nir_adapt
MVI_1538_NIR,200,MVI_1538_NIR-0000040,nir_adapt
MVI_1538_NIR,205,MVI_1538_NIR-0000041,nir_adapt
MVI_1538_NIR,210,MVI_1538_NIR-0000042,nir_adapt
MVI_1538_NIR,215,MVI_1538_NIR-0000043,nir_adapt
MVI_1538_NIR,220,MVI_1538_NIR-0000044,nir_adapt
MVI_1538_NIR,225,MVI_1538_NIR-0000045,nir_adapt
MVI_1538_NIR,230,MVI_1538_NIR-0000046,nir_adapt
MVI_1538_NIR,235,MVI_1538_NIR-0000047,nir_adapt
MVI_1538_NIR,240,MVI_1538_NIR-0000048,nir_adapt
MVI_1538_NIR,245,MVI_1538_NIR-0000049,nir_adapt
MVI_1538_NIR,250,MVI_1538_NIR-0000050,nir_adapt
MVI_1538_NIR,255,MVI_1538_NIR-0000051,nir_adapt
MVI_1538_NIR,260,MVI_1538_NIR-0000052,nir_adapt
MVI_1538_NIR,265,MVI_1538_NIR-0000053,nir_adapt
MVI_1538_NIR,270,MVI_1538_NIR-0000054,nir_adapt
MVI_1538_NIR,275,MVI_1538_NIR-0000055,nir_adapt
MVI_1538_NIR,280,MVI_1538_NIR-0000056,nir_adapt
MVI_1538_NIR,285,MVI_1538_NIR-0000057,nir_adapt
MVI_1538_NIR,290,MVI_1538_NIR-0000058,nir_adapt
MVI_1538_NIR,295,MVI_1538_NIR-0000059,nir_adapt
MVI_1538_NIR,300,MVI_1538_NIR-0000060,nir_adapt
MVI_1538_NIR,305,MVI_1538_NIR-0000061,nir_adapt
MVI_1538_NIR,310,MVI_1538_NIR-0000062,nir_adapt
MVI_1538_NIR,315,MVI_1538_NIR-0000063,nir_adapt
MVI_1538_NIR,320,MVI_1538_NIR-0000064,nir_adapt
MVI_1538_NIR,325,MVI_1538_NIR-0000065,nir_adapt
MVI_1538_NIR,330,MVI_1538_NIR-0000066,nir_adapt
MVI_1538_NIR,335,MVI_1538_NIR-0000067,nir_adapt
MVI_1538_NIR,340,MVI_1538_NIR-0000068,nir_adapt
MVI_1538_NIR,345,MVI_1538_NIR-0000069,nir_adapt
MVI_1538_NIR,350,MVI_1538_NIR-0000070,nir_adapt
MVI_1538_NIR,355,MVI_1538_NIR-0000071,nir_adapt
MVI_1538_NIR,360,MVI_1538_NIR-0000072,nir_adapt
MVI_1538_NIR,365,MVI_1538_NIR-0000073,nir_adapt
MVI_1538_NIR,370,MVI_1538_NIR-0000074,nir_adapt
MVI_1538_NIR,375,MVI_1538_NIR-0000075,nir_adapt
MVI_1538_NIR,380,MVI_1538_NIR-0000076,nir_adapt
MVI_1538_NIR,385,MVI_1538_NIR-0000077,nir_adapt
MVI_1538_NIR,390,MVI_1538_NIR-0000078,nir_adapt
MVI_1538_NIR,395,MVI_1538_NIR-0000079,nir_adapt
MVI_1538_NIR,400,MVI_1538_NIR-0000080,nir_adapt
MVI_1538_NIR,405,MVI_1538_NIR-0000081,nir_adapt
MVI_1538_NIR,410,MVI_1538_NIR-0000082,nir_adapt
MVI_1538_NIR,415,MVI_1538_NIR-0000083,nir_adapt
MVI_1539_NIR,0,MVI_1539_NIR-0000000,nir_adapt
MVI_1539_NIR,5,MVI_1539_NIR-0000001,nir_adapt
MVI_1539_NIR,10,MVI_1539_NIR-0000002,nir_adapt
MVI_1539_NIR,15,MVI_1539_NIR-0000003,nir_adapt
MVI_1539_NIR,20,MVI_1539_NIR-0000004,nir_adapt
MVI_1539_NIR,25,MVI_1539_NIR-0000005,nir_adapt
MVI_1539_NIR,30,MVI_1539_NIR-0000006,nir_adapt
MVI_1539_NIR,35,MVI_1539_NIR-0000007,nir_adapt
MVI_1539_NIR,40,MVI_1539_NIR-0000008,nir_adapt
MVI_1539_NIR,45,MVI_1539_NIR-0000009,nir_adapt
MVI_1539_NIR,50,MVI_1539_NIR-0000010,nir_adapt
MVI_1539_NIR,55,MVI_1539_NIR-0000011,nir_adapt
MVI_1539_NIR,60,MVI_1539_NIR-0000012,nir_adapt
MVI_1539_NIR,65,MVI_1539_NIR-0000013,nir_adapt
MVI_1539_NIR,70,MVI_1539_NIR-0000014,nir_adapt
MVI_1539_NIR,75,MVI_1539_NIR-0000015,nir_adapt
MVI_1539_NIR,80,MVI_1539_NIR-0000016,nir_adapt
MVI_1539_NIR,85,MVI_1539_NIR-0000017,nir_adapt
MVI_1539_NIR,90,MVI_1539_NIR-0000018,nir_adapt
MVI_1539_NIR,95,MVI_1539_NIR-0000019,nir_adapt
MVI_1539_NIR,100,MVI_1539_NIR-0000020,nir_adapt
MVI_1539_NIR,105,MVI_1539_NIR-0000021,nir_adapt
MVI_1539_NIR,110,MVI_1539_NIR-0000022,nir_adapt
MVI_1539_NIR,115,MVI_1539_NIR-0000023,nir_adapt
MVI_1539_NIR,120,MVI_1539_NIR-0000024,nir_adapt
MVI_1539_NIR,125,MVI_1539_NIR-0000025,nir_adapt
MVI_1539_NIR,130,MVI_1539_NIR-0000026,nir_adapt
MVI_1539_NIR,135,MVI_1539_NIR-0000027,nir_adapt
MVI_1539_NIR,140,MVI_1539_NIR-0000028,nir_adapt
MVI_1539_NIR,145,MVI_1539_NIR-0000029,nir_adapt
MVI_1539_NIR,150,MVI_1539_NIR-0000030,nir_adapt
MVI_1539_NIR,155,MVI_1539_NIR-0000031,nir_adapt
MVI_1539_NIR,160,MVI_1539_NIR-0000032,nir_adapt
MVI_1539_NIR,165,MVI_1539_NIR-0000033,nir_adapt
MVI_1539_NIR,170,MVI_1539_NIR-0000034,nir_adapt
MVI_1539_NIR,175,MVI_1539_NIR-0000035,nir_adapt
MVI_1539_NIR,180,MVI_1539_NIR-0000036,nir_adapt
MVI_1539_NIR,185,MVI_1539_NIR-0000037,nir_adapt
MVI_1539_NIR,190,MVI_1539_NIR-0000038,nir_adapt
MVI_1539_NIR,195,MVI_1539_NIR-0000039,nir_adapt
MVI_1539_NIR,200,MVI_1539_NIR-0000040,nir_adapt
MVI_1539_NIR,205,MVI_1539_NIR-0000041,nir_adapt
MVI_1539_NIR,210,MVI_1539_NIR-0000042,nir_adapt
MVI_1539_NIR,215,MVI_1539_NIR-0000043,nir_adapt
MVI_1539_NIR,220,MVI_1539_NIR-0000044,nir_adapt
MVI_1539_NIR,225,MVI_1539_NIR-0000045,nir_adapt
MVI_1539_NIR,230,MVI_1539_NIR-0000046,nir_adapt
MVI_1539_NIR,235,MVI_1539_NIR-0000047,nir_adapt
MVI_1539_NIR,240,MVI_1539_NIR-0000048,nir_adapt
MVI_1539_NIR,245,MVI_1539_NIR-0000049,nir_adapt
MVI_1539_NIR,250,MVI_1539_NIR-0000050,nir_adapt
MVI_1539_NIR,255,MVI_1539_NIR-0000051,nir_adapt
MVI_1539_NIR,260,MVI_1539_NIR-0000052,nir_adapt
MVI_1539_NIR,265,MVI_1539_NIR-0000053,nir_adapt
MVI_1539_NIR,270,MVI_1539_NIR-0000054,nir_adapt
MVI_1539_NIR,275,MVI_1539_NIR-0000055,nir_adapt
MVI_1539_NIR,280,MVI_1539_NIR-0000056,nir_adapt
MVI_1539_NIR,285,MVI_1539_NIR-0000057,nir_adapt
MVI_1539_NIR,290,MVI_1539_NIR-0000058,nir_adapt
MVI_1539_NIR,295,MVI_1539_NIR-0000059,nir_adapt
MVI_1539_NIR,300,MVI_1539_NIR-0000060,nir_adapt
MVI_1539_NIR,305,MVI_1539_NIR-0000061,nir_adapt
MVI_1539_NIR,310,MVI_1539_NIR-0000062,nir_adapt
MVI_1539_NIR,315,MVI_1539_NIR-0000063,nir_adapt
MVI_1539_NIR,320,MVI_1539_NIR-0000064,nir_adapt
MVI_1539_NIR,325,MVI_1539_NIR-0000065,nir_adapt
MVI_1539_NIR,330,MVI_1539_NIR-0000066,nir_adapt
MVI_1539_NIR,335,MVI_1539_NIR-0000067,nir_adapt
MVI_1539_NIR,340,MVI_1539_NIR-0000068,nir_adapt
MVI_1539_NIR,345,MVI_1539_NIR-0000069,nir_adapt
MVI_1539_NIR,350,MVI_1539_NIR-0000070,nir_adapt
MVI_1539_NIR,355,MVI_1539_NIR-0000071,nir_adapt
MVI_1539_NIR,360,MVI_1539_NIR-0000072,nir_adapt
MVI_1539_NIR,365,MVI_1539_NIR-0000073,nir_adapt
MVI_1539_NIR,370,MVI_1539_NIR-0000074,nir_adapt
MVI_1539_NIR,375,MVI_1539_NIR-0000075,nir_adapt
MVI_1539_NIR,380,MVI_1539_NIR-0000076,nir_adapt
MVI_1539_NIR,385,MVI_1539_NIR-0000077,nir_adapt
MVI_1539_NIR,390,MVI_1539_NIR-0000078,nir_adapt
MVI_1539_NIR,395,MVI_1539_NIR-0000079,nir_adapt
MVI_1539_NIR,400,MVI_1539_NIR-0000080,nir_adapt
MVI_1539_NIR,405,MVI_1539_NIR-0000081,nir_adapt
MVI_1539_NIR,410,MVI_1539_NIR-0000082,nir_adapt
MVI_1539_NIR,415,MVI_1539_NIR-0000083,nir_adapt
MVI_1539_NIR,420,MVI_1539_NIR-0000084,nir_adapt
MVI_1539_NIR,425,MVI_1539_NIR-0000085,nir_adapt
MVI_1539_NIR,430,MVI_1539_NIR-0000086,nir_adapt
MVI_1539_NIR,435,MVI_1539_NIR-0000087,nir_adapt
MVI_1539_NIR,440,MVI_1539_NIR-0000088,nir_adapt
MVI_1539_NIR,445,MVI_1539_NIR-0000089,nir_adapt
MVI_1539_NIR,450,MVI_1539_NIR-0000090,nir_adapt
MVI_1539_NIR,455,MVI_1539_NIR-0000091,nir_adapt
MVI_1539_NIR,460,MVI_1539_NIR-0000092,nir_adapt
MVI_1539_NIR,465,MVI_1539_NIR-0000093,nir_adapt
MVI_1539_NIR,470,MVI_1539_NIR-0000094,nir_adapt
MVI_1539_NIR,475,MVI_1539_NIR-0000095,nir_adapt
MVI_1539_NIR,480,MVI_1539_NIR-0000096,nir_adapt
MVI_1539_NIR,485,MVI_1539_NIR-0000097,nir_adapt
MVI_1539_NIR,490,MVI_1539_NIR-0000098,nir_adapt
MVI_1539_NIR,495,MVI_1539_NIR-0000099,nir_adapt
MVI_1539_NIR,500,MVI_1539_NIR-0000100,nir_adapt
MVI_1539_NIR,505,MVI_1539_NIR-0000101,nir_adapt
MVI_1539_NIR,510,MVI_1539_NIR-0000102,nir_adapt
MVI_1539_NIR,515,MVI_1539_NIR-0000103,nir_adapt
MVI_1539_NIR,520,MVI_1539_NIR-0000104,nir_adapt
MVI_1539_NIR,525,MVI_1539_NIR-0000105,nir_adapt
MVI_1539_NIR,530,MVI_1539_NIR-0000106,nir_adapt
MVI_1539_NIR,535,MVI_1539_NIR-0000107,nir_adapt
MVI_1539_NIR,540,MVI_1539_NIR-0000108,nir_adapt
MVI_1539_NIR,545,MVI_1539_NIR-0000109,nir_adapt
MVI_1539_NIR,550,MVI_1539_NIR-0000110,nir_adapt
MVI_1539_NIR,555,MVI_1539_NIR-0000111,nir_adapt
MVI_1539_NIR,560,MVI_1539_NIR-0000112,nir_adapt
MVI_1539_NIR,565,MVI_1539_NIR-0000113,nir_adapt
MVI_1539_NIR,570,MVI_1539_NIR-0000114,nir_adapt
MVI_1539_NIR,575,MVI_1539_NIR-0000115,nir_adapt
MVI_1539_NIR,580,MVI_1539_NIR-0000116,nir_adapt
MVI_1539_NIR,585,MVI_1539_NIR-0000117,nir_adapt
MVI_1539_NIR,590,MVI_1539_NIR-0000118,nir_adapt
MVI_1539_NIR,595,MVI_1539_NIR-0000119,nir_adapt
MVI_1539_NIR,600,MVI_1539_NIR-0000120,nir_adapt
MVI_1541_NIR,0,MVI_1541_NIR-0000000,nir_eval
MVI_1541_NIR,5,MVI_1541_NIR-0000001,nir_eval
MVI_1541_NIR,10,MVI_1541_NIR-0000002,nir_eval
MVI_1541_NIR,15,MVI_1541_NIR-0000003,nir_eval
MVI_1541_NIR,20,MVI_1541_NIR-0000004,nir_eval
MVI_1541_NIR,25,MVI_1541_NIR-0000005,nir_eval
MVI_1541_NIR,30,MVI_1541_NIR-0000006,nir_eval
MVI_1541_NIR,35,MVI_1541_NIR-0000007,nir_eval
MVI_1541_NIR,40,MVI_1541_NIR-0000008,nir_eval
MVI_1541_NIR,45,MVI_1541_NIR-0000009,nir_eval
MVI_1541_NIR,50,MVI_1541_NIR-0000010,nir_eval
MVI_1541_NIR,55,MVI_1541_NIR-0000011,nir_eval
MVI_1541_NIR,60,MVI_1541_NIR-0000012,nir_eval
MVI_1541_NIR,65,MVI_1541_NIR-0000013,nir_eval
MVI_1541_NIR,70,MVI_1541_NIR-0000014,nir_eval
MVI_1541_NIR,75,MVI_1541_NIR-0000015,nir_eval
MVI_1541_NIR,80,MVI_1541_NIR-0000016,nir_eval
MVI_1541_NIR,85,MVI_1541_NIR-0000017,nir_eval
MVI_1541_NIR,90,MVI_1541_NIR-0000018,nir_eval
MVI_1541_NIR,95,MVI_1541_NIR-0000019,nir_eval
MVI_1541_NIR,100,MVI_1541_NIR-0000020,nir_eval
MVI_1541_NIR,105,MVI_1541_NIR-0000021,nir_eval
MVI_1541_NIR,110,MVI_1541_NIR-0000022,nir_eval
MVI_1541_NIR,115,MVI_1541_NIR-0000023,nir_eval
MVI_1541_NIR,120,MVI_1541_NIR-0000024,nir_eval
MVI_1541_NIR,125,MVI_1541_NIR-0000025,nir_eval
MVI_1541_NIR,130,MVI_1541_NIR-0000026,nir_eval
MVI_1541_NIR,135,MVI_1541_NIR-0000027,nir_eval
MVI_1541_NIR,140,MVI_1541_NIR-0000028,nir_eval
MVI_1541_NIR,145,MVI_1541_NIR-0000029,nir_eval
MVI_1541_NIR,150,MVI_1541_NIR-0000030,nir_eval
MVI_1541_NIR,155,MVI_1541_NIR-0000031,nir_eval
MVI_1541_NIR,160,MVI_1541_NIR-0000032,nir_eval
MVI_1541_NIR,165,MVI_1541_NIR-0000033,nir_eval
MVI_1541_NIR,170,MVI_1541_NIR-0000034,nir_eval
MVI_1541_NIR,175,MVI_1541_NIR-0000035,nir_eval
MVI_1541_NIR,180,MVI_1541_NIR-0000036,nir_eval
MVI_1541_NIR,185,MVI_1541_NIR-0000037,nir_eval
MVI_1541_NIR,190,MVI_1541_NIR-0000038,nir_eval
MVI_1541_NIR,195,MVI_1541_NIR-0000039,nir_eval
MVI_1541_NIR,200,MVI_1541_NIR-0000040,nir_eval
MVI_1541_NIR,205,MVI_1541_NIR-0000041,nir_eval
MVI_1541_NIR,210,MVI_1541_NIR-0000042,nir_eval
MVI_1541_NIR,215,MVI_1541_NIR-0000043,nir_eval
MVI_1541_NIR,220,MVI_1541_NIR-0000044,nir_eval
MVI_1541_NIR,225,MVI_1541_NIR-0000045,nir_eval
MVI_1541_NIR,230,MVI_1541_NIR-0000046,nir_eval
MVI_1541_NIR,235,MVI_1541_NIR-0000047,nir_eval
MVI_1541_NIR,240,MVI_1541_NIR-0000048,nir_eval
MVI_1541_NIR,245,MVI_1541_NIR-0000049,nir_eval
MVI_1541_NIR,250,MVI_1541_NIR-0000050,nir_eval
MVI_1541_NIR,255,MVI_1541_NIR-0000051,nir_eval
MVI_1541_NIR,260,MVI_1541_NIR-0000052,nir_eval
MVI_1541_NIR,265,MVI_1541_NIR-0000053,nir_eval
MVI_1541_NIR,270,MVI_1541_NIR-0000054,nir_eval
MVI_1541_NIR,275,MVI_1541_NIR-0000055,nir_eval
MVI_1541_NIR,280,MVI_1541_NIR-0000056,nir_eval
MVI_1541_NIR,285,MVI_1541_NIR-0000057,nir_eval
MVI_1541_NIR,290,MVI_1541_NIR-0000058,nir_eval
MVI_1541_NIR,295,MVI_1541_NIR-0000059,nir_eval
MVI_1541_NIR,300,MVI_1541_NIR-0000060,nir_eval
MVI_1541_NIR,305,MVI_1541_NIR-0000061,nir_eval
MVI_1541_NIR,310,MVI_1541_NIR-0000062,nir_eval
MVI_1541_NIR,315,MVI_1541_NIR-0000063,nir_eval
MVI_1541_NIR,320,MVI_1541_NIR-0000064,nir_eval
MVI_1541_NIR,325,MVI_1541_NIR-0000065,nir_eval
MVI_1541_NIR,330,MVI_1541_NIR-0000066,nir_eval
MVI_1541_NIR,335,MVI_1541_NIR-0000067,nir_eval
MVI_1541_NIR,340,MVI_1541_NIR-0000068,nir_eval
MVI_1541_NIR,345,MVI_1541_NIR-0000069,nir_eval
MVI_1541_NIR,350,MVI_1541_NIR-0000070,nir_eval
MVI_1541_NIR,355,MVI_1541_NIR-0000071,nir_eval
MVI_1541_NIR,360,MVI_1541_NIR-0000072,nir_eval
MVI_1541_NIR,365,MVI_1541_NIR-0000073,nir_eval
MVI_1541_NIR,370,MVI_1541_NIR-0000074,nir_eval
MVI_1541_NIR,375,MVI_1541_NIR-0000075,nir_eval
MVI_1541_NIR,380,MVI_1541_NIR-0000076,nir_eval
MVI_1541_NIR,385,MVI_1541_NIR-0000077,nir_eval
MVI_1541_NIR,390,MVI_1541_NIR-0000078,nir_eval
MVI_1541_NIR,395,MVI_1541_NIR-0000079,nir_eval
MVI_1541_NIR,400,MVI_1541_NIR-0000080,nir_eval
MVI_1541_NIR,405,MVI_1541_NIR-0000081,nir_eval
MVI_1541_NIR,410,MVI_1541_NIR-0000082,nir_eval
MVI_1541_NIR,415,MVI_1541_NIR-0000083,nir_eval
MVI_1541_NIR,420,MVI_1541_NIR-0000084,nir_eval
MVI_1541_NIR,425,MVI_1541_NIR-0000085,nir_eval
MVI_1541_NIR,430,MVI_1541_NIR-0000086,nir_eval
MVI_1541_NIR,435,MVI_1541_NIR-0000087,nir_eval
MVI_1541_NIR,440,MVI_1541_NIR-0000088,nir_eval
MVI_1541_NIR,445,MVI_1541_NIR-0000089,nir_eval
MVI_1541_NIR,450,MVI_1541_NIR-0000090,nir_eval
MVI_1541_NIR,455,MVI_1541_NIR-0000091,nir_eval
MVI_1541_NIR,460,MVI_1541_NIR-0000092,nir_eval
MVI_1541_NIR,465,MVI_1541_NIR-0000093,nir_eval
MVI_1541_NIR,470,MVI_1541_NIR-0000094,nir_eval
MVI_1541_NIR,475,MVI_1541_NIR-0000095,nir_eval
MVI_1541_NIR,480,MVI_1541_NIR-0000096,nir_eval
MVI_1541_NIR,485,MVI_1541_NIR-0000097,nir_eval
MVI_1541_NIR,490,MVI_1541_NIR-0000098,nir_eval
MVI_1541_NIR,495,MVI_1541_NIR-0000099,nir_eval
MVI_1541_NIR,500,MVI_1541_NIR-0000100,nir_eval
MVI_1541_NIR,505,MVI_1541_NIR-0000101,nir_eval
MVI_1545_NIR,0,MVI_1545_NIR-0000000,nir_eval
MVI_1545_NIR,5,MVI_1545_NIR-0000001,nir_eval
MVI_1545_NIR,10,MVI_1545_NIR-0000002,nir_eval
MVI_1545_NIR,15,MVI_1545_NIR-0000003,nir_eval
MVI_1545_NIR,20,MVI_1545_NIR-0000004,nir_eval
MVI_1545_NIR,25,MVI_1545_NIR-0000005,nir_eval
MVI_1545_NIR,30,MVI_1545_NIR-0000006,nir_eval
MVI_1545_NIR,35,MVI_1545_NIR-0000007,nir_eval
MVI_1545_NIR,40,MVI_1545_NIR-0000008,nir_eval
MVI_1545_NIR,45,MVI_1545_NIR-0000009,nir_eval
MVI_1545_NIR,50,MVI_1545_NIR-0000010,nir_eval
MVI_1545_NIR,55,MVI_1545_NIR-0000011,nir_eval
MVI_1545_NIR,60,MVI_1545_NIR-0000012,nir_eval
MVI_1545_NIR,65,MVI_1545_NIR-0000013,nir_eval
MVI_1545_NIR,70,MVI_1545_NIR-0000014,nir_eval
MVI_1545_NIR,75,MVI_1545_NIR-0000015,nir_eval
MVI_1545_NIR,80,MVI_1545_NIR-0000016,nir_eval
MVI_1545_NIR,85,MVI_1545_NIR-0000017,nir_eval
MVI_1545_NIR,90,MVI_1545_NIR-0000018,nir_eval
MVI_1545_NIR,95,MVI_1545_NIR-0000019,nir_eval
MVI_1545_NIR,100,MVI_1545_NIR-0000020,nir_eval
MVI_1545_NIR,105,MVI_1545_NIR-0000021,nir_eval
MVI_1545_NIR,110,MVI_1545_NIR-0000022,nir_eval
MVI_1545_NIR,115,MVI_1545_NIR-0000023,nir_eval
MVI_1545_NIR,120,MVI_1545_NIR-0000024,nir_eval
MVI_1545_NIR,125,MVI_1545_NIR-0000025,nir_eval
MVI_1545_NIR,130,MVI_1545_NIR-0000026,nir_eval
MVI_1545_NIR,135,MVI_1545_NIR-0000027,nir_eval
MVI_1545_NIR,140,MVI_1545_NIR-0000028,nir_eval
MVI_1545_NIR,145,MVI_1545_NIR-0000029,nir_eval
MVI_1545_NIR,150,MVI_1545_NIR-0000030,nir_eval
MVI_1545_NIR,155,MVI_1545_NIR-0000031,nir_eval
MVI_1545_NIR,160,MVI_1545_NIR-0000032,nir_eval
MVI_1545_NIR,165,MVI_1545_NIR-0000033,nir_eval
MVI_1545_NIR,170,MVI_1545_NIR-0000034,nir_eval
MVI_1545_NIR,175,MVI_1545_NIR-0000035,nir_eval
MVI_1545_NIR,180,MVI_1545_NIR-0000036,nir_eval
MVI_1545_NIR,185,MVI_1545_NIR-0000037,nir_eval
MVI_1545_NIR,190,MVI_1545_NIR-0000038,nir_eval
MVI_1545_NIR,195,MVI_1545_NIR-0000039,nir_eval
MVI_1545_NIR,200,MVI_1545_NIR-0000040,nir_eval
MVI_1545_NIR,205,MVI_1545_NIR-0000041,nir_eval
MVI_1545_NIR,210,MVI_1545_NIR-0000042,nir_eval
MVI_1545_NIR,215,MVI_1545_NIR-0000043,nir_eval
MVI_1545_NIR,220,MVI_1545_NIR-0000044,nir_eval
MVI_1545_NIR,225,MVI_1545_NIR-0000045,nir_eval
MVI_1545_NIR,230,MVI_1545_NIR-0000046,nir_eval
MVI_1545_NIR,235,MVI_1545_NIR-0000047,nir_eval
MVI_1545_NIR,240,MVI_1545_NIR-0000048,nir_eval
MVI_1545_NIR,245,MVI_1545_NIR-0000049,nir_eval
MVI_1545_NIR,250,MVI_1545_NIR-0000050,nir_eval
MVI_1545_NIR,255,MVI_1545_NIR-0000051,nir_eval
MVI_1545_NIR,260,MVI_1545_NIR-0000052,nir_eval
MVI_1545_NIR,265,MVI_1545_NIR-0000053,nir_eval
MVI_1545_NIR,270,MVI_1545_NIR-0000054,nir_eval
MVI_1545_NIR,275,MVI_1545_NIR-0000055,nir_eval
MVI_1545_NIR,280,MVI_1545_NIR-0000056,nir_eval
MVI_1545_NIR,285,MVI_1545_NIR-0000057,nir_eval
MVI_1545_NIR,290,MVI_1545_NIR-0000058,nir_eval
MVI_1545_NIR,295,MVI_1545_NIR-0000059,nir_eval
MVI_1545_NIR,300,MVI_1545_NIR-0000060,nir_eval
MVI_1545_NIR,305,MVI_1545_NIR-0000061,nir_eval
MVI_1548_NIR,0,MVI_1548_NIR-0000000,nir_adapt
MVI_1548_NIR,5,MVI_1548_NIR-0000001,nir_adapt
MVI_1548_NIR,10,MVI_1548_NIR-0000002,nir_adapt
MVI_1548_NIR,15,MVI_1548_NIR-0000003,nir_adapt
MVI_1548_NIR,20,MVI_1548_NIR-0000004,nir_adapt
MVI_1548_NIR,25,MVI_1548_NIR-0000005,nir_adapt
MVI_1548_NIR,30,MVI_1548_NIR-0000006,nir_adapt
MVI_1548_NIR,35,MVI_1548_NIR-0000007,nir_adapt
MVI_1548_NIR,40,MVI_1548_NIR-0000008,nir_adapt
MVI_1548_NIR,45,MVI_1548_NIR-0000009,nir_adapt
MVI_1548_NIR,50,MVI_1548_NIR-0000010,nir_adapt
MVI_1548_NIR,55,MVI_1548_NIR-0000011,nir_adapt
MVI_1548_NIR,60,MVI_1548_NIR-0000012,nir_adapt
MVI_1548_NIR,65,MVI_1548_NIR-0000013,nir_adapt
MVI_1548_NIR,70,MVI_1548_NIR-0000014,nir_adapt
MVI_1548_NIR,75,MVI_1548_NIR-0000015,nir_adapt
MVI_1548_NIR,80,MVI_1548_NIR-0000016,nir_adapt
MVI_1548_NIR,85,MVI_1548_NIR-0000017,nir_adapt
MVI_1548_NIR,90,MVI_1548_NIR-0000018,nir_adapt
MVI_1548_NIR,95,MVI_1548_NIR-0000019,nir_adapt
MVI_1548_NIR,100,MVI_1548_NIR-0000020,nir_adapt
MVI_1548_NIR,105,MVI_1548_NIR-0000021,nir_adapt
MVI_1548_NIR,110,MVI_1548_NIR-0000022,nir_adapt
MVI_1548_NIR,115,MVI_1548_NIR-0000023,nir_adapt
MVI_1548_NIR,120,MVI_1548_NIR-0000024,nir_adapt
MVI_1548_NIR,125,MVI_1548_NIR-0000025,nir_adapt
MVI_1548_NIR,130,MVI_1548_NIR-0000026,nir_adapt
MVI_1548_NIR,135,MVI_1548_NIR-0000027,nir_adapt
MVI_1548_NIR,140,MVI_1548_NIR-0000028,nir_adapt
MVI_1548_NIR,145,MVI_1548_NIR-0000029,nir_adapt
MVI_1548_NIR,150,MVI_1548_NIR-0000030,nir_adapt
MVI_1548_NIR,155,MVI_1548_NIR-0000031,nir_adapt
MVI_1548_NIR,160,MVI_1548_NIR-0000032,nir_adapt
MVI_1548_NIR,165,MVI_1548_NIR-0000033,nir_adapt
MVI_1548_NIR,170,MVI_1548_NIR-0000034,nir_adapt
MVI_1548_NIR,175,MVI_1548_NIR-0000035,nir_adapt
MVI_1548_NIR,180,MVI_1548_NIR-0000036,nir_adapt
MVI_1548_NIR,185,MVI_1548_NIR-0000037,nir_adapt
MVI_1548_NIR,190,MVI_1548_NIR-0000038,nir_adapt
MVI_1548_NIR,195,MVI_1548_NIR-0000039,nir_adapt
MVI_1548_NIR,200,MVI_1548_NIR-0000040,nir_adapt
MVI_1548_NIR,205,MVI_1548_NIR-0000041,nir_adapt
MVI_1548_NIR,210,MVI_1548_NIR-0000042,nir_adapt
MVI_1548_NIR,215,MVI_1548_NIR-0000043,nir_adapt
MVI_1548_NIR,220,MVI_1548_NIR-0000044,nir_adapt
MVI_1548_NIR,225,MVI_1548_NIR-0000045,nir_adapt
MVI_1548_NIR,230,MVI_1548_NIR-0000046,nir_adapt
MVI_1548_NIR,235,MVI_1548_NIR-0000047,nir_adapt
MVI_1548_NIR,240,MVI_1548_NIR-0000048,nir_adapt
MVI_1548_NIR,245,MVI_1548_NIR-0000049,nir_adapt
MVI_1548_NIR,250,MVI_1548_NIR-0000050,nir_adapt
MVI_1548_NIR,255,MVI_1548_NIR-0000051,nir_adapt
MVI_1548_NIR,260,MVI_1548_NIR-0000052,nir_adapt
MVI_1548_NIR,265,MVI_1548_NIR-0000053,nir_adapt
MVI_1548_NIR,270,MVI_1548_NIR-0000054,nir_adapt
MVI_1550_NIR,0,MVI_1550_NIR-0000000,nir_adapt
MVI_1550_NIR,5,MVI_1550_NIR-0000001,nir_adapt
MVI_1550_NIR,10,MVI_1550_NIR-0000002,nir_adapt
MVI_1550_NIR,15,MVI_1550_NIR-0000003,nir_adapt
MVI_1550_NIR,20,MVI_1550_NIR-0000004,nir_adapt
MVI_1550_NIR,25,MVI_1550_NIR-0000005,nir_adapt
MVI_1550_NIR,30,MVI_1550_NIR-0000006,nir_adapt
MVI_1550_NIR,35,MVI_1550_NIR-0000007,nir_adapt
MVI_1550_NIR,40,MVI_1550_NIR-0000008,nir_adapt
MVI_1550_NIR,45,MVI_1550_NIR-0000009,nir_adapt
MVI_1550_NIR,50,MVI_1550_NIR-0000010,nir_adapt
MVI_1550_NIR,55,MVI_1550_NIR-0000011,nir_adapt
MVI_1550_NIR,60,MVI_1550_NIR-0000012,nir_adapt
MVI_1550_NIR,65,MVI_1550_NIR-0000013,nir_adapt
MVI_1550_NIR,70,MVI_1550_NIR-0000014,nir_adapt
MVI_1550_NIR,75,MVI_1550_NIR-0000015,nir_adapt
MVI_1550_NIR,80,MVI_1550_NIR-0000016,nir_adapt
MVI_1550_NIR,85,MVI_1550_NIR-0000017,nir_adapt
MVI_1550_NIR,90,MVI_1550_NIR-0000018,nir_adapt
MVI_1550_NIR,95,MVI_1550_NIR-0000019,nir_adapt
MVI_1550_NIR,100,MVI_1550_NIR-0000020,nir_adapt
MVI_1550_NIR,105,MVI_1550_NIR-0000021,nir_adapt
MVI_1550_NIR,110,MVI_1550_NIR-0000022,nir_adapt
MVI_1550_NIR,115,MVI_1550_NIR-0000023,nir_adapt
MVI_1550_NIR,120,MVI_1550_NIR-0000024,nir_adapt
MVI_1550_NIR,125,MVI_1550_NIR-0000025,nir_adapt
MVI_1550_NIR,130,MVI_1550_NIR-0000026,nir_adapt
MVI_1550_NIR,135,MVI_1550_NIR-0000027,nir_adapt
MVI_1550_NIR,140,MVI_1550_NIR-0000028,nir_adapt
MVI_1550_NIR,145,MVI_1550_NIR-0000029,nir_adapt
MVI_1550_NIR,150,MVI_1550_NIR-0000030,nir_adapt
MVI_1550_NIR,155,MVI_1550_NIR-0000031,nir_adapt
MVI_1550_NIR,160,MVI_1550_NIR-0000032,nir_adapt
MVI_1550_NIR,165,MVI_1550_NIR-0000033,nir_adapt
MVI_1550_NIR,170,MVI_1550_NIR-0000034,nir_adapt
MVI_1550_NIR,175,MVI_1550_NIR-0000035,nir_adapt
MVI_1550_NIR,180,MVI_1550_NIR-0000036,nir_adapt
MVI_1550_NIR,185,MVI_1550_NIR-0000037,nir_adapt
MVI_1550_NIR,190,MVI_1550_NIR-0000038,nir_adapt
MVI_1550_NIR,195,MVI_1550_NIR-0000039,nir_adapt
MVI_1550_NIR,200,MVI_1550_NIR-0000040,nir_adapt
MVI_1550_NIR,205,MVI_1550_NIR-0000041,nir_adapt
MVI_1550_NIR,210,MVI_1550_NIR-0000042,nir_adapt
MVI_1550_NIR,215,MVI_1550_NIR-0000043,nir_adapt
MVI_1550_NIR,220,MVI_1550_NIR-0000044,nir_adapt
MVI_1550_NIR,225,MVI_1550_NIR-0000045,nir_adapt
MVI_1550_NIR,230,MVI_1550_NIR-0000046,nir_adapt
MVI_1550_NIR,235,MVI_1550_NIR-0000047,nir_adapt
MVI_1550_NIR,240,MVI_1550_NIR-0000048,nir_adapt
MVI_1550_NIR,245,MVI_1550_NIR-0000049,nir_adapt
MVI_1550_NIR,250,MVI_1550_NIR-0000050,nir_adapt
MVI_1550_NIR,255,MVI_1550_NIR-0000051,nir_adapt
MVI_1550_NIR,260,MVI_1550_NIR-0000052,nir_adapt
MVI_1550_NIR,265,MVI_1550_NIR-0000053,nir_adapt
MVI_1550_NIR,270,MVI_1550_NIR-0000054,nir_adapt
MVI_1550_NIR,275,MVI_1550_NIR-0000055,nir_adapt
MVI_1550_NIR,280,MVI_1550_NIR-0000056,nir_adapt
MVI_1550_NIR,285,MVI_1550_NIR-0000057,nir_adapt
MVI_1550_NIR,290,MVI_1550_NIR-0000058,nir_adapt
MVI_1550_NIR,295,MVI_1550_NIR-0000059,nir_adapt
MVI_1550_NIR,300,MVI_1550_NIR-0000060,nir_adapt
MVI_1550_NIR,305,MVI_1550_NIR-0000061,nir_adapt
MVI_1550_NIR,310,MVI_1550_NIR-0000062,nir_adapt
MVI_1550_NIR,315,MVI_1550_NIR-0000063,nir_adapt
MVI_1550_NIR,320,MVI_1550_NIR-0000064,nir_adapt
MVI_1550_NIR,325,MVI_1550_NIR-0000065,nir_adapt
MVI_1550_NIR,330,MVI_1550_NIR-0000066,nir_adapt
MVI_1550_NIR,335,MVI_1550_NIR-0000067,nir_adapt
MVI_1550_NIR,340,MVI_1550_NIR-0000068,nir_adapt
MVI_1550_NIR,345,MVI_1550_NIR-0000069,nir_adapt
MVI_1550_NIR,350,MVI_1550_NIR-0000070,nir_adapt
MVI_1550_NIR,355,MVI_1550_NIR-0000071,nir_adapt
MVI_1550_NIR,360,MVI_1550_NIR-0000072,nir_adapt
MVI_1550_NIR,365,MVI_1550_NIR-0000073,nir_adapt
MVI_1550_NIR,370,MVI_1550_NIR-0000074,nir_adapt
MVI_1550_NIR,375,MVI_1550_NIR-0000075,nir_adapt
MVI_1550_NIR,380,MVI_1550_NIR-0000076,nir_adapt
MVI_1550_NIR,385,MVI_1550_NIR-0000077,nir_adapt
MVI_1550_NIR,390,MVI_1550_NIR-0000078,nir_adapt
MVI_1550_NIR,395,MVI_1550_NIR-0000079,nir_adapt
MVI_1550_NIR,400,MVI_1550_NIR-0000080,nir_adapt
MVI_1550_NIR,405,MVI_1550_NIR-0000081,nir_adapt
MVI_1550_NIR,410,MVI_1550_NIR-0000082,nir_adapt
MVI_1550_NIR,415,MVI_1550_NIR-0000083,nir_adapt
MVI_1550_NIR,420,MVI_1550_NIR-0000084,nir_adapt
MVI_1550_NIR,425,MVI_1550_NIR-0000085,nir_adapt
MVI_1550_NIR,430,MVI_1550_NIR-0000086,nir_adapt
MVI_1550_NIR,435,MVI_1550_NIR-0000087,nir_adapt
MVI_1550_NIR,440,MVI_1550_NIR-0000088,nir_adapt
MVI_1550_NIR,445,MVI_1550_NIR-0000089,nir_adapt
MVI_1550_NIR,450,MVI_1550_NIR-0000090,nir_adapt
MVI_1550_NIR,455,MVI_1550_NIR-0000091,nir_adapt
MVI_1550_NIR,460,MVI_1550_NIR-0000092,nir_adapt
MVI_1550_NIR,465,MVI_1550_NIR-0000093,nir_adapt
MVI_1550_NIR,470,MVI_1550_NIR-0000094,nir_adapt
MVI_1550_NIR,475,MVI_1550_NIR-0000095,nir_adapt
MVI_1550_NIR,480,MVI_1550_NIR-0000096,nir_adapt
MVI_1550_NIR,485,MVI_1550_NIR-0000097,nir_adapt
MVI_1550_NIR,490,MVI_1550_NIR-0000098,nir_adapt
MVI_1550_NIR,495,MVI_1550_NIR-0000099,nir_adapt
MVI_1550_NIR,500,MVI_1550_NIR-0000100,nir_adapt
MVI_1550_NIR,505,MVI_1550_NIR-0000101,nir_adapt
MVI_1550_NIR,510,MVI_1550_NIR-0000102,nir_adapt
MVI_1550_NIR,515,MVI_1550_NIR-0000103,nir_adapt
MVI_1550_NIR,520,MVI_1550_NIR-0000104,nir_adapt
MVI_1550_NIR,525,MVI_1550_NIR-0000105,nir_adapt
MVI_1550_NIR,530,MVI_1550_NIR-0000106,nir_adapt
MVI_1551_NIR,0,MVI_1551_NIR-0000000,nir_adapt
MVI_1551_NIR,5,MVI_1551_NIR-0000001,nir_adapt
MVI_1551_NIR,10,MVI_1551_NIR-0000002,nir_adapt
MVI_1551_NIR,15,MVI_1551_NIR-0000003,nir_adapt
MVI_1551_NIR,20,MVI_1551_NIR-0000004,nir_adapt
MVI_1551_NIR,25,MVI_1551_NIR-0000005,nir_adapt
MVI_1551_NIR,30,MVI_1551_NIR-0000006,nir_adapt
MVI_1551_NIR,35,MVI_1551_NIR-0000007,nir_adapt
MVI_1551_NIR,40,MVI_1551_NIR-0000008,nir_adapt
MVI_1551_NIR,45,MVI_1551_NIR-0000009,nir_adapt
MVI_1551_NIR,50,MVI_1551_NIR-0000010,nir_adapt
MVI_1551_NIR,55,MVI_1551_NIR-0000011,nir_adapt
MVI_1551_NIR,60,MVI_1551_NIR-0000012,nir_adapt
MVI_1551_NIR,65,MVI_1551_NIR-0000013,nir_adapt
MVI_1551_NIR,70,MVI_1551_NIR-0000014,nir_adapt
MVI_1551_NIR,75,MVI_1551_NIR-0000015,nir_adapt
MVI_1551_NIR,80,MVI_1551_NIR-0000016,nir_adapt
MVI_1551_NIR,85,MVI_1551_NIR-0000017,nir_adapt
MVI_1551_NIR,90,MVI_1551_NIR-0000018,nir_adapt
MVI_1551_NIR,95,MVI_1551_NIR-0000019,nir_adapt
MVI_1551_NIR,100,MVI_1551_NIR-0000020,nir_adapt
MVI_1551_NIR,105,MVI_1551_NIR-0000021,nir_adapt
MVI_1551_NIR,110,MVI_1551_NIR-0000022,nir_adapt
MVI_1551_NIR,115,MVI_1551_NIR-0000023,nir_adapt
MVI_1551_NIR,120,MVI_1551_NIR-0000024,nir_adapt
MVI_1551_NIR,125,MVI_1551_NIR-0000025,nir_adapt
MVI_1551_NIR,130,MVI_1551_NIR-0000026,nir_adapt
MVI_1551_NIR,135,MVI_1551_NIR-0000027,nir_adapt
MVI_1551_NIR,140,MVI_1551_NIR-0000028,nir_adapt
MVI_1551_NIR,145,MVI_1551_NIR-0000029,nir_adapt
MVI_1551_NIR,150,MVI_1551_NIR-0000030,nir_adapt
MVI_1551_NIR,155,MVI_1551_NIR-0000031,nir_adapt
MVI_1551_NIR,160,MVI_1551_NIR-0000032,nir_adapt
MVI_1551_NIR,165,MVI_1551_NIR-0000033,nir_adapt
MVI_1551_NIR,170,MVI_1551_NIR-0000034,nir_adapt
MVI_1551_NIR,175,MVI_1551_NIR-0000035,nir_adapt
MVI_1551_NIR,180,MVI_1551_NIR-0000036,nir_adapt
MVI_1551_NIR,185,MVI_1551_NIR-0000037,nir_adapt
MVI_1551_NIR,190,MVI_1551_NIR-0000038,nir_adapt
MVI_1551_NIR,195,MVI_1551_NIR-0000039,nir_adapt
MVI_1551_NIR,200,MVI_1551_NIR-0000040,nir_adapt
MVI_1551_NIR,205,MVI_1551_NIR-0000041,nir_adapt
MVI_1551_NIR,210,MVI_1551_NIR-0000042,nir_adapt
MVI_1551_NIR,215,MVI_1551_NIR-0000043,nir_adapt
MVI_1551_NIR,220,MVI_1551_NIR-0000044,nir_adapt
MVI_1551_NIR,225,MVI_1551_NIR-0000045,nir_adapt
MVI_1551_NIR,230,MVI_1551_NIR-0000046,nir_adapt
MVI_1551_NIR,235,MVI_1551_NIR-0000047,nir_adapt
MVI_1551_NIR,240,MVI_1551_NIR-0000048,nir_adapt
MVI_1551_NIR,245,MVI_1551_NIR-0000049,nir_adapt
MVI_1551_NIR,250,MVI_1551_NIR-0000050,nir_adapt
MVI_1551_NIR,255,MVI_1551_NIR-0000051,nir_adapt
MVI_1551_NIR,260,MVI_1551_NIR-0000052,nir_adapt
MVI_1551_NIR,265,MVI_1551_NIR-0000053,nir_adapt
MVI_1551_NIR,270,MVI_1551_NIR-0000054,nir_adapt
MVI_1551_NIR,275,MVI_1551_NIR-0000055,nir_adapt
MVI_1551_NIR,280,MVI_1551_NIR-0000056,nir_adapt
MVI_1551_NIR,285,MVI_1551_NIR-0000057,nir_adapt
MVI_1551_NIR,290,MVI_1551_NIR-0000058,nir_adapt
MVI_1551_NIR,295,MVI_1551_NIR-0000059,nir_adapt
MVI_1551_NIR,300,MVI_1551_NIR-0000060,nir_adapt
MVI_1551_NIR,305,MVI_1551_NIR-0000061,nir_adapt
MVI_1551_NIR,310,MVI_1551_NIR-0000062,nir_adapt
MVI_1551_NIR,315,MVI_1551_NIR-0000063,nir_adapt
MVI_1551_NIR,320,MVI_1551_NIR-0000064,nir_adapt
MVI_1551_NIR,325,MVI_1551_NIR-0000065,nir_adapt
MVI_1551_NIR,330,MVI_1551_NIR-0000066,nir_adapt
MVI_1551_NIR,335,MVI_1551_NIR-0000067,nir_adapt
MVI_1551_NIR,340,MVI_1551_NIR-0000068,nir_adapt
MVI_1551_NIR,345,MVI_1551_NIR-0000069,nir_adapt
MVI_1551_NIR,350,MVI_1551_NIR-0000070,nir_adapt
MVI_1551_NIR,355,MVI_1551_NIR-0000071,nir_adapt
MVI_1551_NIR,360,MVI_1551_NIR-0000072,nir_adapt
MVI_1551_NIR,365,MVI_1551_NIR-0000073,nir_adapt
MVI_1551_NIR,370,MVI_1551_NIR-0000074,nir_adapt
MVI_1551_NIR,375,MVI_1551_NIR-0000075,nir_adapt
MVI_1551_NIR,380,MVI_1551_NIR-0000076,nir_adapt
MVI_1551_NIR,385,MVI_1551_NIR-0000077,nir_adapt
MVI_1551_NIR,390,MVI_1551_NIR-0000078,nir_adapt
MVI_1551_NIR,395,MVI_1551_NIR-0000079,nir_adapt
MVI_1551_NIR,400,MVI_1551_NIR-0000080,nir_adapt
MVI_1551_NIR,405,MVI_1551_NIR-0000081,nir_adapt
MVI_1551_NIR,410,MVI_1551_NIR-0000082,nir_adapt
MVI_1551_NIR,415,MVI_1551_NIR-0000083,nir_adapt
MVI_1551_NIR,420,MVI_1551_NIR-0000084,nir_adapt
MVI_1551_NIR,425,MVI_1551_NIR-0000085,nir_adapt
MVI_1551_NIR,430,MVI_1551_NIR-0000086,nir_adapt
MVI_1551_NIR,435,MVI_1551_NIR-0000087,nir_adapt
MVI_1551_NIR,440,MVI_1551_NIR-0000088,nir_adapt
MVI_1551_NIR,445,MVI_1551_NIR-0000089,nir_adapt
MVI_1551_NIR,450,MVI_1551_NIR-0000090,nir_adapt
MVI_1551_NIR,455,MVI_1551_NIR-0000091,nir_adapt
MVI_1551_NIR,460,MVI_1551_NIR-0000092,nir_adapt
MVI_1551_NIR,465,MVI_1551_NIR-0000093,nir_adapt
MVI_1551_NIR,470,MVI_1551_NIR-0000094,nir_adapt
MVI_1551_NIR,475,MVI_1551_NIR-0000095,nir_adapt
MVI_1551_NIR,480,MVI_1551_NIR-0000096,nir_adapt
MVI_1551_NIR,485,MVI_1551_NIR-0000097,nir_adapt
MVI_1551_NIR,490,MVI_1551_NIR-0000098,nir_adapt
MVI_1551_NIR,495,MVI_1551_NIR-0000099,nir_adapt
MVI_1551_NIR,500,MVI_1551_NIR-0000100,nir_adapt
MVI_1551_NIR,505,MVI_1551_NIR-0000101,nir_adapt
MVI_1551_NIR,510,MVI_1551_NIR-0000102,nir_adapt
MVI_1551_NIR,515,MVI_1551_NIR-0000103,nir_adapt
MVI_1552_NIR,0,MVI_1552_NIR-0000000,nir_eval
MVI_1552_NIR,5,MVI_1552_NIR-0000001,nir_eval
MVI_1552_NIR,10,MVI_1552_NIR-0000002,nir_eval
MVI_1552_NIR,15,MVI_1552_NIR-0000003,nir_eval
MVI_1552_NIR,20,MVI_1552_NIR-0000004,nir_eval
MVI_1552_NIR,25,MVI_1552_NIR-0000005,nir_eval
MVI_1552_NIR,30,MVI_1552_NIR-0000006,nir_eval
MVI_1552_NIR,35,MVI_1552_NIR-0000007,nir_eval
MVI_1552_NIR,40,MVI_1552_NIR-0000008,nir_eval
MVI_1552_NIR,45,MVI_1552_NIR-0000009,nir_eval
MVI_1552_NIR,50,MVI_1552_NIR-0000010,nir_eval
MVI_1552_NIR,55,MVI_1552_NIR-0000011,nir_eval
MVI_1552_NIR,60,MVI_1552_NIR-0000012,nir_eval
MVI_1552_NIR,65,MVI_1552_NIR-0000013,nir_eval
MVI_1552_NIR,70,MVI_1552_NIR-0000014,nir_eval
MVI_1552_NIR,75,MVI_1552_NIR-0000015,nir_eval
MVI_1552_NIR,80,MVI_1552_NIR-0000016,nir_eval
MVI_1552_NIR,85,MVI_1552_NIR-0000017,nir_eval
MVI_1552_NIR,90,MVI_1552_NIR-0000018,nir_eval
MVI_1552_NIR,95,MVI_1552_NIR-0000019,nir_eval
MVI_1552_NIR,100,MVI_1552_NIR-0000020,nir_eval
MVI_1552_NIR,105,MVI_1552_NIR-0000021,nir_eval
MVI_1552_NIR,110,MVI_1552_NIR-0000022,nir_eval
MVI_1552_NIR,115,MVI_1552_NIR-0000023,nir_eval
MVI_1552_NIR,120,MVI_1552_NIR-0000024,nir_eval
MVI_1552_NIR,125,MVI_1552_NIR-0000025,nir_eval
MVI_1552_NIR,130,MVI_1552_NIR-0000026,nir_eval
MVI_1552_NIR,135,MVI_1552_NIR-0000027,nir_eval
MVI_1552_NIR,140,MVI_1552_NIR-0000028,nir_eval
MVI_1552_NIR,145,MVI_1552_NIR-0000029,nir_eval
MVI_1552_NIR,150,MVI_1552_NIR-0000030,nir_eval
MVI_1552_NIR,155,MVI_1552_NIR-0000031,nir_eval
MVI_1552_NIR,160,MVI_1552_NIR-0000032,nir_eval
MVI_1552_NIR,165,MVI_1552_NIR-0000033,nir_eval
MVI_1552_NIR,170,MVI_1552_NIR-0000034,nir_eval
MVI_1552_NIR,175,MVI_1552_NIR-0000035,nir_eval
MVI_1552_NIR,180,MVI_1552_NIR-0000036,nir_eval
MVI_1552_NIR,185,MVI_1552_NIR-0000037,nir_eval
MVI_1552_NIR,190,MVI_1552_NIR-0000038,nir_eval
MVI_1552_NIR,195,MVI_1552_NIR-0000039,nir_eval
MVI_1552_NIR,200,MVI_1552_NIR-0000040,nir_eval
MVI_1552_NIR,205,MVI_1552_NIR-0000041,nir_eval
MVI_1552_NIR,210,MVI_1552_NIR-0000042,nir_eval
MVI_1552_NIR,215,MVI_1552_NIR-0000043,nir_eval
MVI_1552_NIR,220,MVI_1552_NIR-0000044,nir_eval
MVI_1552_NIR,225,MVI_1552_NIR-0000045,nir_eval
MVI_1552_NIR,230,MVI_1552_NIR-0000046,nir_eval
MVI_1552_NIR,235,MVI_1552_NIR-0000047,nir_eval
MVI_1552_NIR,240,MVI_1552_NIR-0000048,nir_eval
MVI_1552_NIR,245,MVI_1552_NIR-0000049,nir_eval
MVI_1552_NIR,250,MVI_1552_NIR-0000050,nir_eval
MVI_1552_NIR,255,MVI_1552_NIR-0000051,nir_eval
MVI_1552_NIR,260,MVI_1552_NIR-0000052,nir_eval
MVI_1552_NIR,265,MVI_1552_NIR-0000053,nir_eval
MVI_1552_NIR,270,MVI_1552_NIR-0000054,nir_eval
MVI_1552_NIR,275,MVI_1552_NIR-0000055,nir_eval
MVI_1552_NIR,280,MVI_1552_NIR-0000056,nir_eval
MVI_1552_NIR,285,MVI_1552_NIR-0000057,nir_eval
MVI_1552_NIR,290,MVI_1552_NIR-0000058,nir_eval
MVI_1552_NIR,295,MVI_1552_NIR-0000059,nir_eval
MVI_1552_NIR,300,MVI_1552_NIR-0000060,nir_eval
MVI_1552_NIR,305,MVI_1552_NIR-0000061,nir_eval
MVI_1552_NIR,310,MVI_1552_NIR-0000062,nir_eval
MVI_1552_NIR,315,MVI_1552_NIR-0000063,nir_eval
MVI_1552_NIR,320,MVI_1552_NIR-0000064,nir_eval
MVI_1552_NIR,325,MVI_1552_NIR-0000065,nir_eval
MVI_1552_NIR,330,MVI_1552_NIR-0000066,nir_eval
MVI_1552_NIR,335,MVI_1552_NIR-0000067,nir_eval
MVI_1552_NIR,340,MVI_1552_NIR-0000068,nir_eval
MVI_1552_NIR,345,MVI_1552_NIR-0000069,nir_eval
MVI_1552_NIR,350,MVI_1552_NIR-0000070,nir_eval
MVI_1552_NIR,355,MVI_1552_NIR-0000071,nir_eval
MVI_1552_NIR,360,MVI_1552_NIR-0000072,nir_eval
MVI_1552_NIR,365,MVI_1552_NIR-0000073,nir_eval
MVI_1552_NIR,370,MVI_1552_NIR-0000074,nir_eval
MVI_1552_NIR,375,MVI_1552_NIR-0000075,nir_eval
MVI_1552_NIR,380,MVI_1552_NIR-0000076,nir_eval
MVI_1552_NIR,385,MVI_1552_NIR-0000077,nir_eval
MVI_1552_NIR,390,MVI_1552_NIR-0000078,nir_eval
MVI_1552_NIR,395,MVI_1552_NIR-0000079,nir_eval
MVI_1552_NIR,400,MVI_1552_NIR-0000080,nir_eval
MVI_1552_NIR,405,MVI_1552_NIR-0000081,nir_eval
MVI_1552_NIR,410,MVI_1552_NIR-0000082,nir_eval
MVI_1552_NIR,415,MVI_1552_NIR-0000083,nir_eval
MVI_1552_NIR,420,MVI_1552_NIR-0000084,nir_eval
MVI_1552_NIR,425,MVI_1552_NIR-0000085,nir_eval
MVI_1552_NIR,430,MVI_1552_NIR-0000086,nir_eval
MVI_1552_NIR,435,MVI_1552_NIR-0000087,nir_eval
MVI_1552_NIR,440,MVI_1552_NIR-0000088,nir_eval
MVI_1552_NIR,445,MVI_1552_NIR-0000089,nir_eval
MVI_1552_NIR,450,MVI_1552_NIR-0000090,nir_eval
MVI_1552_NIR,455,MVI_1552_NIR-0000091,nir_eval
MVI_1552_NIR,460,MVI_1552_NIR-0000092,nir_eval
MVI_1552_NIR,465,MVI_1552_NIR-0000093,nir_eval
MVI_1552_NIR,470,MVI_1552_NIR-0000094,nir_eval
MVI_1552_NIR,475,MVI_1552_NIR-0000095,nir_eval
MVI_1552_NIR,480,MVI_1552_NIR-0000096,nir_eval
MVI_1552_NIR,485,MVI_1552_NIR-0000097,nir_eval
MVI_1552_NIR,490,MVI_1552_NIR-0000098,nir_eval
MVI_1552_NIR,495,MVI_1552_NIR-0000099,nir_eval
MVI_1552_NIR,500,MVI_1552_NIR-0000100,nir_eval
MVI_1552_NIR,505,MVI_1552_NIR-0000101,nir_eval
MVI_1552_NIR,510,MVI_1552_NIR-0000102,nir_eval
MVI_1552_NIR,515,MVI_1552_NIR-0000103,nir_eval
MVI_1552_NIR,520,MVI_1552_NIR-0000104,nir_eval
MVI_1552_NIR,525,MVI_1552_NIR-0000105,nir_eval
MVI_1552_NIR,530,MVI_1552_NIR-0000106,nir_eval
MVI_1552_NIR,535,MVI_1552_NIR-0000107,nir_eval
MVI_1552_NIR,540,MVI_1552_NIR-0000108,nir_eval
MVI_1552_NIR,545,MVI_1552_NIR-0000109,nir_eval
MVI_1552_NIR,550,MVI_1552_NIR-0000110,nir_eval
MVI_1552_NIR,555,MVI_1552_NIR-0000111,nir_eval
MVI_1552_NIR,560,MVI_1552_NIR-0000112,nir_eval
MVI_1552_NIR,565,MVI_1552_NIR-0000113,nir_eval
MVI_1552_NIR,570,MVI_1552_NIR-0000114,nir_eval
MVI_1552_NIR,575,MVI_1552_NIR-0000115,nir_eval
MVI_1552_NIR,580,MVI_1552_NIR-0000116,nir_eval
MVI_1552_NIR,585,MVI_1552_NIR-0000117,nir_eval
MVI_1552_NIR,590,MVI_1552_NIR-0000118,nir_eval
MVI_1552_NIR,595,MVI_1552_NIR-0000119,nir_eval
MVI_1552_NIR,600,MVI_1552_NIR-0000120,nir_eval
MVI_1552_NIR,605,MVI_1552_NIR-0000121,nir_eval
MVI_1552_NIR,610,MVI_1552_NIR-0000122,nir_eval
MVI_1552_NIR,615,MVI_1552_NIR-0000123,nir_eval
MVI_1552_NIR,620,MVI_1552_NIR-0000124,nir_eval
MVI_1552_NIR,625,MVI_1552_NIR-0000125,nir_eval
MVI_1552_NIR,630,MVI_1552_NIR-0000126,nir_eval
MVI_1552_NIR,635,MVI_1552_NIR-0000127,nir_eval
MVI_1552_NIR,640,MVI_1552_NIR-0000128,nir_eval
MVI_1552_NIR,645,MVI_1552_NIR-0000129,nir_eval
MVI_1552_NIR,650,MVI_1552_NIR-0000130,nir_eval
MVI_1552_NIR,655,MVI_1552_NIR-0000131,nir_eval
MVI_1552_NIR,660,MVI_1552_NIR-0000132,nir_eval
MVI_1552_NIR,665,MVI_1552_NIR-0000133,nir_eval
MVI_1552_NIR,670,MVI_1552_NIR-0000134,nir_eval
MVI_1552_NIR,675,MVI_1552_NIR-0000135,nir_eval
MVI_1552_NIR,680,MVI_1552_NIR-0000136,nir_eval
MVI_1552_NIR,685,MVI_1552_NIR-0000137,nir_eval
MVI_1552_NIR,690,MVI_1552_NIR-0000138,nir_eval
MVI_1552_NIR,695,MVI_1552_NIR-0000139,nir_eval
MVI_1552_NIR,700,MVI_1552_NIR-0000140,nir_eval
MVI_1552_NIR,705,MVI_1552_NIR-0000141,nir_eval
MVI_1552_NIR,710,MVI_1552_NIR-0000142,nir_eval
MVI_1552_NIR,715,MVI_1552_NIR-0000143,nir_eval
MVI_1552_NIR,720,MVI_1552_NIR-0000144,nir_eval
MVI_1552_NIR,725,MVI_1552_NIR-0000145,nir_eval
MVI_1552_NIR,730,MVI_1552_NIR-0000146,nir_eval
MVI_1552_NIR,735,MVI_1552_NIR-0000147,nir_eval
MVI_1552_NIR,740,MVI_1552_NIR-0000148,nir_eval
MVI_1552_NIR,745,MVI_1552_NIR-0000149,nir_eval
MVI_1552_NIR,750,MVI_1552_NIR-0000150,nir_eval
MVI_1552_NIR,755,MVI_1552_NIR-0000151,nir_eval
MVI_1552_NIR,760,MVI_1552_NIR-0000152,nir_eval
MVI_1552_NIR,765,MVI_1552_NIR-0000153,nir_eval
MVI_1552_NIR,770,MVI_1552_NIR-0000154,nir_eval
MVI_1552_NIR,775,MVI_1552_NIR-0000155,nir_eval
MVI_1552_NIR,780,MVI_1552_NIR-0000156,nir_eval
MVI_1552_NIR,785,MVI_1552_NIR-0000157,nir_eval
MVI_1552_NIR,790,MVI_1552_NIR-0000158,nir_eval
MVI_1552_NIR,795,MVI_1552_NIR-0000159,nir_eval
MVI_1578_VIS,0,MVI_1578_VIS-0000000,clear_test
MVI_1578_VIS,5,MVI_1578_VIS-0000001,clear_test
MVI_1578_VIS,10,MVI_1578_VIS-0000002,clear_test
MVI_1578_VIS,15,MVI_1578_VIS-0000003,clear_test
MVI_1578_VIS,20,MVI_1578_VIS-0000004,clear_test
MVI_1578_VIS,25,MVI_1578_VIS-0000005,clear_test
MVI_1578_VIS,30,MVI_1578_VIS-0000006,clear_test
MVI_1578_VIS,35,MVI_1578_VIS-0000007,clear_test
MVI_1578_VIS,40,MVI_1578_VIS-0000008,clear_test
MVI_1578_VIS,45,MVI_1578_VIS-0000009,clear_test
MVI_1578_VIS,50,MVI_1578_VIS-0000010,clear_test
MVI_1578_VIS,55,MVI_1578_VIS-0000011,clear_test
MVI_1578_VIS,60,MVI_1578_VIS-0000012,clear_test
MVI_1578_VIS,65,MVI_1578_VIS-0000013,clear_test
MVI_1578_VIS,70,MVI_1578_VIS-0000014,clear_test
MVI_1578_VIS,75,MVI_1578_VIS-0000015,clear_test
MVI_1578_VIS,80,MVI_1578_VIS-0000016,clear_test
MVI_1578_VIS,85,MVI_1578_VIS-0000017,clear_test
MVI_1578_VIS,90,MVI_1578_VIS-0000018,clear_test
MVI_1578_VIS,95,MVI_1578_VIS-0000019,clear_test
MVI_1578_VIS,100,MVI_1578_VIS-0000020,clear_test
MVI_1578_VIS,105,MVI_1578_VIS-0000021,clear_test
MVI_1578_VIS,110,MVI_1578_VIS-0000022,clear_test
MVI_1578_VIS,115,MVI_1578_VIS-0000023,clear_test
MVI_1578_VIS,120,MVI_1578_VIS-0000024,clear_test
MVI_1578_VIS,125,MVI_1578_VIS-0000025,clear_test
MVI_1578_VIS,130,MVI_1578_VIS-0000026,clear_test
MVI_1578_VIS,135,MVI_1578_VIS-0000027,clear_test
MVI_1578_VIS,140,MVI_1578_VIS-0000028,clear_test
MVI_1578_VIS,145,MVI_1578_VIS-0000029,clear_test
MVI_1578_VIS,150,MVI_1578_VIS-0000030,clear_test
MVI_1578_VIS,155,MVI_1578_VIS-0000031,clear_test
MVI_1578_VIS,160,MVI_1578_VIS-0000032,clear_test
MVI_1578_VIS,165,MVI_1578_VIS-0000033,clear_test
MVI_1578_VIS,170,MVI_1578_VIS-0000034,clear_test
MVI_1578_VIS,175,MVI_1578_VIS-0000035,clear_test
MVI_1578_VIS,180,MVI_1578_VIS-0000036,clear_test
MVI_1578_VIS,185,MVI_1578_VIS-0000037,clear_test
MVI_1578_VIS,190,MVI_1578_VIS-0000038,clear_test
MVI_1578_VIS,195,MVI_1578_VIS-0000039,clear_test
MVI_1578_VIS,200,MVI_1578_VIS-0000040,clear_test
MVI_1578_VIS,205,MVI_1578_VIS-0000041,clear_test
MVI_1578_VIS,210,MVI_1578_VIS-0000042,clear_test
MVI_1578_VIS,215,MVI_1578_VIS-0000043,clear_test
MVI_1578_VIS,220,MVI_1578_VIS-0000044,clear_test
MVI_1578_VIS,225,MVI_1578_VIS-0000045,clear_test
MVI_1578_VIS,230,MVI_1578_VIS-0000046,clear_test
MVI_1578_VIS,235,MVI_1578_VIS-0000047,clear_test
MVI_1578_VIS,240,MVI_1578_VIS-0000048,clear_test
MVI_1578_VIS,245,MVI_1578_VIS-0000049,clear_test
MVI_1578_VIS,250,MVI_1578_VIS-0000050,clear_test
MVI_1578_VIS,255,MVI_1578_VIS-0000051,clear_test
MVI_1578_VIS,260,MVI_1578_VIS-0000052,clear_test
MVI_1578_VIS,265,MVI_1578_VIS-0000053,clear_test
MVI_1578_VIS,270,MVI_1578_VIS-0000054,clear_test
MVI_1578_VIS,275,MVI_1578_VIS-0000055,clear_test
MVI_1578_VIS,280,MVI_1578_VIS-0000056,clear_test
MVI_1578_VIS,285,MVI_1578_VIS-0000057,clear_test
MVI_1578_VIS,290,MVI_1578_VIS-0000058,clear_test
MVI_1578_VIS,295,MVI_1578_VIS-0000059,clear_test
MVI_1578_VIS,300,MVI_1578_VIS-0000060,clear_test
MVI_1578_VIS,305,MVI_1578_VIS-0000061,clear_test
MVI_1578_VIS,310,MVI_1578_VIS-0000062,clear_test
MVI_1578_VIS,315,MVI_1578_VIS-0000063,clear_test
MVI_1578_VIS,320,MVI_1578_VIS-0000064,clear_test
MVI_1578_VIS,325,MVI_1578_VIS-0000065,clear_test
MVI_1578_VIS,330,MVI_1578_VIS-0000066,clear_test
MVI_1578_VIS,335,MVI_1578_VIS-0000067,clear_test
MVI_1578_VIS,340,MVI_1578_VIS-0000068,clear_test
MVI_1578_VIS,345,MVI_1578_VIS-0000069,clear_test
MVI_1578_VIS,350,MVI_1578_VIS-0000070,clear_test
MVI_1578_VIS,355,MVI_1578_VIS-0000071,clear_test
MVI_1578_VIS,360,MVI_1578_VIS-0000072,clear_test
MVI_1578_VIS,365,MVI_1578_VIS-0000073,clear_test
MVI_1578_VIS,370,MVI_1578_VIS-0000074,clear_test
MVI_1578_VIS,375,MVI_1578_VIS-0000075,clear_test
MVI_1578_VIS,380,MVI_1578_VIS-0000076,clear_test
MVI_1578_VIS,385,MVI_1578_VIS-0000077,clear_test
MVI_1578_VIS,390,MVI_1578_VIS-0000078,clear_test
MVI_1578_VIS,395,MVI_1578_VIS-0000079,clear_test
MVI_1578_VIS,400,MVI_1578_VIS-0000080,clear_test
MVI_1578_VIS,405,MVI_1578_VIS-0000081,clear_test
MVI_1578_VIS,410,MVI_1578_VIS-0000082,clear_test
MVI_1578_VIS,415,MVI_1578_VIS-0000083,clear_test
MVI_1578_VIS,420,MVI_1578_VIS-0000084,clear_test
MVI_1578_VIS,425,MVI_1578_VIS-0000085,clear_test
MVI_1578_VIS,430,MVI_1578_VIS-0000086,clear_test
MVI_1578_VIS,435,MVI_1578_VIS-0000087,clear_test
MVI_1578_VIS,440,MVI_1578_VIS-0000088,clear_test
MVI_1578_VIS,445,MVI_1578_VIS-0000089,clear_test
MVI_1578_VIS,450,MVI_1578_VIS-0000090,clear_test
MVI_1578_VIS,455,MVI_1578_VIS-0000091,clear_test
MVI_1578_VIS,460,MVI_1578_VIS-0000092,clear_test
MVI_1578_VIS,465,MVI_1578_VIS-0000093,clear_test
MVI_1578_VIS,470,MVI_1578_VIS-0000094,clear_test
MVI_1578_VIS,475,MVI_1578_VIS-0000095,clear_test
MVI_1578_VIS,480,MVI_1578_VIS-0000096,clear_test
MVI_1578_VIS,485,MVI_1578_VIS-0000097,clear_test
MVI_1578_VIS,490,MVI_1578_VIS-0000098,clear_test
MVI_1578_VIS,495,MVI_1578_VIS-0000099,clear_test
MVI_1578_VIS,500,MVI_1578_VIS-0000100,clear_test
MVI_1582_VIS,0,MVI_1582_VIS-0000000,clear_test
MVI_1582_VIS,5,MVI_1582_VIS-0000001,clear_test
MVI_1582_VIS,10,MVI_1582_VIS-0000002,clear_test
MVI_1582_VIS,15,MVI_1582_VIS-0000003,clear_test
MVI_1582_VIS,20,MVI_1582_VIS-0000004,clear_test
MVI_1582_VIS,25,MVI_1582_VIS-0000005,clear_test
MVI_1582_VIS,30,MVI_1582_VIS-0000006,clear_test
MVI_1582_VIS,35,MVI_1582_VIS-0000007,clear_test
MVI_1582_VIS,40,MVI_1582_VIS-0000008,clear_test
MVI_1582_VIS,45,MVI_1582_VIS-0000009,clear_test
MVI_1582_VIS,50,MVI_1582_VIS-0000010,clear_test
MVI_1582_VIS,55,MVI_1582_VIS-0000011,clear_test
MVI_1582_VIS,60,MVI_1582_VIS-0000012,clear_test
MVI_1582_VIS,65,MVI_1582_VIS-0000013,clear_test
MVI_1582_VIS,70,MVI_1582_VIS-0000014,clear_test
MVI_1582_VIS,75,MVI_1582_VIS-0000015,clear_test
MVI_1582_VIS,80,MVI_1582_VIS-0000016,clear_test
MVI_1582_VIS,85,MVI_1582_VIS-0000017,clear_test
MVI_1582_VIS,90,MVI_1582_VIS-0000018,clear_test
MVI_1582_VIS,95,MVI_1582_VIS-0000019,clear_test
MVI_1582_VIS,100,MVI_1582_VIS-0000020,clear_test
MVI_1582_VIS,105,MVI_1582_VIS-0000021,clear_test
MVI_1582_VIS,110,MVI_1582_VIS-0000022,clear_test
MVI_1582_VIS,115,MVI_1582_VIS-0000023,clear_test
MVI_1582_VIS,120,MVI_1582_VIS-0000024,clear_test
MVI_1582_VIS,125,MVI_1582_VIS-0000025,clear_test
MVI_1582_VIS,130,MVI_1582_VIS-0000026,clear_test
MVI_1582_VIS,135,MVI_1582_VIS-0000027,clear_test
MVI_1582_VIS,140,MVI_1582_VIS-0000028,clear_test
MVI_1582_VIS,145,MVI_1582_VIS-0000029,clear_test
MVI_1582_VIS,150,MVI_1582_VIS-0000030,clear_test
MVI_1582_VIS,155,MVI_1582_VIS-0000031,clear_test
MVI_1582_VIS,160,MVI_1582_VIS-0000032,clear_test
MVI_1582_VIS,165,MVI_1582_VIS-0000033,clear_test
MVI_1582_VIS,170,MVI_1582_VIS-0000034,clear_test
MVI_1582_VIS,175,MVI_1582_VIS-0000035,clear_test
MVI_1582_VIS,180,MVI_1582_VIS-0000036,clear_test
MVI_1582_VIS,185,MVI_1582_VIS-0000037,clear_test
MVI_1582_VIS,190,MVI_1582_VIS-0000038,clear_test
MVI_1582_VIS,195,MVI_1582_VIS-0000039,clear_test
MVI_1582_VIS,200,MVI_1582_VIS-0000040,clear_test
MVI_1582_VIS,205,MVI_1582_VIS-0000041,clear_test
MVI_1582_VIS,210,MVI_1582_VIS-0000042,clear_test
MVI_1582_VIS,215,MVI_1582_VIS-0000043,clear_test
MVI_1582_VIS,220,MVI_1582_VIS-0000044,clear_test
MVI_1582_VIS,225,MVI_1582_VIS-0000045,clear_test
MVI_1582_VIS,230,MVI_1582_VIS-0000046,clear_test
MVI_1582_VIS,235,MVI_1582_VIS-0000047,clear_test
MVI_1582_VIS,240,MVI_1582_VIS-0000048,clear_test
MVI_1582_VIS,245,MVI_1582_VIS-0000049,clear_test
MVI_1582_VIS,250,MVI_1582_VIS-0000050,clear_test
MVI_1582_VIS,255,MVI_1582_VIS-0000051,clear_test
MVI_1582_VIS,260,MVI_1582_VIS-0000052,clear_test
MVI_1582_VIS,265,MVI_1582_VIS-0000053,clear_test
MVI_1582_VIS,270,MVI_1582_VIS-0000054,clear_test
MVI_1582_VIS,275,MVI_1582_VIS-0000055,clear_test
MVI_1582_VIS,280,MVI_1582_VIS-0000056,clear_test
MVI_1582_VIS,285,MVI_1582_VIS-0000057,clear_test
MVI_1582_VIS,290,MVI_1582_VIS-0000058,clear_test
MVI_1582_VIS,295,MVI_1582_VIS-0000059,clear_test
MVI_1582_VIS,300,MVI_1582_VIS-0000060,clear_test
MVI_1582_VIS,305,MVI_1582_VIS-0000061,clear_test
MVI_1582_VIS,310,MVI_1582_VIS-0000062,clear_test
MVI_1582_VIS,315,MVI_1582_VIS-0000063,clear_test
MVI_1582_VIS,320,MVI_1582_VIS-0000064,clear_test
MVI_1582_VIS,325,MVI_1582_VIS-0000065,clear_test
MVI_1582_VIS,330,MVI_1582_VIS-0000066,clear_test
MVI_1582_VIS,335,MVI_1582_VIS-0000067,clear_test
MVI_1582_VIS,340,MVI_1582_VIS-0000068,clear_test
MVI_1582_VIS,345,MVI_1582_VIS-0000069,clear_test
MVI_1582_VIS,350,MVI_1582_VIS-0000070,clear_test
MVI_1582_VIS,355,MVI_1582_VIS-0000071,clear_test
MVI_1582_VIS,360,MVI_1582_VIS-0000072,clear_test
MVI_1582_VIS,365,MVI_1582_VIS-0000073,clear_test
MVI_1582_VIS,370,MVI_1582_VIS-0000074,clear_test
MVI_1582_VIS,375,MVI_1582_VIS-0000075,clear_test
MVI_1582_VIS,380,MVI_1582_VIS-0000076,clear_test
MVI_1582_VIS,385,MVI_1582_VIS-0000077,clear_test
MVI_1582_VIS,390,MVI_1582_VIS-0000078,clear_test
MVI_1582_VIS,395,MVI_1582_VIS-0000079,clear_test
MVI_1582_VIS,400,MVI_1582_VIS-0000080,clear_test
MVI_1582_VIS,405,MVI_1582_VIS-0000081,clear_test
MVI_1582_VIS,410,MVI_1582_VIS-0000082,clear_test
MVI_1582_VIS,415,MVI_1582_VIS-0000083,clear_test
MVI_1582_VIS,420,MVI_1582_VIS-0000084,clear_test
MVI_1582_VIS,425,MVI_1582_VIS-0000085,clear_test
MVI_1582_VIS,430,MVI_1582_VIS-0000086,clear_test
MVI_1582_VIS,435,MVI_1582_VIS-0000087,clear_test
MVI_1582_VIS,440,MVI_1582_VIS-0000088,clear_test
MVI_1582_VIS,445,MVI_1582_VIS-0000089,clear_test
MVI_1582_VIS,450,MVI_1582_VIS-0000090,clear_test
MVI_1582_VIS,455,MVI_1582_VIS-0000091,clear_test
MVI_1582_VIS,460,MVI_1582_VIS-0000092,clear_test
MVI_1582_VIS,465,MVI_1582_VIS-0000093,clear_test
MVI_1582_VIS,470,MVI_1582_VIS-0000094,clear_test
MVI_1582_VIS,475,MVI_1582_VIS-0000095,clear_test
MVI_1582_VIS,480,MVI_1582_VIS-0000096,clear_test
MVI_1582_VIS,485,MVI_1582_VIS-0000097,clear_test
MVI_1582_VIS,490,MVI_1582_VIS-0000098,clear_test
MVI_1582_VIS,495,MVI_1582_VIS-0000099,clear_test
MVI_1582_VIS,500,MVI_1582_VIS-0000100,clear_test
MVI_1582_VIS,505,MVI_1582_VIS-0000101,clear_test
MVI_1582_VIS,510,MVI_1582_VIS-0000102,clear_test
MVI_1582_VIS,515,MVI_1582_VIS-0000103,clear_test
MVI_1582_VIS,520,MVI_1582_VIS-0000104,clear_test
MVI_1582_VIS,525,MVI_1582_VIS-0000105,clear_test
MVI_1582_VIS,530,MVI_1582_VIS-0000106,clear_test
MVI_1582_VIS,535,MVI_1582_VIS-0000107,clear_test
MVI_1583_VIS,0,MVI_1583_VIS-0000000,clear_test
MVI_1583_VIS,5,MVI_1583_VIS-0000001,clear_test
MVI_1583_VIS,10,MVI_1583_VIS-0000002,clear_test
MVI_1583_VIS,15,MVI_1583_VIS-0000003,clear_test
MVI_1583_VIS,20,MVI_1583_VIS-0000004,clear_test
MVI_1583_VIS,25,MVI_1583_VIS-0000005,clear_test
MVI_1583_VIS,30,MVI_1583_VIS-0000006,clear_test
MVI_1583_VIS,35,MVI_1583_VIS-0000007,clear_test
MVI_1583_VIS,40,MVI_1583_VIS-0000008,clear_test
MVI_1583_VIS,45,MVI_1583_VIS-0000009,clear_test
MVI_1583_VIS,50,MVI_1583_VIS-0000010,clear_test
MVI_1583_VIS,55,MVI_1583_VIS-0000011,clear_test
MVI_1583_VIS,60,MVI_1583_VIS-0000012,clear_test
MVI_1583_VIS,65,MVI_1583_VIS-0000013,clear_test
MVI_1583_VIS,70,MVI_1583_VIS-0000014,clear_test
MVI_1583_VIS,75,MVI_1583_VIS-0000015,clear_test
MVI_1583_VIS,80,MVI_1583_VIS-0000016,clear_test
MVI_1583_VIS,85,MVI_1583_VIS-0000017,clear_test
MVI_1583_VIS,90,MVI_1583_VIS-0000018,clear_test
MVI_1583_VIS,95,MVI_1583_VIS-0000019,clear_test
MVI_1583_VIS,100,MVI_1583_VIS-0000020,clear_test
MVI_1583_VIS,105,MVI_1583_VIS-0000021,clear_test
MVI_1583_VIS,110,MVI_1583_VIS-0000022,clear_test
MVI_1583_VIS,115,MVI_1583_VIS-0000023,clear_test
MVI_1583_VIS,120,MVI_1583_VIS-0000024,clear_test
MVI_1583_VIS,125,MVI_1583_VIS-0000025,clear_test
MVI_1583_VIS,130,MVI_1583_VIS-0000026,clear_test
MVI_1583_VIS,135,MVI_1583_VIS-0000027,clear_test
MVI_1583_VIS,140,MVI_1583_VIS-0000028,clear_test
MVI_1583_VIS,145,MVI_1583_VIS-0000029,clear_test
MVI_1583_VIS,150,MVI_1583_VIS-0000030,clear_test
MVI_1583_VIS,155,MVI_1583_VIS-0000031,clear_test
MVI_1583_VIS,160,MVI_1583_VIS-0000032,clear_test
MVI_1583_VIS,165,MVI_1583_VIS-0000033,clear_test
MVI_1583_VIS,170,MVI_1583_VIS-0000034,clear_test
MVI_1583_VIS,175,MVI_1583_VIS-0000035,clear_test
MVI_1583_VIS,180,MVI_1583_VIS-0000036,clear_test
MVI_1583_VIS,185,MVI_1583_VIS-0000037,clear_test
MVI_1583_VIS,190,MVI_1583_VIS-0000038,clear_test
MVI_1583_VIS,195,MVI_1583_VIS-0000039,clear_test
MVI_1583_VIS,200,MVI_1583_VIS-0000040,clear_test
MVI_1583_VIS,205,MVI_1583_VIS-0000041,clear_test
MVI_1583_VIS,210,MVI_1583_VIS-0000042,clear_test
MVI_1583_VIS,215,MVI_1583_VIS-0000043,clear_test
MVI_1583_VIS,220,MVI_1583_VIS-0000044,clear_test
MVI_1583_VIS,225,MVI_1583_VIS-0000045,clear_test
MVI_1583_VIS,230,MVI_1583_VIS-0000046,clear_test
MVI_1583_VIS,235,MVI_1583_VIS-0000047,clear_test
MVI_1583_VIS,240,MVI_1583_VIS-0000048,clear_test
MVI_1583_VIS,245,MVI_1583_VIS-0000049,clear_test
MVI_1583_VIS,250,MVI_1583_VIS-0000050,clear_test
MVI_1584_VIS,0,MVI_1584_VIS-0000000,clear_test
MVI_1584_VIS,5,MVI_1584_VIS-0000001,clear_test
MVI_1584_VIS,10,MVI_1584_VIS-0000002,clear_test
MVI_1584_VIS,15,MVI_1584_VIS-0000003,clear_test
MVI_1584_VIS,20,MVI_1584_VIS-0000004,clear_test
MVI_1584_VIS,25,MVI_1584_VIS-0000005,clear_test
MVI_1584_VIS,30,MVI_1584_VIS-0000006,clear_test
MVI_1584_VIS,35,MVI_1584_VIS-0000007,clear_test
MVI_1584_VIS,40,MVI_1584_VIS-0000008,clear_test
MVI_1584_VIS,45,MVI_1584_VIS-0000009,clear_test
MVI_1584_VIS,50,MVI_1584_VIS-0000010,clear_test
MVI_1584_VIS,55,MVI_1584_VIS-0000011,clear_test
MVI_1584_VIS,60,MVI_1584_VIS-0000012,clear_test
MVI_1584_VIS,65,MVI_1584_VIS-0000013,clear_test
MVI_1584_VIS,70,MVI_1584_VIS-0000014,clear_test
MVI_1584_VIS,75,MVI_1584_VIS-0000015,clear_test
MVI_1584_VIS,80,MVI_1584_VIS-0000016,clear_test
MVI_1584_VIS,85,MVI_1584_VIS-0000017,clear_test
MVI_1584_VIS,90,MVI_1584_VIS-0000018,clear_test
MVI_1584_VIS,95,MVI_1584_VIS-0000019,clear_test
MVI_1584_VIS,100,MVI_1584_VIS-0000020,clear_test
MVI_1584_VIS,105,MVI_1584_VIS-0000021,clear_test
MVI_1584_VIS,110,MVI_1584_VIS-0000022,clear_test
MVI_1584_VIS,115,MVI_1584_VIS-0000023,clear_test
MVI_1584_VIS,120,MVI_1584_VIS-0000024,clear_test
MVI_1584_VIS,125,MVI_1584_VIS-0000025,clear_test
MVI_1584_VIS,130,MVI_1584_VIS-0000026,clear_test
MVI_1584_VIS,135,MVI_1584_VIS-0000027,clear_test
MVI_1584_VIS,140,MVI_1584_VIS-0000028,clear_test
MVI_1584_VIS,145,MVI_1584_VIS-0000029,clear_test
MVI_1584_VIS,150,MVI_1584_VIS-0000030,clear_test
MVI_1584_VIS,155,MVI_1584_VIS-0000031,clear_test
MVI_1584_VIS,160,MVI_1584_VIS-0000032,clear_test
MVI_1584_VIS,165,MVI_1584_VIS-0000033,clear_test
MVI_1584_VIS,170,MVI_1584_VIS-0000034,clear_test
MVI_1584_VIS,175,MVI_1584_VIS-0000035,clear_test
MVI_1584_VIS,180,MVI_1584_VIS-0000036,clear_test
MVI_1584_VIS,185,MVI_1584_VIS-0000037,clear_test
MVI_1584_VIS,190,MVI_1584_VIS-0000038,clear_test
MVI_1584_VIS,195,MVI_1584_VIS-0000039,clear_test
MVI_1584_VIS,200,MVI_1584_VIS-0000040,clear_test
MVI_1584_VIS,205,MVI_1584_VIS-0000041,clear_test
MVI_1584_VIS,210,MVI_1584_VIS-0000042,clear_test
MVI_1584_VIS,215,MVI_1584_VIS-0000043,clear_test
MVI_1584_VIS,220,MVI_1584_VIS-0000044,clear_test
MVI_1584_VIS,225,MVI_1584_VIS-0000045,clear_test
MVI_1584_VIS,230,MVI_1584_VIS-0000046,clear_test
MVI_1584_VIS,235,MVI_1584_VIS-0000047,clear_test
MVI_1584_VIS,240,MVI_1584_VIS-0000048,clear_test
MVI_1584_VIS,245,MVI_1584_VIS-0000049,clear_test
MVI_1584_VIS,250,MVI_1584_VIS-0000050,clear_test
MVI_1584_VIS,255,MVI_1584_VIS-0000051,clear_test
MVI_1584_VIS,260,MVI_1584_VIS-0000052,clear_test
MVI_1584_VIS,265,MVI_1584_VIS-0000053,clear_test
MVI_1584_VIS,270,MVI_1584_VIS-0000054,clear_test
MVI_1584_VIS,275,MVI_1584_VIS-0000055,clear_test
MVI_1584_VIS,280,MVI_1584_VIS-0000056,clear_test
MVI_1584_VIS,285,MVI_1584_VIS-0000057,clear_test
MVI_1584_VIS,290,MVI_1584_VIS-0000058,clear_test
MVI_1584_VIS,295,MVI_1584_VIS-0000059,clear_test
MVI_1584_VIS,300,MVI_1584_VIS-0000060,clear_test
MVI_1584_VIS,305,MVI_1584_VIS-0000061,clear_test
MVI_1584_VIS,310,MVI_1584_VIS-0000062,clear_test
MVI_1584_VIS,315,MVI_1584_VIS-0000063,clear_test
MVI_1584_VIS,320,MVI_1584_VIS-0000064,clear_test
MVI_1584_VIS,325,MVI_1584_VIS-0000065,clear_test
MVI_1584_VIS,330,MVI_1584_VIS-0000066,clear_test
MVI_1584_VIS,335,MVI_1584_VIS-0000067,clear_test
MVI_1584_VIS,340,MVI_1584_VIS-0000068,clear_test
MVI_1584_VIS,345,MVI_1584_VIS-0000069,clear_test
MVI_1584_VIS,350,MVI_1584_VIS-0000070,clear_test
MVI_1584_VIS,355,MVI_1584_VIS-0000071,clear_test
MVI_1584_VIS,360,MVI_1584_VIS-0000072,clear_test
MVI_1584_VIS,365,MVI_1584_VIS-0000073,clear_test
MVI_1584_VIS,370,MVI_1584_VIS-0000074,clear_test
MVI_1584_VIS,375,MVI_1584_VIS-0000075,clear_test
MVI_1584_VIS,380,MVI_1584_VIS-0000076,clear_test
MVI_1584_VIS,385,MVI_1584_VIS-0000077,clear_test
MVI_1584_VIS,390,MVI_1584_VIS-0000078,clear_test
MVI_1584_VIS,395,MVI_1584_VIS-0000079,clear_test
MVI_1584_VIS,400,MVI_1584_VIS-0000080,clear_test
MVI_1584_VIS,405,MVI_1584_VIS-0000081,clear_test
MVI_1584_VIS,410,MVI_1584_VIS-0000082,clear_test
MVI_1584_VIS,415,MVI_1584_VIS-0000083,clear_test
MVI_1584_VIS,420,MVI_1584_VIS-0000084,clear_test
MVI_1584_VIS,425,MVI_1584_VIS-0000085,clear_test
MVI_1584_VIS,430,MVI_1584_VIS-0000086,clear_test
MVI_1584_VIS,435,MVI_1584_VIS-0000087,clear_test
MVI_1584_VIS,440,MVI_1584_VIS-0000088,clear_test
MVI_1584_VIS,445,MVI_1584_VIS-0000089,clear_test
MVI_1584_VIS,450,MVI_1584_VIS-0000090,clear_test
MVI_1584_VIS,455,MVI_1584_VIS-0000091,clear_test
MVI_1584_VIS,460,MVI_1584_VIS-0000092,clear_test
MVI_1584_VIS,465,MVI_1584_VIS-0000093,clear_test
MVI_1584_VIS,470,MVI_1584_VIS-0000094,clear_test
MVI_1584_VIS,475,MVI_1584_VIS-0000095,clear_test
MVI_1584_VIS,480,MVI_1584_VIS-0000096,clear_test
MVI_1584_VIS,485,MVI_1584_VIS-0000097,clear_test
MVI_1584_VIS,490,MVI_1584_VIS-0000098,clear_test
MVI_1584_VIS,495,MVI_1584_VIS-0000099,clear_test
MVI_1584_VIS,500,MVI_1584_VIS-0000100,clear_test
MVI_1584_VIS,505,MVI_1584_VIS-0000101,clear_test
MVI_1584_VIS,510,MVI_1584_VIS-0000102,clear_test
MVI_1584_VIS,515,MVI_1584_VIS-0000103,clear_test
MVI_1584_VIS,520,MVI_1584_VIS-0000104,clear_test
MVI_1584_VIS,525,MVI_1584_VIS-0000105,clear_test
MVI_1584_VIS,530,MVI_1584_VIS-0000106,clear_test
MVI_1584_VIS,535,MVI_1584_VIS-0000107,clear_test
MVI_1587_VIS,0,MVI_1587_VIS-0000000,clear_test
MVI_1587_VIS,5,MVI_1587_VIS-0000001,clear_test
MVI_1587_VIS,10,MVI_1587_VIS-0000002,clear_test
MVI_1587_VIS,15,MVI_1587_VIS-0000003,clear_test
MVI_1587_VIS,20,MVI_1587_VIS-0000004,clear_test
MVI_1587_VIS,25,MVI_1587_VIS-0000005,clear_test
MVI_1587_VIS,30,MVI_1587_VIS-0000006,clear_test
MVI_1587_VIS,35,MVI_1587_VIS-0000007,clear_test
MVI_1587_VIS,40,MVI_1587_VIS-0000008,clear_test
MVI_1587_VIS,45,MVI_1587_VIS-0000009,clear_test
MVI_1587_VIS,50,MVI_1587_VIS-0000010,clear_test
MVI_1587_VIS,55,MVI_1587_VIS-0000011,clear_test
MVI_1587_VIS,60,MVI_1587_VIS-0000012,clear_test
MVI_1587_VIS,65,MVI_1587_VIS-0000013,clear_test
MVI_1587_VIS,70,MVI_1587_VIS-0000014,clear_test
MVI_1587_VIS,75,MVI_1587_VIS-0000015,clear_test
MVI_1587_VIS,80,MVI_1587_VIS-0000016,clear_test
MVI_1587_VIS,85,MVI_1587_VIS-0000017,clear_test
MVI_1587_VIS,90,MVI_1587_VIS-0000018,clear_test
MVI_1587_VIS,95,MVI_1587_VIS-0000019,clear_test
MVI_1587_VIS,100,MVI_1587_VIS-0000020,clear_test
MVI_1587_VIS,105,MVI_1587_VIS-0000021,clear_test
MVI_1587_VIS,110,MVI_1587_VIS-0000022,clear_test
MVI_1587_VIS,115,MVI_1587_VIS-0000023,clear_test
MVI_1587_VIS,120,MVI_1587_VIS-0000024,clear_test
MVI_1587_VIS,125,MVI_1587_VIS-0000025,clear_test
MVI_1587_VIS,130,MVI_1587_VIS-0000026,clear_test
MVI_1587_VIS,135,MVI_1587_VIS-0000027,clear_test
MVI_1587_VIS,140,MVI_1587_VIS-0000028,clear_test
MVI_1587_VIS,145,MVI_1587_VIS-0000029,clear_test
MVI_1587_VIS,150,MVI_1587_VIS-0000030,clear_test
MVI_1587_VIS,155,MVI_1587_VIS-0000031,clear_test
MVI_1587_VIS,160,MVI_1587_VIS-0000032,clear_test
MVI_1587_VIS,165,MVI_1587_VIS-0000033,clear_test
MVI_1587_VIS,170,MVI_1587_VIS-0000034,clear_test
MVI_1587_VIS,175,MVI_1587_VIS-0000035,clear_test
MVI_1587_VIS,180,MVI_1587_VIS-0000036,clear_test
MVI_1587_VIS,185,MVI_1587_VIS-0000037,clear_test
MVI_1587_VIS,190,MVI_1587_VIS-0000038,clear_test
MVI_1587_VIS,195,MVI_1587_VIS-0000039,clear_test
MVI_1587_VIS,200,MVI_1587_VIS-0000040,clear_test
MVI_1587_VIS,205,MVI_1587_VIS-0000041,clear_test
MVI_1587_VIS,210,MVI_1587_VIS-0000042,clear_test
MVI_1587_VIS,215,MVI_1587_VIS-0000043,clear_test
MVI_1587_VIS,220,MVI_1587_VIS-0000044,clear_test
MVI_1587_VIS,225,MVI_1587_VIS-0000045,clear_test
MVI_1587_VIS,230,MVI_1587_VIS-0000046,clear_test
MVI_1587_VIS,235,MVI_1587_VIS-0000047,clear_test
MVI_1587_VIS,240,MVI_1587_VIS-0000048,clear_test
MVI_1587_VIS,245,MVI_1587_VIS-0000049,clear_test
MVI_1587_VIS,250,MVI_1587_VIS-0000050,clear_test
MVI_1587_VIS,255,MVI_1587_VIS-0000051,clear_test
MVI_1587_VIS,260,MVI_1587_VIS-0000052,clear_test
MVI_1587_VIS,265,MVI_1587_VIS-0000053,clear_test
MVI_1587_VIS,270,MVI_1587_VIS-0000054,clear_test
MVI_1587_VIS,275,MVI_1587_VIS-0000055,clear_test
MVI_1587_VIS,280,MVI_1587_VIS-0000056,clear_test
MVI_1587_VIS,285,MVI_1587_VIS-0000057,clear_test
MVI_1587_VIS,290,MVI_1587_VIS-0000058,clear_test
MVI_1587_VIS,295,MVI_1587_VIS-0000059,clear_test
MVI_1587_VIS,300,MVI_1587_VIS-0000060,clear_test
MVI_1587_VIS,305,MVI_1587_VIS-0000061,clear_test
MVI_1587_VIS,310,MVI_1587_VIS-0000062,clear_test
MVI_1587_VIS,315,MVI_1587_VIS-0000063,clear_test
MVI_1587_VIS,320,MVI_1587_VIS-0000064,clear_test
MVI_1587_VIS,325,MVI_1587_VIS-0000065,clear_test
MVI_1587_VIS,330,MVI_1587_VIS-0000066,clear_test
MVI_1587_VIS,335,MVI_1587_VIS-0000067,clear_test
MVI_1587_VIS,340,MVI_1587_VIS-0000068,clear_test
MVI_1587_VIS,345,MVI_1587_VIS-0000069,clear_test
MVI_1587_VIS,350,MVI_1587_VIS-0000070,clear_test
MVI_1587_VIS,355,MVI_1587_VIS-0000071,clear_test
MVI_1587_VIS,360,MVI_1587_VIS-0000072,clear_test
MVI_1587_VIS,365,MVI_1587_VIS-0000073,clear_test
MVI_1587_VIS,370,MVI_1587_VIS-0000074,clear_test
MVI_1587_VIS,375,MVI_1587_VIS-0000075,clear_test
MVI_1587_VIS,380,MVI_1587_VIS-0000076,clear_test
MVI_1587_VIS,385,MVI_1587_VIS-0000077,clear_test
MVI_1587_VIS,390,MVI_1587_VIS-0000078,clear_test
MVI_1587_VIS,395,MVI_1587_VIS-0000079,clear_test
MVI_1587_VIS,400,MVI_1587_VIS-0000080,clear_test
MVI_1587_VIS,405,MVI_1587_VIS-0000081,clear_test
MVI_1587_VIS,410,MVI_1587_VIS-0000082,clear_test
MVI_1587_VIS,415,MVI_1587_VIS-0000083,clear_test
MVI_1587_VIS,420,MVI_1587_VIS-0000084,clear_test
MVI_1587_VIS,425,MVI_1587_VIS-0000085,clear_test
MVI_1587_VIS,430,MVI_1587_VIS-0000086,clear_test
MVI_1587_VIS,435,MVI_1587_VIS-0000087,clear_test
MVI_1587_VIS,440,MVI_1587_VIS-0000088,clear_test
MVI_1587_VIS,445,MVI_1587_VIS-0000089,clear_test
MVI_1587_VIS,450,MVI_1587_VIS-0000090,clear_test
MVI_1587_VIS,455,MVI_1587_VIS-0000091,clear_test
MVI_1587_VIS,460,MVI_1587_VIS-0000092,clear_test
MVI_1587_VIS,465,MVI_1587_VIS-0000093,clear_test
MVI_1587_VIS,470,MVI_1587_VIS-0000094,clear_test
MVI_1587_VIS,475,MVI_1587_VIS-0000095,clear_test
MVI_1587_VIS,480,MVI_1587_VIS-0000096,clear_test
MVI_1587_VIS,485,MVI_1587_VIS-0000097,clear_test
MVI_1587_VIS,490,MVI_1587_VIS-0000098,clear_test
MVI_1587_VIS,495,MVI_1587_VIS-0000099,clear_test
MVI_1587_VIS,500,MVI_1587_VIS-0000100,clear_test
MVI_1587_VIS,505,MVI_1587_VIS-0000101,clear_test
MVI_1587_VIS,510,MVI_1587_VIS-0000102,clear_test
MVI_1587_VIS,515,MVI_1587_VIS-0000103,clear_test
MVI_1587_VIS,520,MVI_1587_VIS-0000104,clear_test
MVI_1587_VIS,525,MVI_1587_VIS-0000105,clear_test
MVI_1587_VIS,530,MVI_1587_VIS-0000106,clear_test
MVI_1587_VIS,535,MVI_1587_VIS-0000107,clear_test
MVI_1587_VIS,540,MVI_1587_VIS-0000108,clear_test
MVI_1587_VIS,545,MVI_1587_VIS-0000109,clear_test
MVI_1587_VIS,550,MVI_1587_VIS-0000110,clear_test
MVI_1587_VIS,555,MVI_1587_VIS-0000111,clear_test
MVI_1587_VIS,560,MVI_1587_VIS-0000112,clear_test
MVI_1587_VIS,565,MVI_1587_VIS-0000113,clear_test
MVI_1587_VIS,570,MVI_1587_VIS-0000114,clear_test
MVI_1587_VIS,575,MVI_1587_VIS-0000115,clear_test
MVI_1587_VIS,580,MVI_1587_VIS-0000116,clear_test
MVI_1587_VIS,585,MVI_1587_VIS-0000117,clear_test
MVI_1587_VIS,590,MVI_1587_VIS-0000118,clear_test
MVI_1587_VIS,595,MVI_1587_VIS-0000119,clear_test
MVI_1592_VIS,0,MVI_1592_VIS-0000000,clear_test
MVI_1592_VIS,5,MVI_1592_VIS-0000001,clear_test
MVI_1592_VIS,10,MVI_1592_VIS-0000002,clear_test
MVI_1592_VIS,15,MVI_1592_VIS-0000003,clear_test
MVI_1592_VIS,20,MVI_1592_VIS-0000004,clear_test
MVI_1592_VIS,25,MVI_1592_VIS-0000005,clear_test
MVI_1592_VIS,30,MVI_1592_VIS-0000006,clear_test
MVI_1592_VIS,35,MVI_1592_VIS-0000007,clear_test
MVI_1592_VIS,40,MVI_1592_VIS-0000008,clear_test
MVI_1592_VIS,45,MVI_1592_VIS-0000009,clear_test
MVI_1592_VIS,50,MVI_1592_VIS-0000010,clear_test
MVI_1592_VIS,55,MVI_1592_VIS-0000011,clear_test
MVI_1592_VIS,60,MVI_1592_VIS-0000012,clear_test
MVI_1592_VIS,65,MVI_1592_VIS-0000013,clear_test
MVI_1592_VIS,70,MVI_1592_VIS-0000014,clear_test
MVI_1592_VIS,75,MVI_1592_VIS-0000015,clear_test
MVI_1592_VIS,80,MVI_1592_VIS-0000016,clear_test
MVI_1592_VIS,85,MVI_1592_VIS-0000017,clear_test
MVI_1592_VIS,90,MVI_1592_VIS-0000018,clear_test
MVI_1592_VIS,95,MVI_1592_VIS-0000019,clear_test
MVI_1592_VIS,100,MVI_1592_VIS-0000020,clear_test
MVI_1592_VIS,105,MVI_1592_VIS-0000021,clear_test
MVI_1592_VIS,110,MVI_1592_VIS-0000022,clear_test
MVI_1592_VIS,115,MVI_1592_VIS-0000023,clear_test
MVI_1592_VIS,120,MVI_1592_VIS-0000024,clear_test
MVI_1592_VIS,125,MVI_1592_VIS-0000025,clear_test
MVI_1592_VIS,130,MVI_1592_VIS-0000026,clear_test
MVI_1592_VIS,135,MVI_1592_VIS-0000027,clear_test
MVI_1592_VIS,140,MVI_1592_VIS-0000028,clear_test
MVI_1592_VIS,145,MVI_1592_VIS-0000029,clear_test
MVI_1592_VIS,150,MVI_1592_VIS-0000030,clear_test
MVI_1592_VIS,155,MVI_1592_VIS-0000031,clear_test
MVI_1592_VIS,160,MVI_1592_VIS-0000032,clear_test
MVI_1592_VIS,165,MVI_1592_VIS-0000033,clear_test
MVI_1592_VIS,170,MVI_1592_VIS-0000034,clear_test
MVI_1592_VIS,175,MVI_1592_VIS-0000035,clear_test
MVI_1592_VIS,180,MVI_1592_VIS-0000036,clear_test
MVI_1592_VIS,185,MVI_1592_VIS-0000037,clear_test
MVI_1592_VIS,190,MVI_1592_VIS-0000038,clear_test
MVI_1592_VIS,195,MVI_1592_VIS-0000039,clear_test
MVI_1592_VIS,200,MVI_1592_VIS-0000040,clear_test
MVI_1592_VIS,205,MVI_1592_VIS-0000041,clear_test
MVI_1592_VIS,210,MVI_1592_VIS-0000042,clear_test
MVI_1592_VIS,215,MVI_1592_VIS-0000043,clear_test
MVI_1592_VIS,220,MVI_1592_VIS-0000044,clear_test
MVI_1592_VIS,225,MVI_1592_VIS-0000045,clear_test
MVI_1592_VIS,230,MVI_1592_VIS-0000046,clear_test
MVI_1592_VIS,235,MVI_1592_VIS-0000047,clear_test
MVI_1592_VIS,240,MVI_1592_VIS-0000048,clear_test
MVI_1592_VIS,245,MVI_1592_VIS-0000049,clear_test
MVI_1592_VIS,250,MVI_1592_VIS-0000050,clear_test
MVI_1592_VIS,255,MVI_1592_VIS-0000051,clear_test
MVI_1592_VIS,260,MVI_1592_VIS-0000052,clear_test
MVI_1592_VIS,265,MVI_1592_VIS-0000053,clear_test
MVI_1592_VIS,270,MVI_1592_VIS-0000054,clear_test
MVI_1592_VIS,275,MVI_1592_VIS-0000055,clear_test
MVI_1592_VIS,280,MVI_1592_VIS-0000056,clear_test
MVI_1592_VIS,285,MVI_1592_VIS-0000057,clear_test
MVI_1592_VIS,290,MVI_1592_VIS-0000058,clear_test
MVI_1592_VIS,295,MVI_1592_VIS-0000059,clear_test
MVI_1592_VIS,300,MVI_1592_VIS-0000060,clear_test
MVI_1592_VIS,305,MVI_1592_VIS-0000061,clear_test
MVI_1592_VIS,310,MVI_1592_VIS-0000062,clear_test
MVI_1592_VIS,315,MVI_1592_VIS-0000063,clear_test
MVI_1592_VIS,320,MVI_1592_VIS-0000064,clear_test
MVI_1592_VIS,325,MVI_1592_VIS-0000065,clear_test
MVI_1592_VIS,330,MVI_1592_VIS-0000066,clear_test
MVI_1592_VIS,335,MVI_1592_VIS-0000067,clear_test
MVI_1592_VIS,340,MVI_1592_VIS-0000068,clear_test
MVI_1592_VIS,345,MVI_1592_VIS-0000069,clear_test
MVI_1592_VIS,350,MVI_1592_VIS-0000070,clear_test
MVI_1592_VIS,355,MVI_1592_VIS-0000071,clear_test
MVI_1592_VIS,360,MVI_1592_VIS-0000072,clear_test
MVI_1592_VIS,365,MVI_1592_VIS-0000073,clear_test
MVI_1592_VIS,370,MVI_1592_VIS-0000074,clear_test
MVI_1592_VIS,375,MVI_1592_VIS-0000075,clear_test
MVI_1592_VIS,380,MVI_1592_VIS-0000076,clear_test
MVI_1592_VIS,385,MVI_1592_VIS-0000077,clear_test
MVI_1592_VIS,390,MVI_1592_VIS-0000078,clear_test
MVI_1592_VIS,395,MVI_1592_VIS-0000079,clear_test
MVI_1592_VIS,400,MVI_1592_VIS-0000080,clear_test
MVI_1592_VIS,405,MVI_1592_VIS-0000081,clear_test
MVI_1592_VIS,410,MVI_1592_VIS-0000082,clear_test
MVI_1592_VIS,415,MVI_1592_VIS-0000083,clear_test
MVI_1592_VIS,420,MVI_1592_VIS-0000084,clear_test
MVI_1592_VIS,425,MVI_1592_VIS-0000085,clear_test
MVI_1592_VIS,430,MVI_1592_VIS-0000086,clear_test
MVI_1592_VIS,435,MVI_1592_VIS-0000087,clear_test
MVI_1592_VIS,440,MVI_1592_VIS-0000088,clear_test
MVI_1592_VIS,445,MVI_1592_VIS-0000089,clear_test
MVI_1592_VIS,450,MVI_1592_VIS-0000090,clear_test
MVI_1592_VIS,455,MVI_1592_VIS-0000091,clear_test
MVI_1592_VIS,460,MVI_1592_VIS-0000092,clear_test
MVI_1592_VIS,465,MVI_1592_VIS-0000093,clear_test
MVI_1592_VIS,470,MVI_1592_VIS-0000094,clear_test
MVI_1592_VIS,475,MVI_1592_VIS-0000095,clear_test
MVI_1592_VIS,480,MVI_1592_VIS-0000096,clear_test
MVI_1592_VIS,485,MVI_1592_VIS-0000097,clear_test
MVI_1592_VIS,490,MVI_1592_VIS-0000098,clear_test
MVI_1609_VIS,0,MVI_1609_VIS-0000000,clear_train
MVI_1609_VIS,5,MVI_1609_VIS-0000001,clear_train
MVI_1609_VIS,10,MVI_1609_VIS-0000002,clear_train
MVI_1609_VIS,15,MVI_1609_VIS-0000003,clear_train
MVI_1609_VIS,20,MVI_1609_VIS-0000004,clear_train
MVI_1609_VIS,25,MVI_1609_VIS-0000005,clear_train
MVI_1609_VIS,30,MVI_1609_VIS-0000006,clear_train
MVI_1609_VIS,35,MVI_1609_VIS-0000007,clear_train
MVI_1609_VIS,40,MVI_1609_VIS-0000008,clear_train
MVI_1609_VIS,45,MVI_1609_VIS-0000009,clear_train
MVI_1609_VIS,50,MVI_1609_VIS-0000010,clear_train
MVI_1609_VIS,55,MVI_1609_VIS-0000011,clear_train
MVI_1609_VIS,60,MVI_1609_VIS-0000012,clear_train
MVI_1609_VIS,65,MVI_1609_VIS-0000013,clear_train
MVI_1609_VIS,70,MVI_1609_VIS-0000014,clear_train
MVI_1609_VIS,75,MVI_1609_VIS-0000015,clear_train
MVI_1609_VIS,80,MVI_1609_VIS-0000016,clear_train
MVI_1609_VIS,85,MVI_1609_VIS-0000017,clear_train
MVI_1609_VIS,90,MVI_1609_VIS-0000018,clear_train
MVI_1609_VIS,95,MVI_1609_VIS-0000019,clear_train
MVI_1609_VIS,100,MVI_1609_VIS-0000020,clear_train
MVI_1609_VIS,105,MVI_1609_VIS-0000021,clear_train
MVI_1609_VIS,110,MVI_1609_VIS-0000022,clear_train
MVI_1609_VIS,115,MVI_1609_VIS-0000023,clear_train
MVI_1609_VIS,120,MVI_1609_VIS-0000024,clear_train
MVI_1609_VIS,125,MVI_1609_VIS-0000025,clear_train
MVI_1609_VIS,130,MVI_1609_VIS-0000026,clear_train
MVI_1609_VIS,135,MVI_1609_VIS-0000027,clear_train
MVI_1609_VIS,140,MVI_1609_VIS-0000028,clear_train
MVI_1609_VIS,145,MVI_1609_VIS-0000029,clear_train
MVI_1609_VIS,150,MVI_1609_VIS-0000030,clear_train
MVI_1609_VIS,155,MVI_1609_VIS-0000031,clear_train
MVI_1609_VIS,160,MVI_1609_VIS-0000032,clear_train
MVI_1609_VIS,165,MVI_1609_VIS-0000033,clear_train
MVI_1609_VIS,170,MVI_1609_VIS-0000034,clear_train
MVI_1609_VIS,175,MVI_1609_VIS-0000035,clear_train
MVI_1609_VIS,180,MVI_1609_VIS-0000036,clear_train
MVI_1609_VIS,185,MVI_1609_VIS-0000037,clear_train
MVI_1609_VIS,190,MVI_1609_VIS-0000038,clear_train
MVI_1609_VIS,195,MVI_1609_VIS-0000039,clear_train
MVI_1609_VIS,200,MVI_1609_VIS-0000040,clear_train
MVI_1609_VIS,205,MVI_1609_VIS-0000041,clear_train
MVI_1609_VIS,210,MVI_1609_VIS-0000042,clear_train
MVI_1609_VIS,215,MVI_1609_VIS-0000043,clear_train
MVI_1609_VIS,220,MVI_1609_VIS-0000044,clear_train
MVI_1609_VIS,225,MVI_1609_VIS-0000045,clear_train
MVI_1609_VIS,230,MVI_1609_VIS-0000046,clear_train
MVI_1609_VIS,235,MVI_1609_VIS-0000047,clear_train
MVI_1609_VIS,240,MVI_1609_VIS-0000048,clear_train
MVI_1609_VIS,245,MVI_1609_VIS-0000049,clear_train
MVI_1609_VIS,250,MVI_1609_VIS-0000050,clear_train
MVI_1609_VIS,255,MVI_1609_VIS-0000051,clear_train
MVI_1609_VIS,260,MVI_1609_VIS-0000052,clear_train
MVI_1609_VIS,265,MVI_1609_VIS-0000053,clear_train
MVI_1609_VIS,270,MVI_1609_VIS-0000054,clear_train
MVI_1609_VIS,275,MVI_1609_VIS-0000055,clear_train
MVI_1609_VIS,280,MVI_1609_VIS-0000056,clear_train
MVI_1609_VIS,285,MVI_1609_VIS-0000057,clear_train
MVI_1609_VIS,290,MVI_1609_VIS-0000058,clear_train
MVI_1609_VIS,295,MVI_1609_VIS-0000059,clear_train
MVI_1609_VIS,300,MVI_1609_VIS-0000060,clear_train
MVI_1609_VIS,305,MVI_1609_VIS-0000061,clear_train
MVI_1609_VIS,310,MVI_1609_VIS-0000062,clear_train
MVI_1609_VIS,315,MVI_1609_VIS-0000063,clear_train
MVI_1609_VIS,320,MVI_1609_VIS-0000064,clear_train
MVI_1609_VIS,325,MVI_1609_VIS-0000065,clear_train
MVI_1609_VIS,330,MVI_1609_VIS-0000066,clear_train
MVI_1609_VIS,335,MVI_1609_VIS-0000067,clear_train
MVI_1609_VIS,340,MVI_1609_VIS-0000068,clear_train
MVI_1609_VIS,345,MVI_1609_VIS-0000069,clear_train
MVI_1609_VIS,350,MVI_1609_VIS-0000070,clear_train
MVI_1609_VIS,355,MVI_1609_VIS-0000071,clear_train
MVI_1609_VIS,360,MVI_1609_VIS-0000072,clear_train
MVI_1609_VIS,365,MVI_1609_VIS-0000073,clear_train
MVI_1609_VIS,370,MVI_1609_VIS-0000074,clear_train
MVI_1609_VIS,375,MVI_1609_VIS-0000075,clear_train
MVI_1609_VIS,380,MVI_1609_VIS-0000076,clear_train
MVI_1609_VIS,385,MVI_1609_VIS-0000077,clear_train
MVI_1609_VIS,390,MVI_1609_VIS-0000078,clear_train
MVI_1609_VIS,395,MVI_1609_VIS-0000079,clear_train
MVI_1609_VIS,400,MVI_1609_VIS-0000080,clear_train
MVI_1609_VIS,405,MVI_1609_VIS-0000081,clear_train
MVI_1609_VIS,410,MVI_1609_VIS-0000082,clear_train
MVI_1609_VIS,415,MVI_1609_VIS-0000083,clear_train
MVI_1609_VIS,420,MVI_1609_VIS-0000084,clear_train
MVI_1609_VIS,425,MVI_1609_VIS-0000085,clear_train
MVI_1609_VIS,430,MVI_1609_VIS-0000086,clear_train
MVI_1609_VIS,435,MVI_1609_VIS-0000087,clear_train
MVI_1609_VIS,440,MVI_1609_VIS-0000088,clear_train
MVI_1609_VIS,445,MVI_1609_VIS-0000089,clear_train
MVI_1609_VIS,450,MVI_1609_VIS-0000090,clear_train
MVI_1609_VIS,455,MVI_1609_VIS-0000091,clear_train
MVI_1609_VIS,460,MVI_1609_VIS-0000092,clear_train
MVI_1609_VIS,465,MVI_1609_VIS-0000093,clear_train
MVI_1609_VIS,470,MVI_1609_VIS-0000094,clear_train
MVI_1609_VIS,475,MVI_1609_VIS-0000095,clear_train
MVI_1609_VIS,480,MVI_1609_VIS-0000096,clear_train
MVI_1609_VIS,485,MVI_1609_VIS-0000097,clear_train
MVI_1609_VIS,490,MVI_1609_VIS-0000098,clear_train
MVI_1609_VIS,495,MVI_1609_VIS-0000099,clear_train
MVI_1609_VIS,500,MVI_1609_VIS-0000100,clear_train
MVI_1610_VIS,0,MVI_1610_VIS-0000000,clear_calib
MVI_1610_VIS,5,MVI_1610_VIS-0000001,clear_calib
MVI_1610_VIS,10,MVI_1610_VIS-0000002,clear_calib
MVI_1610_VIS,15,MVI_1610_VIS-0000003,clear_calib
MVI_1610_VIS,20,MVI_1610_VIS-0000004,clear_calib
MVI_1610_VIS,25,MVI_1610_VIS-0000005,clear_calib
MVI_1610_VIS,30,MVI_1610_VIS-0000006,clear_calib
MVI_1610_VIS,35,MVI_1610_VIS-0000007,clear_calib
MVI_1610_VIS,40,MVI_1610_VIS-0000008,clear_calib
MVI_1610_VIS,45,MVI_1610_VIS-0000009,clear_calib
MVI_1610_VIS,50,MVI_1610_VIS-0000010,clear_calib
MVI_1610_VIS,55,MVI_1610_VIS-0000011,clear_calib
MVI_1610_VIS,60,MVI_1610_VIS-0000012,clear_calib
MVI_1610_VIS,65,MVI_1610_VIS-0000013,clear_calib
MVI_1610_VIS,70,MVI_1610_VIS-0000014,clear_calib
MVI_1610_VIS,75,MVI_1610_VIS-0000015,clear_calib
MVI_1610_VIS,80,MVI_1610_VIS-0000016,clear_calib
MVI_1610_VIS,85,MVI_1610_VIS-0000017,clear_calib
MVI_1610_VIS,90,MVI_1610_VIS-0000018,clear_calib
MVI_1610_VIS,95,MVI_1610_VIS-0000019,clear_calib
MVI_1610_VIS,100,MVI_1610_VIS-0000020,clear_calib
MVI_1610_VIS,105,MVI_1610_VIS-0000021,clear_calib
MVI_1610_VIS,110,MVI_1610_VIS-0000022,clear_calib
MVI_1610_VIS,115,MVI_1610_VIS-0000023,clear_calib
MVI_1610_VIS,120,MVI_1610_VIS-0000024,clear_calib
MVI_1610_VIS,125,MVI_1610_VIS-0000025,clear_calib
MVI_1610_VIS,130,MVI_1610_VIS-0000026,clear_calib
MVI_1610_VIS,135,MVI_1610_VIS-0000027,clear_calib
MVI_1610_VIS,140,MVI_1610_VIS-0000028,clear_calib
MVI_1610_VIS,145,MVI_1610_VIS-0000029,clear_calib
MVI_1610_VIS,150,MVI_1610_VIS-0000030,clear_calib
MVI_1610_VIS,155,MVI_1610_VIS-0000031,clear_calib
MVI_1610_VIS,160,MVI_1610_VIS-0000032,clear_calib
MVI_1610_VIS,165,MVI_1610_VIS-0000033,clear_calib
MVI_1610_VIS,170,MVI_1610_VIS-0000034,clear_calib
MVI_1610_VIS,175,MVI_1610_VIS-0000035,clear_calib
MVI_1610_VIS,180,MVI_1610_VIS-0000036,clear_calib
MVI_1610_VIS,185,MVI_1610_VIS-0000037,clear_calib
MVI_1610_VIS,190,MVI_1610_VIS-0000038,clear_calib
MVI_1610_VIS,195,MVI_1610_VIS-0000039,clear_calib
MVI_1610_VIS,200,MVI_1610_VIS-0000040,clear_calib
MVI_1610_VIS,205,MVI_1610_VIS-0000041,clear_calib
MVI_1610_VIS,210,MVI_1610_VIS-0000042,clear_calib
MVI_1610_VIS,215,MVI_1610_VIS-0000043,clear_calib
MVI_1610_VIS,220,MVI_1610_VIS-0000044,clear_calib
MVI_1610_VIS,225,MVI_1610_VIS-0000045,clear_calib
MVI_1610_VIS,230,MVI_1610_VIS-0000046,clear_calib
MVI_1610_VIS,235,MVI_1610_VIS-0000047,clear_calib
MVI_1610_VIS,240,MVI_1610_VIS-0000048,clear_calib
MVI_1610_VIS,245,MVI_1610_VIS-0000049,clear_calib
MVI_1610_VIS,250,MVI_1610_VIS-0000050,clear_calib
MVI_1610_VIS,255,MVI_1610_VIS-0000051,clear_calib
MVI_1610_VIS,260,MVI_1610_VIS-0000052,clear_calib
MVI_1610_VIS,265,MVI_1610_VIS-0000053,clear_calib
MVI_1610_VIS,270,MVI_1610_VIS-0000054,clear_calib
MVI_1610_VIS,275,MVI_1610_VIS-0000055,clear_calib
MVI_1610_VIS,280,MVI_1610_VIS-0000056,clear_calib
MVI_1610_VIS,285,MVI_1610_VIS-0000057,clear_calib
MVI_1610_VIS,290,MVI_1610_VIS-0000058,clear_calib
MVI_1610_VIS,295,MVI_1610_VIS-0000059,clear_calib
MVI_1610_VIS,300,MVI_1610_VIS-0000060,clear_calib
MVI_1610_VIS,305,MVI_1610_VIS-0000061,clear_calib
MVI_1610_VIS,310,MVI_1610_VIS-0000062,clear_calib
MVI_1610_VIS,315,MVI_1610_VIS-0000063,clear_calib
MVI_1610_VIS,320,MVI_1610_VIS-0000064,clear_calib
MVI_1610_VIS,325,MVI_1610_VIS-0000065,clear_calib
MVI_1610_VIS,330,MVI_1610_VIS-0000066,clear_calib
MVI_1610_VIS,335,MVI_1610_VIS-0000067,clear_calib
MVI_1610_VIS,340,MVI_1610_VIS-0000068,clear_calib
MVI_1610_VIS,345,MVI_1610_VIS-0000069,clear_calib
MVI_1610_VIS,350,MVI_1610_VIS-0000070,clear_calib
MVI_1610_VIS,355,MVI_1610_VIS-0000071,clear_calib
MVI_1610_VIS,360,MVI_1610_VIS-0000072,clear_calib
MVI_1610_VIS,365,MVI_1610_VIS-0000073,clear_calib
MVI_1610_VIS,370,MVI_1610_VIS-0000074,clear_calib
MVI_1610_VIS,375,MVI_1610_VIS-0000075,clear_calib
MVI_1610_VIS,380,MVI_1610_VIS-0000076,clear_calib
MVI_1610_VIS,385,MVI_1610_VIS-0000077,clear_calib
MVI_1610_VIS,390,MVI_1610_VIS-0000078,clear_calib
MVI_1610_VIS,395,MVI_1610_VIS-0000079,clear_calib
MVI_1610_VIS,400,MVI_1610_VIS-0000080,clear_calib
MVI_1610_VIS,405,MVI_1610_VIS-0000081,clear_calib
MVI_1610_VIS,410,MVI_1610_VIS-0000082,clear_calib
MVI_1610_VIS,415,MVI_1610_VIS-0000083,clear_calib
MVI_1610_VIS,420,MVI_1610_VIS-0000084,clear_calib
MVI_1610_VIS,425,MVI_1610_VIS-0000085,clear_calib
MVI_1610_VIS,430,MVI_1610_VIS-0000086,clear_calib
MVI_1610_VIS,435,MVI_1610_VIS-0000087,clear_calib
MVI_1610_VIS,440,MVI_1610_VIS-0000088,clear_calib
MVI_1610_VIS,445,MVI_1610_VIS-0000089,clear_calib
MVI_1610_VIS,450,MVI_1610_VIS-0000090,clear_calib
MVI_1610_VIS,455,MVI_1610_VIS-0000091,clear_calib
MVI_1610_VIS,460,MVI_1610_VIS-0000092,clear_calib
MVI_1610_VIS,465,MVI_1610_VIS-0000093,clear_calib
MVI_1610_VIS,470,MVI_1610_VIS-0000094,clear_calib
MVI_1610_VIS,475,MVI_1610_VIS-0000095,clear_calib
MVI_1610_VIS,480,MVI_1610_VIS-0000096,clear_calib
MVI_1610_VIS,485,MVI_1610_VIS-0000097,clear_calib
MVI_1610_VIS,490,MVI_1610_VIS-0000098,clear_calib
MVI_1610_VIS,495,MVI_1610_VIS-0000099,clear_calib
MVI_1610_VIS,500,MVI_1610_VIS-0000100,clear_calib
MVI_1610_VIS,505,MVI_1610_VIS-0000101,clear_calib
MVI_1610_VIS,510,MVI_1610_VIS-0000102,clear_calib
MVI_1610_VIS,515,MVI_1610_VIS-0000103,clear_calib
MVI_1610_VIS,520,MVI_1610_VIS-0000104,clear_calib
MVI_1610_VIS,525,MVI_1610_VIS-0000105,clear_calib
MVI_1610_VIS,530,MVI_1610_VIS-0000106,clear_calib
MVI_1610_VIS,535,MVI_1610_VIS-0000107,clear_calib
MVI_1610_VIS,540,MVI_1610_VIS-0000108,clear_calib
MVI_1612_VIS,0,MVI_1612_VIS-0000000,clear_calib
MVI_1612_VIS,5,MVI_1612_VIS-0000001,clear_calib
MVI_1612_VIS,10,MVI_1612_VIS-0000002,clear_calib
MVI_1612_VIS,15,MVI_1612_VIS-0000003,clear_calib
MVI_1612_VIS,20,MVI_1612_VIS-0000004,clear_calib
MVI_1612_VIS,25,MVI_1612_VIS-0000005,clear_calib
MVI_1612_VIS,30,MVI_1612_VIS-0000006,clear_calib
MVI_1612_VIS,35,MVI_1612_VIS-0000007,clear_calib
MVI_1612_VIS,40,MVI_1612_VIS-0000008,clear_calib
MVI_1612_VIS,45,MVI_1612_VIS-0000009,clear_calib
MVI_1612_VIS,50,MVI_1612_VIS-0000010,clear_calib
MVI_1612_VIS,55,MVI_1612_VIS-0000011,clear_calib
MVI_1612_VIS,60,MVI_1612_VIS-0000012,clear_calib
MVI_1612_VIS,65,MVI_1612_VIS-0000013,clear_calib
MVI_1612_VIS,70,MVI_1612_VIS-0000014,clear_calib
MVI_1612_VIS,75,MVI_1612_VIS-0000015,clear_calib
MVI_1612_VIS,80,MVI_1612_VIS-0000016,clear_calib
MVI_1612_VIS,85,MVI_1612_VIS-0000017,clear_calib
MVI_1612_VIS,90,MVI_1612_VIS-0000018,clear_calib
MVI_1612_VIS,95,MVI_1612_VIS-0000019,clear_calib
MVI_1612_VIS,100,MVI_1612_VIS-0000020,clear_calib
MVI_1612_VIS,105,MVI_1612_VIS-0000021,clear_calib
MVI_1612_VIS,110,MVI_1612_VIS-0000022,clear_calib
MVI_1612_VIS,115,MVI_1612_VIS-0000023,clear_calib
MVI_1612_VIS,120,MVI_1612_VIS-0000024,clear_calib
MVI_1612_VIS,125,MVI_1612_VIS-0000025,clear_calib
MVI_1612_VIS,130,MVI_1612_VIS-0000026,clear_calib
MVI_1612_VIS,135,MVI_1612_VIS-0000027,clear_calib
MVI_1612_VIS,140,MVI_1612_VIS-0000028,clear_calib
MVI_1612_VIS,145,MVI_1612_VIS-0000029,clear_calib
MVI_1612_VIS,150,MVI_1612_VIS-0000030,clear_calib
MVI_1612_VIS,155,MVI_1612_VIS-0000031,clear_calib
MVI_1612_VIS,160,MVI_1612_VIS-0000032,clear_calib
MVI_1612_VIS,165,MVI_1612_VIS-0000033,clear_calib
MVI_1612_VIS,170,MVI_1612_VIS-0000034,clear_calib
MVI_1612_VIS,175,MVI_1612_VIS-0000035,clear_calib
MVI_1612_VIS,180,MVI_1612_VIS-0000036,clear_calib
MVI_1612_VIS,185,MVI_1612_VIS-0000037,clear_calib
MVI_1612_VIS,190,MVI_1612_VIS-0000038,clear_calib
MVI_1612_VIS,195,MVI_1612_VIS-0000039,clear_calib
MVI_1612_VIS,200,MVI_1612_VIS-0000040,clear_calib
MVI_1612_VIS,205,MVI_1612_VIS-0000041,clear_calib
MVI_1612_VIS,210,MVI_1612_VIS-0000042,clear_calib
MVI_1612_VIS,215,MVI_1612_VIS-0000043,clear_calib
MVI_1612_VIS,220,MVI_1612_VIS-0000044,clear_calib
MVI_1612_VIS,225,MVI_1612_VIS-0000045,clear_calib
MVI_1612_VIS,230,MVI_1612_VIS-0000046,clear_calib
MVI_1612_VIS,235,MVI_1612_VIS-0000047,clear_calib
MVI_1612_VIS,240,MVI_1612_VIS-0000048,clear_calib
MVI_1612_VIS,245,MVI_1612_VIS-0000049,clear_calib
MVI_1612_VIS,250,MVI_1612_VIS-0000050,clear_calib
MVI_1612_VIS,255,MVI_1612_VIS-0000051,clear_calib
MVI_1612_VIS,260,MVI_1612_VIS-0000052,clear_calib
MVI_1613_VIS,0,MVI_1613_VIS-0000000,clear_train
MVI_1613_VIS,5,MVI_1613_VIS-0000001,clear_train
MVI_1613_VIS,10,MVI_1613_VIS-0000002,clear_train
MVI_1613_VIS,15,MVI_1613_VIS-0000003,clear_train
MVI_1613_VIS,20,MVI_1613_VIS-0000004,clear_train
MVI_1613_VIS,25,MVI_1613_VIS-0000005,clear_train
MVI_1613_VIS,30,MVI_1613_VIS-0000006,clear_train
MVI_1613_VIS,35,MVI_1613_VIS-0000007,clear_train
MVI_1613_VIS,40,MVI_1613_VIS-0000008,clear_train
MVI_1613_VIS,45,MVI_1613_VIS-0000009,clear_train
MVI_1613_VIS,50,MVI_1613_VIS-0000010,clear_train
MVI_1613_VIS,55,MVI_1613_VIS-0000011,clear_train
MVI_1613_VIS,60,MVI_1613_VIS-0000012,clear_train
MVI_1613_VIS,65,MVI_1613_VIS-0000013,clear_train
MVI_1613_VIS,70,MVI_1613_VIS-0000014,clear_train
MVI_1613_VIS,75,MVI_1613_VIS-0000015,clear_train
MVI_1613_VIS,80,MVI_1613_VIS-0000016,clear_train
MVI_1613_VIS,85,MVI_1613_VIS-0000017,clear_train
MVI_1613_VIS,90,MVI_1613_VIS-0000018,clear_train
MVI_1613_VIS,95,MVI_1613_VIS-0000019,clear_train
MVI_1613_VIS,100,MVI_1613_VIS-0000020,clear_train
MVI_1613_VIS,105,MVI_1613_VIS-0000021,clear_train
MVI_1613_VIS,110,MVI_1613_VIS-0000022,clear_train
MVI_1613_VIS,115,MVI_1613_VIS-0000023,clear_train
MVI_1613_VIS,120,MVI_1613_VIS-0000024,clear_train
MVI_1613_VIS,125,MVI_1613_VIS-0000025,clear_train
MVI_1613_VIS,130,MVI_1613_VIS-0000026,clear_train
MVI_1613_VIS,135,MVI_1613_VIS-0000027,clear_train
MVI_1613_VIS,140,MVI_1613_VIS-0000028,clear_train
MVI_1613_VIS,145,MVI_1613_VIS-0000029,clear_train
MVI_1613_VIS,150,MVI_1613_VIS-0000030,clear_train
MVI_1613_VIS,155,MVI_1613_VIS-0000031,clear_train
MVI_1613_VIS,160,MVI_1613_VIS-0000032,clear_train
MVI_1613_VIS,165,MVI_1613_VIS-0000033,clear_train
MVI_1613_VIS,170,MVI_1613_VIS-0000034,clear_train
MVI_1613_VIS,175,MVI_1613_VIS-0000035,clear_train
MVI_1613_VIS,180,MVI_1613_VIS-0000036,clear_train
MVI_1613_VIS,185,MVI_1613_VIS-0000037,clear_train
MVI_1613_VIS,190,MVI_1613_VIS-0000038,clear_train
MVI_1613_VIS,195,MVI_1613_VIS-0000039,clear_train
MVI_1613_VIS,200,MVI_1613_VIS-0000040,clear_train
MVI_1613_VIS,205,MVI_1613_VIS-0000041,clear_train
MVI_1613_VIS,210,MVI_1613_VIS-0000042,clear_train
MVI_1613_VIS,215,MVI_1613_VIS-0000043,clear_train
MVI_1613_VIS,220,MVI_1613_VIS-0000044,clear_train
MVI_1613_VIS,225,MVI_1613_VIS-0000045,clear_train
MVI_1613_VIS,230,MVI_1613_VIS-0000046,clear_train
MVI_1613_VIS,235,MVI_1613_VIS-0000047,clear_train
MVI_1613_VIS,240,MVI_1613_VIS-0000048,clear_train
MVI_1613_VIS,245,MVI_1613_VIS-0000049,clear_train
MVI_1613_VIS,250,MVI_1613_VIS-0000050,clear_train
MVI_1613_VIS,255,MVI_1613_VIS-0000051,clear_train
MVI_1613_VIS,260,MVI_1613_VIS-0000052,clear_train
MVI_1613_VIS,265,MVI_1613_VIS-0000053,clear_train
MVI_1613_VIS,270,MVI_1613_VIS-0000054,clear_train
MVI_1613_VIS,275,MVI_1613_VIS-0000055,clear_train
MVI_1613_VIS,280,MVI_1613_VIS-0000056,clear_train
MVI_1613_VIS,285,MVI_1613_VIS-0000057,clear_train
MVI_1613_VIS,290,MVI_1613_VIS-0000058,clear_train
MVI_1613_VIS,295,MVI_1613_VIS-0000059,clear_train
MVI_1613_VIS,300,MVI_1613_VIS-0000060,clear_train
MVI_1613_VIS,305,MVI_1613_VIS-0000061,clear_train
MVI_1613_VIS,310,MVI_1613_VIS-0000062,clear_train
MVI_1613_VIS,315,MVI_1613_VIS-0000063,clear_train
MVI_1613_VIS,320,MVI_1613_VIS-0000064,clear_train
MVI_1613_VIS,325,MVI_1613_VIS-0000065,clear_train
MVI_1613_VIS,330,MVI_1613_VIS-0000066,clear_train
MVI_1613_VIS,335,MVI_1613_VIS-0000067,clear_train
MVI_1613_VIS,340,MVI_1613_VIS-0000068,clear_train
MVI_1613_VIS,345,MVI_1613_VIS-0000069,clear_train
MVI_1613_VIS,350,MVI_1613_VIS-0000070,clear_train
MVI_1613_VIS,355,MVI_1613_VIS-0000071,clear_train
MVI_1613_VIS,360,MVI_1613_VIS-0000072,clear_train
MVI_1613_VIS,365,MVI_1613_VIS-0000073,clear_train
MVI_1613_VIS,370,MVI_1613_VIS-0000074,clear_train
MVI_1613_VIS,375,MVI_1613_VIS-0000075,clear_train
MVI_1613_VIS,380,MVI_1613_VIS-0000076,clear_train
MVI_1613_VIS,385,MVI_1613_VIS-0000077,clear_train
MVI_1613_VIS,390,MVI_1613_VIS-0000078,clear_train
MVI_1613_VIS,395,MVI_1613_VIS-0000079,clear_train
MVI_1613_VIS,400,MVI_1613_VIS-0000080,clear_train
MVI_1613_VIS,405,MVI_1613_VIS-0000081,clear_train
MVI_1613_VIS,410,MVI_1613_VIS-0000082,clear_train
MVI_1613_VIS,415,MVI_1613_VIS-0000083,clear_train
MVI_1613_VIS,420,MVI_1613_VIS-0000084,clear_train
MVI_1613_VIS,425,MVI_1613_VIS-0000085,clear_train
MVI_1613_VIS,430,MVI_1613_VIS-0000086,clear_train
MVI_1613_VIS,435,MVI_1613_VIS-0000087,clear_train
MVI_1613_VIS,440,MVI_1613_VIS-0000088,clear_train
MVI_1613_VIS,445,MVI_1613_VIS-0000089,clear_train
MVI_1613_VIS,450,MVI_1613_VIS-0000090,clear_train
MVI_1613_VIS,455,MVI_1613_VIS-0000091,clear_train
MVI_1613_VIS,460,MVI_1613_VIS-0000092,clear_train
MVI_1613_VIS,465,MVI_1613_VIS-0000093,clear_train
MVI_1613_VIS,470,MVI_1613_VIS-0000094,clear_train
MVI_1613_VIS,475,MVI_1613_VIS-0000095,clear_train
MVI_1613_VIS,480,MVI_1613_VIS-0000096,clear_train
MVI_1613_VIS,485,MVI_1613_VIS-0000097,clear_train
MVI_1613_VIS,490,MVI_1613_VIS-0000098,clear_train
MVI_1613_VIS,495,MVI_1613_VIS-0000099,clear_train
MVI_1613_VIS,500,MVI_1613_VIS-0000100,clear_train
MVI_1613_VIS,505,MVI_1613_VIS-0000101,clear_train
MVI_1613_VIS,510,MVI_1613_VIS-0000102,clear_train
MVI_1613_VIS,515,MVI_1613_VIS-0000103,clear_train
MVI_1613_VIS,520,MVI_1613_VIS-0000104,clear_train
MVI_1613_VIS,525,MVI_1613_VIS-0000105,clear_train
MVI_1613_VIS,530,MVI_1613_VIS-0000106,clear_train
MVI_1613_VIS,535,MVI_1613_VIS-0000107,clear_train
MVI_1613_VIS,540,MVI_1613_VIS-0000108,clear_train
MVI_1613_VIS,545,MVI_1613_VIS-0000109,clear_train
MVI_1613_VIS,550,MVI_1613_VIS-0000110,clear_train
MVI_1613_VIS,555,MVI_1613_VIS-0000111,clear_train
MVI_1613_VIS,560,MVI_1613_VIS-0000112,clear_train
MVI_1613_VIS,565,MVI_1613_VIS-0000113,clear_train
MVI_1613_VIS,570,MVI_1613_VIS-0000114,clear_train
MVI_1613_VIS,575,MVI_1613_VIS-0000115,clear_train
MVI_1613_VIS,580,MVI_1613_VIS-0000116,clear_train
MVI_1613_VIS,585,MVI_1613_VIS-0000117,clear_train
MVI_1613_VIS,590,MVI_1613_VIS-0000118,clear_train
MVI_1613_VIS,595,MVI_1613_VIS-0000119,clear_train
MVI_1613_VIS,600,MVI_1613_VIS-0000120,clear_train
MVI_1613_VIS,605,MVI_1613_VIS-0000121,clear_train
MVI_1613_VIS,610,MVI_1613_VIS-0000122,clear_train
MVI_1613_VIS,615,MVI_1613_VIS-0000123,clear_train
MVI_1613_VIS,620,MVI_1613_VIS-0000124,clear_train
MVI_1613_VIS,625,MVI_1613_VIS-0000125,clear_train
MVI_1614_VIS,0,MVI_1614_VIS-0000000,clear_train
MVI_1614_VIS,5,MVI_1614_VIS-0000001,clear_train
MVI_1614_VIS,10,MVI_1614_VIS-0000002,clear_train
MVI_1614_VIS,15,MVI_1614_VIS-0000003,clear_train
MVI_1614_VIS,20,MVI_1614_VIS-0000004,clear_train
MVI_1614_VIS,25,MVI_1614_VIS-0000005,clear_train
MVI_1614_VIS,30,MVI_1614_VIS-0000006,clear_train
MVI_1614_VIS,35,MVI_1614_VIS-0000007,clear_train
MVI_1614_VIS,40,MVI_1614_VIS-0000008,clear_train
MVI_1614_VIS,45,MVI_1614_VIS-0000009,clear_train
MVI_1614_VIS,50,MVI_1614_VIS-0000010,clear_train
MVI_1614_VIS,55,MVI_1614_VIS-0000011,clear_train
MVI_1614_VIS,60,MVI_1614_VIS-0000012,clear_train
MVI_1614_VIS,65,MVI_1614_VIS-0000013,clear_train
MVI_1614_VIS,70,MVI_1614_VIS-0000014,clear_train
MVI_1614_VIS,75,MVI_1614_VIS-0000015,clear_train
MVI_1614_VIS,80,MVI_1614_VIS-0000016,clear_train
MVI_1614_VIS,85,MVI_1614_VIS-0000017,clear_train
MVI_1614_VIS,90,MVI_1614_VIS-0000018,clear_train
MVI_1614_VIS,95,MVI_1614_VIS-0000019,clear_train
MVI_1614_VIS,100,MVI_1614_VIS-0000020,clear_train
MVI_1614_VIS,105,MVI_1614_VIS-0000021,clear_train
MVI_1614_VIS,110,MVI_1614_VIS-0000022,clear_train
MVI_1614_VIS,115,MVI_1614_VIS-0000023,clear_train
MVI_1614_VIS,120,MVI_1614_VIS-0000024,clear_train
MVI_1614_VIS,125,MVI_1614_VIS-0000025,clear_train
MVI_1614_VIS,130,MVI_1614_VIS-0000026,clear_train
MVI_1614_VIS,135,MVI_1614_VIS-0000027,clear_train
MVI_1614_VIS,140,MVI_1614_VIS-0000028,clear_train
MVI_1614_VIS,145,MVI_1614_VIS-0000029,clear_train
MVI_1614_VIS,150,MVI_1614_VIS-0000030,clear_train
MVI_1614_VIS,155,MVI_1614_VIS-0000031,clear_train
MVI_1614_VIS,160,MVI_1614_VIS-0000032,clear_train
MVI_1614_VIS,165,MVI_1614_VIS-0000033,clear_train
MVI_1614_VIS,170,MVI_1614_VIS-0000034,clear_train
MVI_1614_VIS,175,MVI_1614_VIS-0000035,clear_train
MVI_1614_VIS,180,MVI_1614_VIS-0000036,clear_train
MVI_1614_VIS,185,MVI_1614_VIS-0000037,clear_train
MVI_1614_VIS,190,MVI_1614_VIS-0000038,clear_train
MVI_1614_VIS,195,MVI_1614_VIS-0000039,clear_train
MVI_1614_VIS,200,MVI_1614_VIS-0000040,clear_train
MVI_1614_VIS,205,MVI_1614_VIS-0000041,clear_train
MVI_1614_VIS,210,MVI_1614_VIS-0000042,clear_train
MVI_1614_VIS,215,MVI_1614_VIS-0000043,clear_train
MVI_1614_VIS,220,MVI_1614_VIS-0000044,clear_train
MVI_1614_VIS,225,MVI_1614_VIS-0000045,clear_train
MVI_1614_VIS,230,MVI_1614_VIS-0000046,clear_train
MVI_1614_VIS,235,MVI_1614_VIS-0000047,clear_train
MVI_1614_VIS,240,MVI_1614_VIS-0000048,clear_train
MVI_1614_VIS,245,MVI_1614_VIS-0000049,clear_train
MVI_1614_VIS,250,MVI_1614_VIS-0000050,clear_train
MVI_1614_VIS,255,MVI_1614_VIS-0000051,clear_train
MVI_1614_VIS,260,MVI_1614_VIS-0000052,clear_train
MVI_1614_VIS,265,MVI_1614_VIS-0000053,clear_train
MVI_1614_VIS,270,MVI_1614_VIS-0000054,clear_train
MVI_1614_VIS,275,MVI_1614_VIS-0000055,clear_train
MVI_1614_VIS,280,MVI_1614_VIS-0000056,clear_train
MVI_1614_VIS,285,MVI_1614_VIS-0000057,clear_train
MVI_1614_VIS,290,MVI_1614_VIS-0000058,clear_train
MVI_1614_VIS,295,MVI_1614_VIS-0000059,clear_train
MVI_1614_VIS,300,MVI_1614_VIS-0000060,clear_train
MVI_1614_VIS,305,MVI_1614_VIS-0000061,clear_train
MVI_1614_VIS,310,MVI_1614_VIS-0000062,clear_train
MVI_1614_VIS,315,MVI_1614_VIS-0000063,clear_train
MVI_1614_VIS,320,MVI_1614_VIS-0000064,clear_train
MVI_1614_VIS,325,MVI_1614_VIS-0000065,clear_train
MVI_1614_VIS,330,MVI_1614_VIS-0000066,clear_train
MVI_1614_VIS,335,MVI_1614_VIS-0000067,clear_train
MVI_1614_VIS,340,MVI_1614_VIS-0000068,clear_train
MVI_1614_VIS,345,MVI_1614_VIS-0000069,clear_train
MVI_1614_VIS,350,MVI_1614_VIS-0000070,clear_train
MVI_1614_VIS,355,MVI_1614_VIS-0000071,clear_train
MVI_1614_VIS,360,MVI_1614_VIS-0000072,clear_train
MVI_1614_VIS,365,MVI_1614_VIS-0000073,clear_train
MVI_1614_VIS,370,MVI_1614_VIS-0000074,clear_train
MVI_1614_VIS,375,MVI_1614_VIS-0000075,clear_train
MVI_1614_VIS,380,MVI_1614_VIS-0000076,clear_train
MVI_1614_VIS,385,MVI_1614_VIS-0000077,clear_train
MVI_1614_VIS,390,MVI_1614_VIS-0000078,clear_train
MVI_1614_VIS,395,MVI_1614_VIS-0000079,clear_train
MVI_1614_VIS,400,MVI_1614_VIS-0000080,clear_train
MVI_1614_VIS,405,MVI_1614_VIS-0000081,clear_train
MVI_1614_VIS,410,MVI_1614_VIS-0000082,clear_train
MVI_1614_VIS,415,MVI_1614_VIS-0000083,clear_train
MVI_1614_VIS,420,MVI_1614_VIS-0000084,clear_train
MVI_1614_VIS,425,MVI_1614_VIS-0000085,clear_train
MVI_1614_VIS,430,MVI_1614_VIS-0000086,clear_train
MVI_1614_VIS,435,MVI_1614_VIS-0000087,clear_train
MVI_1614_VIS,440,MVI_1614_VIS-0000088,clear_train
MVI_1614_VIS,445,MVI_1614_VIS-0000089,clear_train
MVI_1614_VIS,450,MVI_1614_VIS-0000090,clear_train
MVI_1614_VIS,455,MVI_1614_VIS-0000091,clear_train
MVI_1614_VIS,460,MVI_1614_VIS-0000092,clear_train
MVI_1614_VIS,465,MVI_1614_VIS-0000093,clear_train
MVI_1614_VIS,470,MVI_1614_VIS-0000094,clear_train
MVI_1614_VIS,475,MVI_1614_VIS-0000095,clear_train
MVI_1614_VIS,480,MVI_1614_VIS-0000096,clear_train
MVI_1614_VIS,485,MVI_1614_VIS-0000097,clear_train
MVI_1614_VIS,490,MVI_1614_VIS-0000098,clear_train
MVI_1614_VIS,495,MVI_1614_VIS-0000099,clear_train
MVI_1614_VIS,500,MVI_1614_VIS-0000100,clear_train
MVI_1614_VIS,505,MVI_1614_VIS-0000101,clear_train
MVI_1614_VIS,510,MVI_1614_VIS-0000102,clear_train
MVI_1614_VIS,515,MVI_1614_VIS-0000103,clear_train
MVI_1614_VIS,520,MVI_1614_VIS-0000104,clear_train
MVI_1614_VIS,525,MVI_1614_VIS-0000105,clear_train
MVI_1614_VIS,530,MVI_1614_VIS-0000106,clear_train
MVI_1614_VIS,535,MVI_1614_VIS-0000107,clear_train
MVI_1614_VIS,540,MVI_1614_VIS-0000108,clear_train
MVI_1614_VIS,545,MVI_1614_VIS-0000109,clear_train
MVI_1614_VIS,550,MVI_1614_VIS-0000110,clear_train
MVI_1614_VIS,555,MVI_1614_VIS-0000111,clear_train
MVI_1614_VIS,560,MVI_1614_VIS-0000112,clear_train
MVI_1614_VIS,565,MVI_1614_VIS-0000113,clear_train
MVI_1614_VIS,570,MVI_1614_VIS-0000114,clear_train
MVI_1614_VIS,575,MVI_1614_VIS-0000115,clear_train
MVI_1614_VIS,580,MVI_1614_VIS-0000116,clear_train
MVI_1615_VIS,0,MVI_1615_VIS-0000000,clear_train
MVI_1615_VIS,5,MVI_1615_VIS-0000001,clear_train
MVI_1615_VIS,10,MVI_1615_VIS-0000002,clear_train
MVI_1615_VIS,15,MVI_1615_VIS-0000003,clear_train
MVI_1615_VIS,20,MVI_1615_VIS-0000004,clear_train
MVI_1615_VIS,25,MVI_1615_VIS-0000005,clear_train
MVI_1615_VIS,30,MVI_1615_VIS-0000006,clear_train
MVI_1615_VIS,35,MVI_1615_VIS-0000007,clear_train
MVI_1615_VIS,40,MVI_1615_VIS-0000008,clear_train
MVI_1615_VIS,45,MVI_1615_VIS-0000009,clear_train
MVI_1615_VIS,50,MVI_1615_VIS-0000010,clear_train
MVI_1615_VIS,55,MVI_1615_VIS-0000011,clear_train
MVI_1615_VIS,60,MVI_1615_VIS-0000012,clear_train
MVI_1615_VIS,65,MVI_1615_VIS-0000013,clear_train
MVI_1615_VIS,70,MVI_1615_VIS-0000014,clear_train
MVI_1615_VIS,75,MVI_1615_VIS-0000015,clear_train
MVI_1615_VIS,80,MVI_1615_VIS-0000016,clear_train
MVI_1615_VIS,85,MVI_1615_VIS-0000017,clear_train
MVI_1615_VIS,90,MVI_1615_VIS-0000018,clear_train
MVI_1615_VIS,95,MVI_1615_VIS-0000019,clear_train
MVI_1615_VIS,100,MVI_1615_VIS-0000020,clear_train
MVI_1615_VIS,105,MVI_1615_VIS-0000021,clear_train
MVI_1615_VIS,110,MVI_1615_VIS-0000022,clear_train
MVI_1615_VIS,115,MVI_1615_VIS-0000023,clear_train
MVI_1615_VIS,120,MVI_1615_VIS-0000024,clear_train
MVI_1615_VIS,125,MVI_1615_VIS-0000025,clear_train
MVI_1615_VIS,130,MVI_1615_VIS-0000026,clear_train
MVI_1615_VIS,135,MVI_1615_VIS-0000027,clear_train
MVI_1615_VIS,140,MVI_1615_VIS-0000028,clear_train
MVI_1615_VIS,145,MVI_1615_VIS-0000029,clear_train
MVI_1615_VIS,150,MVI_1615_VIS-0000030,clear_train
MVI_1615_VIS,155,MVI_1615_VIS-0000031,clear_train
MVI_1615_VIS,160,MVI_1615_VIS-0000032,clear_train
MVI_1615_VIS,165,MVI_1615_VIS-0000033,clear_train
MVI_1615_VIS,170,MVI_1615_VIS-0000034,clear_train
MVI_1615_VIS,175,MVI_1615_VIS-0000035,clear_train
MVI_1615_VIS,180,MVI_1615_VIS-0000036,clear_train
MVI_1615_VIS,185,MVI_1615_VIS-0000037,clear_train
MVI_1615_VIS,190,MVI_1615_VIS-0000038,clear_train
MVI_1615_VIS,195,MVI_1615_VIS-0000039,clear_train
MVI_1615_VIS,200,MVI_1615_VIS-0000040,clear_train
MVI_1615_VIS,205,MVI_1615_VIS-0000041,clear_train
MVI_1615_VIS,210,MVI_1615_VIS-0000042,clear_train
MVI_1615_VIS,215,MVI_1615_VIS-0000043,clear_train
MVI_1615_VIS,220,MVI_1615_VIS-0000044,clear_train
MVI_1615_VIS,225,MVI_1615_VIS-0000045,clear_train
MVI_1615_VIS,230,MVI_1615_VIS-0000046,clear_train
MVI_1615_VIS,235,MVI_1615_VIS-0000047,clear_train
MVI_1615_VIS,240,MVI_1615_VIS-0000048,clear_train
MVI_1615_VIS,245,MVI_1615_VIS-0000049,clear_train
MVI_1615_VIS,250,MVI_1615_VIS-0000050,clear_train
MVI_1615_VIS,255,MVI_1615_VIS-0000051,clear_train
MVI_1615_VIS,260,MVI_1615_VIS-0000052,clear_train
MVI_1615_VIS,265,MVI_1615_VIS-0000053,clear_train
MVI_1615_VIS,270,MVI_1615_VIS-0000054,clear_train
MVI_1615_VIS,275,MVI_1615_VIS-0000055,clear_train
MVI_1615_VIS,280,MVI_1615_VIS-0000056,clear_train
MVI_1615_VIS,285,MVI_1615_VIS-0000057,clear_train
MVI_1615_VIS,290,MVI_1615_VIS-0000058,clear_train
MVI_1615_VIS,295,MVI_1615_VIS-0000059,clear_train
MVI_1615_VIS,300,MVI_1615_VIS-0000060,clear_train
MVI_1615_VIS,305,MVI_1615_VIS-0000061,clear_train
MVI_1615_VIS,310,MVI_1615_VIS-0000062,clear_train
MVI_1615_VIS,315,MVI_1615_VIS-0000063,clear_train
MVI_1615_VIS,320,MVI_1615_VIS-0000064,clear_train
MVI_1615_VIS,325,MVI_1615_VIS-0000065,clear_train
MVI_1615_VIS,330,MVI_1615_VIS-0000066,clear_train
MVI_1615_VIS,335,MVI_1615_VIS-0000067,clear_train
MVI_1615_VIS,340,MVI_1615_VIS-0000068,clear_train
MVI_1615_VIS,345,MVI_1615_VIS-0000069,clear_train
MVI_1615_VIS,350,MVI_1615_VIS-0000070,clear_train
MVI_1615_VIS,355,MVI_1615_VIS-0000071,clear_train
MVI_1615_VIS,360,MVI_1615_VIS-0000072,clear_train
MVI_1615_VIS,365,MVI_1615_VIS-0000073,clear_train
MVI_1615_VIS,370,MVI_1615_VIS-0000074,clear_train
MVI_1615_VIS,375,MVI_1615_VIS-0000075,clear_train
MVI_1615_VIS,380,MVI_1615_VIS-0000076,clear_train
MVI_1615_VIS,385,MVI_1615_VIS-0000077,clear_train
MVI_1615_VIS,390,MVI_1615_VIS-0000078,clear_train
MVI_1615_VIS,395,MVI_1615_VIS-0000079,clear_train
MVI_1615_VIS,400,MVI_1615_VIS-0000080,clear_train
MVI_1615_VIS,405,MVI_1615_VIS-0000081,clear_train
MVI_1615_VIS,410,MVI_1615_VIS-0000082,clear_train
MVI_1615_VIS,415,MVI_1615_VIS-0000083,clear_train
MVI_1615_VIS,420,MVI_1615_VIS-0000084,clear_train
MVI_1615_VIS,425,MVI_1615_VIS-0000085,clear_train
MVI_1615_VIS,430,MVI_1615_VIS-0000086,clear_train
MVI_1615_VIS,435,MVI_1615_VIS-0000087,clear_train
MVI_1615_VIS,440,MVI_1615_VIS-0000088,clear_train
MVI_1615_VIS,445,MVI_1615_VIS-0000089,clear_train
MVI_1615_VIS,450,MVI_1615_VIS-0000090,clear_train
MVI_1615_VIS,455,MVI_1615_VIS-0000091,clear_train
MVI_1615_VIS,460,MVI_1615_VIS-0000092,clear_train
MVI_1615_VIS,465,MVI_1615_VIS-0000093,clear_train
MVI_1615_VIS,470,MVI_1615_VIS-0000094,clear_train
MVI_1615_VIS,475,MVI_1615_VIS-0000095,clear_train
MVI_1615_VIS,480,MVI_1615_VIS-0000096,clear_train
MVI_1615_VIS,485,MVI_1615_VIS-0000097,clear_train
MVI_1615_VIS,490,MVI_1615_VIS-0000098,clear_train
MVI_1615_VIS,495,MVI_1615_VIS-0000099,clear_train
MVI_1615_VIS,500,MVI_1615_VIS-0000100,clear_train
MVI_1615_VIS,505,MVI_1615_VIS-0000101,clear_train
MVI_1615_VIS,510,MVI_1615_VIS-0000102,clear_train
MVI_1615_VIS,515,MVI_1615_VIS-0000103,clear_train
MVI_1615_VIS,520,MVI_1615_VIS-0000104,clear_train
MVI_1615_VIS,525,MVI_1615_VIS-0000105,clear_train
MVI_1615_VIS,530,MVI_1615_VIS-0000106,clear_train
MVI_1615_VIS,535,MVI_1615_VIS-0000107,clear_train
MVI_1615_VIS,540,MVI_1615_VIS-0000108,clear_train
MVI_1615_VIS,545,MVI_1615_VIS-0000109,clear_train
MVI_1615_VIS,550,MVI_1615_VIS-0000110,clear_train
MVI_1615_VIS,555,MVI_1615_VIS-0000111,clear_train
MVI_1615_VIS,560,MVI_1615_VIS-0000112,clear_train
MVI_1615_VIS,565,MVI_1615_VIS-0000113,clear_train
MVI_1617_VIS,0,MVI_1617_VIS-0000000,clear_calib
MVI_1617_VIS,5,MVI_1617_VIS-0000001,clear_calib
MVI_1617_VIS,10,MVI_1617_VIS-0000002,clear_calib
MVI_1617_VIS,15,MVI_1617_VIS-0000003,clear_calib
MVI_1617_VIS,20,MVI_1617_VIS-0000004,clear_calib
MVI_1617_VIS,25,MVI_1617_VIS-0000005,clear_calib
MVI_1617_VIS,30,MVI_1617_VIS-0000006,clear_calib
MVI_1617_VIS,35,MVI_1617_VIS-0000007,clear_calib
MVI_1617_VIS,40,MVI_1617_VIS-0000008,clear_calib
MVI_1617_VIS,45,MVI_1617_VIS-0000009,clear_calib
MVI_1617_VIS,50,MVI_1617_VIS-0000010,clear_calib
MVI_1617_VIS,55,MVI_1617_VIS-0000011,clear_calib
MVI_1617_VIS,60,MVI_1617_VIS-0000012,clear_calib
MVI_1617_VIS,65,MVI_1617_VIS-0000013,clear_calib
MVI_1617_VIS,70,MVI_1617_VIS-0000014,clear_calib
MVI_1617_VIS,75,MVI_1617_VIS-0000015,clear_calib
MVI_1617_VIS,80,MVI_1617_VIS-0000016,clear_calib
MVI_1617_VIS,85,MVI_1617_VIS-0000017,clear_calib
MVI_1617_VIS,90,MVI_1617_VIS-0000018,clear_calib
MVI_1617_VIS,95,MVI_1617_VIS-0000019,clear_calib
MVI_1617_VIS,100,MVI_1617_VIS-0000020,clear_calib
MVI_1617_VIS,105,MVI_1617_VIS-0000021,clear_calib
MVI_1617_VIS,110,MVI_1617_VIS-0000022,clear_calib
MVI_1617_VIS,115,MVI_1617_VIS-0000023,clear_calib
MVI_1617_VIS,120,MVI_1617_VIS-0000024,clear_calib
MVI_1617_VIS,125,MVI_1617_VIS-0000025,clear_calib
MVI_1617_VIS,130,MVI_1617_VIS-0000026,clear_calib
MVI_1617_VIS,135,MVI_1617_VIS-0000027,clear_calib
MVI_1617_VIS,140,MVI_1617_VIS-0000028,clear_calib
MVI_1617_VIS,145,MVI_1617_VIS-0000029,clear_calib
MVI_1617_VIS,150,MVI_1617_VIS-0000030,clear_calib
MVI_1617_VIS,155,MVI_1617_VIS-0000031,clear_calib
MVI_1617_VIS,160,MVI_1617_VIS-0000032,clear_calib
MVI_1617_VIS,165,MVI_1617_VIS-0000033,clear_calib
MVI_1617_VIS,170,MVI_1617_VIS-0000034,clear_calib
MVI_1617_VIS,175,MVI_1617_VIS-0000035,clear_calib
MVI_1617_VIS,180,MVI_1617_VIS-0000036,clear_calib
MVI_1617_VIS,185,MVI_1617_VIS-0000037,clear_calib
MVI_1617_VIS,190,MVI_1617_VIS-0000038,clear_calib
MVI_1617_VIS,195,MVI_1617_VIS-0000039,clear_calib
MVI_1617_VIS,200,MVI_1617_VIS-0000040,clear_calib
MVI_1617_VIS,205,MVI_1617_VIS-0000041,clear_calib
MVI_1617_VIS,210,MVI_1617_VIS-0000042,clear_calib
MVI_1617_VIS,215,MVI_1617_VIS-0000043,clear_calib
MVI_1617_VIS,220,MVI_1617_VIS-0000044,clear_calib
MVI_1617_VIS,225,MVI_1617_VIS-0000045,clear_calib
MVI_1617_VIS,230,MVI_1617_VIS-0000046,clear_calib
MVI_1617_VIS,235,MVI_1617_VIS-0000047,clear_calib
MVI_1617_VIS,240,MVI_1617_VIS-0000048,clear_calib
MVI_1617_VIS,245,MVI_1617_VIS-0000049,clear_calib
MVI_1617_VIS,250,MVI_1617_VIS-0000050,clear_calib
MVI_1617_VIS,255,MVI_1617_VIS-0000051,clear_calib
MVI_1617_VIS,260,MVI_1617_VIS-0000052,clear_calib
MVI_1617_VIS,265,MVI_1617_VIS-0000053,clear_calib
MVI_1617_VIS,270,MVI_1617_VIS-0000054,clear_calib
MVI_1617_VIS,275,MVI_1617_VIS-0000055,clear_calib
MVI_1617_VIS,280,MVI_1617_VIS-0000056,clear_calib
MVI_1617_VIS,285,MVI_1617_VIS-0000057,clear_calib
MVI_1617_VIS,290,MVI_1617_VIS-0000058,clear_calib
MVI_1617_VIS,295,MVI_1617_VIS-0000059,clear_calib
MVI_1617_VIS,300,MVI_1617_VIS-0000060,clear_calib
MVI_1617_VIS,305,MVI_1617_VIS-0000061,clear_calib
MVI_1617_VIS,310,MVI_1617_VIS-0000062,clear_calib
MVI_1617_VIS,315,MVI_1617_VIS-0000063,clear_calib
MVI_1617_VIS,320,MVI_1617_VIS-0000064,clear_calib
MVI_1617_VIS,325,MVI_1617_VIS-0000065,clear_calib
MVI_1617_VIS,330,MVI_1617_VIS-0000066,clear_calib
MVI_1617_VIS,335,MVI_1617_VIS-0000067,clear_calib
MVI_1617_VIS,340,MVI_1617_VIS-0000068,clear_calib
MVI_1617_VIS,345,MVI_1617_VIS-0000069,clear_calib
MVI_1617_VIS,350,MVI_1617_VIS-0000070,clear_calib
MVI_1617_VIS,355,MVI_1617_VIS-0000071,clear_calib
MVI_1617_VIS,360,MVI_1617_VIS-0000072,clear_calib
MVI_1617_VIS,365,MVI_1617_VIS-0000073,clear_calib
MVI_1617_VIS,370,MVI_1617_VIS-0000074,clear_calib
MVI_1617_VIS,375,MVI_1617_VIS-0000075,clear_calib
MVI_1617_VIS,380,MVI_1617_VIS-0000076,clear_calib
MVI_1617_VIS,385,MVI_1617_VIS-0000077,clear_calib
MVI_1617_VIS,390,MVI_1617_VIS-0000078,clear_calib
MVI_1617_VIS,395,MVI_1617_VIS-0000079,clear_calib
MVI_1617_VIS,400,MVI_1617_VIS-0000080,clear_calib
MVI_1617_VIS,405,MVI_1617_VIS-0000081,clear_calib
MVI_1617_VIS,410,MVI_1617_VIS-0000082,clear_calib
MVI_1617_VIS,415,MVI_1617_VIS-0000083,clear_calib
MVI_1617_VIS,420,MVI_1617_VIS-0000084,clear_calib
MVI_1617_VIS,425,MVI_1617_VIS-0000085,clear_calib
MVI_1617_VIS,430,MVI_1617_VIS-0000086,clear_calib
MVI_1617_VIS,435,MVI_1617_VIS-0000087,clear_calib
MVI_1617_VIS,440,MVI_1617_VIS-0000088,clear_calib
MVI_1617_VIS,445,MVI_1617_VIS-0000089,clear_calib
MVI_1617_VIS,450,MVI_1617_VIS-0000090,clear_calib
MVI_1617_VIS,455,MVI_1617_VIS-0000091,clear_calib
MVI_1617_VIS,460,MVI_1617_VIS-0000092,clear_calib
MVI_1617_VIS,465,MVI_1617_VIS-0000093,clear_calib
MVI_1617_VIS,470,MVI_1617_VIS-0000094,clear_calib
MVI_1617_VIS,475,MVI_1617_VIS-0000095,clear_calib
MVI_1617_VIS,480,MVI_1617_VIS-0000096,clear_calib
MVI_1617_VIS,485,MVI_1617_VIS-0000097,clear_calib
MVI_1617_VIS,490,MVI_1617_VIS-0000098,clear_calib
MVI_1617_VIS,495,MVI_1617_VIS-0000099,clear_calib
MVI_1617_VIS,500,MVI_1617_VIS-0000100,clear_calib
MVI_1617_VIS,505,MVI_1617_VIS-0000101,clear_calib
MVI_1617_VIS,510,MVI_1617_VIS-0000102,clear_calib
MVI_1617_VIS,515,MVI_1617_VIS-0000103,clear_calib
MVI_1617_VIS,520,MVI_1617_VIS-0000104,clear_calib
MVI_1617_VIS,525,MVI_1617_VIS-0000105,clear_calib
MVI_1617_VIS,530,MVI_1617_VIS-0000106,clear_calib
MVI_1617_VIS,535,MVI_1617_VIS-0000107,clear_calib
MVI_1617_VIS,540,MVI_1617_VIS-0000108,clear_calib
MVI_1617_VIS,545,MVI_1617_VIS-0000109,clear_calib
MVI_1617_VIS,550,MVI_1617_VIS-0000110,clear_calib
MVI_1617_VIS,555,MVI_1617_VIS-0000111,clear_calib
MVI_1617_VIS,560,MVI_1617_VIS-0000112,clear_calib
MVI_1617_VIS,565,MVI_1617_VIS-0000113,clear_calib
MVI_1617_VIS,570,MVI_1617_VIS-0000114,clear_calib
MVI_1617_VIS,575,MVI_1617_VIS-0000115,clear_calib
MVI_1617_VIS,580,MVI_1617_VIS-0000116,clear_calib
MVI_1617_VIS,585,MVI_1617_VIS-0000117,clear_calib
MVI_1617_VIS,590,MVI_1617_VIS-0000118,clear_calib
MVI_1617_VIS,595,MVI_1617_VIS-0000119,clear_calib
MVI_1619_VIS,0,MVI_1619_VIS-0000000,clear_train
MVI_1619_VIS,5,MVI_1619_VIS-0000001,clear_train
MVI_1619_VIS,10,MVI_1619_VIS-0000002,clear_train
MVI_1619_VIS,15,MVI_1619_VIS-0000003,clear_train
MVI_1619_VIS,20,MVI_1619_VIS-0000004,clear_train
MVI_1619_VIS,25,MVI_1619_VIS-0000005,clear_train
MVI_1619_VIS,30,MVI_1619_VIS-0000006,clear_train
MVI_1619_VIS,35,MVI_1619_VIS-0000007,clear_train
MVI_1619_VIS,40,MVI_1619_VIS-0000008,clear_train
MVI_1619_VIS,45,MVI_1619_VIS-0000009,clear_train
MVI_1619_VIS,50,MVI_1619_VIS-0000010,clear_train
MVI_1619_VIS,55,MVI_1619_VIS-0000011,clear_train
MVI_1619_VIS,60,MVI_1619_VIS-0000012,clear_train
MVI_1619_VIS,65,MVI_1619_VIS-0000013,clear_train
MVI_1619_VIS,70,MVI_1619_VIS-0000014,clear_train
MVI_1619_VIS,75,MVI_1619_VIS-0000015,clear_train
MVI_1619_VIS,80,MVI_1619_VIS-0000016,clear_train
MVI_1619_VIS,85,MVI_1619_VIS-0000017,clear_train
MVI_1619_VIS,90,MVI_1619_VIS-0000018,clear_train
MVI_1619_VIS,95,MVI_1619_VIS-0000019,clear_train
MVI_1619_VIS,100,MVI_1619_VIS-0000020,clear_train
MVI_1619_VIS,105,MVI_1619_VIS-0000021,clear_train
MVI_1619_VIS,110,MVI_1619_VIS-0000022,clear_train
MVI_1619_VIS,115,MVI_1619_VIS-0000023,clear_train
MVI_1619_VIS,120,MVI_1619_VIS-0000024,clear_train
MVI_1619_VIS,125,MVI_1619_VIS-0000025,clear_train
MVI_1619_VIS,130,MVI_1619_VIS-0000026,clear_train
MVI_1619_VIS,135,MVI_1619_VIS-0000027,clear_train
MVI_1619_VIS,140,MVI_1619_VIS-0000028,clear_train
MVI_1619_VIS,145,MVI_1619_VIS-0000029,clear_train
MVI_1619_VIS,150,MVI_1619_VIS-0000030,clear_train
MVI_1619_VIS,155,MVI_1619_VIS-0000031,clear_train
MVI_1619_VIS,160,MVI_1619_VIS-0000032,clear_train
MVI_1619_VIS,165,MVI_1619_VIS-0000033,clear_train
MVI_1619_VIS,170,MVI_1619_VIS-0000034,clear_train
MVI_1619_VIS,175,MVI_1619_VIS-0000035,clear_train
MVI_1619_VIS,180,MVI_1619_VIS-0000036,clear_train
MVI_1619_VIS,185,MVI_1619_VIS-0000037,clear_train
MVI_1619_VIS,190,MVI_1619_VIS-0000038,clear_train
MVI_1619_VIS,195,MVI_1619_VIS-0000039,clear_train
MVI_1619_VIS,200,MVI_1619_VIS-0000040,clear_train
MVI_1619_VIS,205,MVI_1619_VIS-0000041,clear_train
MVI_1619_VIS,210,MVI_1619_VIS-0000042,clear_train
MVI_1619_VIS,215,MVI_1619_VIS-0000043,clear_train
MVI_1619_VIS,220,MVI_1619_VIS-0000044,clear_train
MVI_1619_VIS,225,MVI_1619_VIS-0000045,clear_train
MVI_1619_VIS,230,MVI_1619_VIS-0000046,clear_train
MVI_1619_VIS,235,MVI_1619_VIS-0000047,clear_train
MVI_1619_VIS,240,MVI_1619_VIS-0000048,clear_train
MVI_1619_VIS,245,MVI_1619_VIS-0000049,clear_train
MVI_1619_VIS,250,MVI_1619_VIS-0000050,clear_train
MVI_1619_VIS,255,MVI_1619_VIS-0000051,clear_train
MVI_1619_VIS,260,MVI_1619_VIS-0000052,clear_train
MVI_1619_VIS,265,MVI_1619_VIS-0000053,clear_train
MVI_1619_VIS,270,MVI_1619_VIS-0000054,clear_train
MVI_1619_VIS,275,MVI_1619_VIS-0000055,clear_train
MVI_1619_VIS,280,MVI_1619_VIS-0000056,clear_train
MVI_1619_VIS,285,MVI_1619_VIS-0000057,clear_train
MVI_1619_VIS,290,MVI_1619_VIS-0000058,clear_train
MVI_1619_VIS,295,MVI_1619_VIS-0000059,clear_train
MVI_1619_VIS,300,MVI_1619_VIS-0000060,clear_train
MVI_1619_VIS,305,MVI_1619_VIS-0000061,clear_train
MVI_1619_VIS,310,MVI_1619_VIS-0000062,clear_train
MVI_1619_VIS,315,MVI_1619_VIS-0000063,clear_train
MVI_1619_VIS,320,MVI_1619_VIS-0000064,clear_train
MVI_1619_VIS,325,MVI_1619_VIS-0000065,clear_train
MVI_1619_VIS,330,MVI_1619_VIS-0000066,clear_train
MVI_1619_VIS,335,MVI_1619_VIS-0000067,clear_train
MVI_1619_VIS,340,MVI_1619_VIS-0000068,clear_train
MVI_1619_VIS,345,MVI_1619_VIS-0000069,clear_train
MVI_1619_VIS,350,MVI_1619_VIS-0000070,clear_train
MVI_1619_VIS,355,MVI_1619_VIS-0000071,clear_train
MVI_1619_VIS,360,MVI_1619_VIS-0000072,clear_train
MVI_1619_VIS,365,MVI_1619_VIS-0000073,clear_train
MVI_1619_VIS,370,MVI_1619_VIS-0000074,clear_train
MVI_1619_VIS,375,MVI_1619_VIS-0000075,clear_train
MVI_1619_VIS,380,MVI_1619_VIS-0000076,clear_train
MVI_1619_VIS,385,MVI_1619_VIS-0000077,clear_train
MVI_1619_VIS,390,MVI_1619_VIS-0000078,clear_train
MVI_1619_VIS,395,MVI_1619_VIS-0000079,clear_train
MVI_1619_VIS,400,MVI_1619_VIS-0000080,clear_train
MVI_1619_VIS,405,MVI_1619_VIS-0000081,clear_train
MVI_1619_VIS,410,MVI_1619_VIS-0000082,clear_train
MVI_1619_VIS,415,MVI_1619_VIS-0000083,clear_train
MVI_1619_VIS,420,MVI_1619_VIS-0000084,clear_train
MVI_1619_VIS,425,MVI_1619_VIS-0000085,clear_train
MVI_1619_VIS,430,MVI_1619_VIS-0000086,clear_train
MVI_1619_VIS,435,MVI_1619_VIS-0000087,clear_train
MVI_1619_VIS,440,MVI_1619_VIS-0000088,clear_train
MVI_1619_VIS,445,MVI_1619_VIS-0000089,clear_train
MVI_1619_VIS,450,MVI_1619_VIS-0000090,clear_train
MVI_1619_VIS,455,MVI_1619_VIS-0000091,clear_train
MVI_1619_VIS,460,MVI_1619_VIS-0000092,clear_train
MVI_1619_VIS,465,MVI_1619_VIS-0000093,clear_train
MVI_1619_VIS,470,MVI_1619_VIS-0000094,clear_train
MVI_1620_VIS,0,MVI_1620_VIS-0000000,clear_train
MVI_1620_VIS,5,MVI_1620_VIS-0000001,clear_train
MVI_1620_VIS,10,MVI_1620_VIS-0000002,clear_train
MVI_1620_VIS,15,MVI_1620_VIS-0000003,clear_train
MVI_1620_VIS,20,MVI_1620_VIS-0000004,clear_train
MVI_1620_VIS,25,MVI_1620_VIS-0000005,clear_train
MVI_1620_VIS,30,MVI_1620_VIS-0000006,clear_train
MVI_1620_VIS,35,MVI_1620_VIS-0000007,clear_train
MVI_1620_VIS,40,MVI_1620_VIS-0000008,clear_train
MVI_1620_VIS,45,MVI_1620_VIS-0000009,clear_train
MVI_1620_VIS,50,MVI_1620_VIS-0000010,clear_train
MVI_1620_VIS,55,MVI_1620_VIS-0000011,clear_train
MVI_1620_VIS,60,MVI_1620_VIS-0000012,clear_train
MVI_1620_VIS,65,MVI_1620_VIS-0000013,clear_train
MVI_1620_VIS,70,MVI_1620_VIS-0000014,clear_train
MVI_1620_VIS,75,MVI_1620_VIS-0000015,clear_train
MVI_1620_VIS,80,MVI_1620_VIS-0000016,clear_train
MVI_1620_VIS,85,MVI_1620_VIS-0000017,clear_train
MVI_1620_VIS,90,MVI_1620_VIS-0000018,clear_train
MVI_1620_VIS,95,MVI_1620_VIS-0000019,clear_train
MVI_1620_VIS,100,MVI_1620_VIS-0000020,clear_train
MVI_1620_VIS,105,MVI_1620_VIS-0000021,clear_train
MVI_1620_VIS,110,MVI_1620_VIS-0000022,clear_train
MVI_1620_VIS,115,MVI_1620_VIS-0000023,clear_train
MVI_1620_VIS,120,MVI_1620_VIS-0000024,clear_train
MVI_1620_VIS,125,MVI_1620_VIS-0000025,clear_train
MVI_1620_VIS,130,MVI_1620_VIS-0000026,clear_train
MVI_1620_VIS,135,MVI_1620_VIS-0000027,clear_train
MVI_1620_VIS,140,MVI_1620_VIS-0000028,clear_train
MVI_1620_VIS,145,MVI_1620_VIS-0000029,clear_train
MVI_1620_VIS,150,MVI_1620_VIS-0000030,clear_train
MVI_1620_VIS,155,MVI_1620_VIS-0000031,clear_train
MVI_1620_VIS,160,MVI_1620_VIS-0000032,clear_train
MVI_1620_VIS,165,MVI_1620_VIS-0000033,clear_train
MVI_1620_VIS,170,MVI_1620_VIS-0000034,clear_train
MVI_1620_VIS,175,MVI_1620_VIS-0000035,clear_train
MVI_1620_VIS,180,MVI_1620_VIS-0000036,clear_train
MVI_1620_VIS,185,MVI_1620_VIS-0000037,clear_train
MVI_1620_VIS,190,MVI_1620_VIS-0000038,clear_train
MVI_1620_VIS,195,MVI_1620_VIS-0000039,clear_train
MVI_1620_VIS,200,MVI_1620_VIS-0000040,clear_train
MVI_1620_VIS,205,MVI_1620_VIS-0000041,clear_train
MVI_1620_VIS,210,MVI_1620_VIS-0000042,clear_train
MVI_1620_VIS,215,MVI_1620_VIS-0000043,clear_train
MVI_1620_VIS,220,MVI_1620_VIS-0000044,clear_train
MVI_1620_VIS,225,MVI_1620_VIS-0000045,clear_train
MVI_1620_VIS,230,MVI_1620_VIS-0000046,clear_train
MVI_1620_VIS,235,MVI_1620_VIS-0000047,clear_train
MVI_1620_VIS,240,MVI_1620_VIS-0000048,clear_train
MVI_1620_VIS,245,MVI_1620_VIS-0000049,clear_train
MVI_1620_VIS,250,MVI_1620_VIS-0000050,clear_train
MVI_1620_VIS,255,MVI_1620_VIS-0000051,clear_train
MVI_1620_VIS,260,MVI_1620_VIS-0000052,clear_train
MVI_1620_VIS,265,MVI_1620_VIS-0000053,clear_train
MVI_1620_VIS,270,MVI_1620_VIS-0000054,clear_train
MVI_1620_VIS,275,MVI_1620_VIS-0000055,clear_train
MVI_1620_VIS,280,MVI_1620_VIS-0000056,clear_train
MVI_1620_VIS,285,MVI_1620_VIS-0000057,clear_train
MVI_1620_VIS,290,MVI_1620_VIS-0000058,clear_train
MVI_1620_VIS,295,MVI_1620_VIS-0000059,clear_train
MVI_1620_VIS,300,MVI_1620_VIS-0000060,clear_train
MVI_1620_VIS,305,MVI_1620_VIS-0000061,clear_train
MVI_1620_VIS,310,MVI_1620_VIS-0000062,clear_train
MVI_1620_VIS,315,MVI_1620_VIS-0000063,clear_train
MVI_1620_VIS,320,MVI_1620_VIS-0000064,clear_train
MVI_1620_VIS,325,MVI_1620_VIS-0000065,clear_train
MVI_1620_VIS,330,MVI_1620_VIS-0000066,clear_train
MVI_1620_VIS,335,MVI_1620_VIS-0000067,clear_train
MVI_1620_VIS,340,MVI_1620_VIS-0000068,clear_train
MVI_1620_VIS,345,MVI_1620_VIS-0000069,clear_train
MVI_1620_VIS,350,MVI_1620_VIS-0000070,clear_train
MVI_1620_VIS,355,MVI_1620_VIS-0000071,clear_train
MVI_1620_VIS,360,MVI_1620_VIS-0000072,clear_train
MVI_1620_VIS,365,MVI_1620_VIS-0000073,clear_train
MVI_1620_VIS,370,MVI_1620_VIS-0000074,clear_train
MVI_1620_VIS,375,MVI_1620_VIS-0000075,clear_train
MVI_1620_VIS,380,MVI_1620_VIS-0000076,clear_train
MVI_1620_VIS,385,MVI_1620_VIS-0000077,clear_train
MVI_1620_VIS,390,MVI_1620_VIS-0000078,clear_train
MVI_1620_VIS,395,MVI_1620_VIS-0000079,clear_train
MVI_1620_VIS,400,MVI_1620_VIS-0000080,clear_train
MVI_1620_VIS,405,MVI_1620_VIS-0000081,clear_train
MVI_1620_VIS,410,MVI_1620_VIS-0000082,clear_train
MVI_1620_VIS,415,MVI_1620_VIS-0000083,clear_train
MVI_1620_VIS,420,MVI_1620_VIS-0000084,clear_train
MVI_1620_VIS,425,MVI_1620_VIS-0000085,clear_train
MVI_1620_VIS,430,MVI_1620_VIS-0000086,clear_train
MVI_1620_VIS,435,MVI_1620_VIS-0000087,clear_train
MVI_1620_VIS,440,MVI_1620_VIS-0000088,clear_train
MVI_1620_VIS,445,MVI_1620_VIS-0000089,clear_train
MVI_1620_VIS,450,MVI_1620_VIS-0000090,clear_train
MVI_1620_VIS,455,MVI_1620_VIS-0000091,clear_train
MVI_1620_VIS,460,MVI_1620_VIS-0000092,clear_train
MVI_1620_VIS,465,MVI_1620_VIS-0000093,clear_train
MVI_1620_VIS,470,MVI_1620_VIS-0000094,clear_train
MVI_1620_VIS,475,MVI_1620_VIS-0000095,clear_train
MVI_1620_VIS,480,MVI_1620_VIS-0000096,clear_train
MVI_1620_VIS,485,MVI_1620_VIS-0000097,clear_train
MVI_1620_VIS,490,MVI_1620_VIS-0000098,clear_train
MVI_1620_VIS,495,MVI_1620_VIS-0000099,clear_train
MVI_1620_VIS,500,MVI_1620_VIS-0000100,clear_train
MVI_1622_VIS,0,MVI_1622_VIS-0000000,clear_val
MVI_1622_VIS,5,MVI_1622_VIS-0000001,clear_val
MVI_1622_VIS,10,MVI_1622_VIS-0000002,clear_val
MVI_1622_VIS,15,MVI_1622_VIS-0000003,clear_val
MVI_1622_VIS,20,MVI_1622_VIS-0000004,clear_val
MVI_1622_VIS,25,MVI_1622_VIS-0000005,clear_val
MVI_1622_VIS,30,MVI_1622_VIS-0000006,clear_val
MVI_1622_VIS,35,MVI_1622_VIS-0000007,clear_val
MVI_1622_VIS,40,MVI_1622_VIS-0000008,clear_val
MVI_1622_VIS,45,MVI_1622_VIS-0000009,clear_val
MVI_1622_VIS,50,MVI_1622_VIS-0000010,clear_val
MVI_1622_VIS,55,MVI_1622_VIS-0000011,clear_val
MVI_1622_VIS,60,MVI_1622_VIS-0000012,clear_val
MVI_1622_VIS,65,MVI_1622_VIS-0000013,clear_val
MVI_1622_VIS,70,MVI_1622_VIS-0000014,clear_val
MVI_1622_VIS,75,MVI_1622_VIS-0000015,clear_val
MVI_1622_VIS,80,MVI_1622_VIS-0000016,clear_val
MVI_1622_VIS,85,MVI_1622_VIS-0000017,clear_val
MVI_1622_VIS,90,MVI_1622_VIS-0000018,clear_val
MVI_1622_VIS,95,MVI_1622_VIS-0000019,clear_val
MVI_1622_VIS,100,MVI_1622_VIS-0000020,clear_val
MVI_1622_VIS,105,MVI_1622_VIS-0000021,clear_val
MVI_1622_VIS,110,MVI_1622_VIS-0000022,clear_val
MVI_1622_VIS,115,MVI_1622_VIS-0000023,clear_val
MVI_1622_VIS,120,MVI_1622_VIS-0000024,clear_val
MVI_1622_VIS,125,MVI_1622_VIS-0000025,clear_val
MVI_1622_VIS,130,MVI_1622_VIS-0000026,clear_val
MVI_1622_VIS,135,MVI_1622_VIS-0000027,clear_val
MVI_1622_VIS,140,MVI_1622_VIS-0000028,clear_val
MVI_1622_VIS,145,MVI_1622_VIS-0000029,clear_val
MVI_1622_VIS,150,MVI_1622_VIS-0000030,clear_val
MVI_1622_VIS,155,MVI_1622_VIS-0000031,clear_val
MVI_1622_VIS,160,MVI_1622_VIS-0000032,clear_val
MVI_1622_VIS,165,MVI_1622_VIS-0000033,clear_val
MVI_1622_VIS,170,MVI_1622_VIS-0000034,clear_val
MVI_1622_VIS,175,MVI_1622_VIS-0000035,clear_val
MVI_1622_VIS,180,MVI_1622_VIS-0000036,clear_val
MVI_1622_VIS,185,MVI_1622_VIS-0000037,clear_val
MVI_1622_VIS,190,MVI_1622_VIS-0000038,clear_val
MVI_1622_VIS,195,MVI_1622_VIS-0000039,clear_val
MVI_1622_VIS,200,MVI_1622_VIS-0000040,clear_val
MVI_1622_VIS,205,MVI_1622_VIS-0000041,clear_val
MVI_1622_VIS,210,MVI_1622_VIS-0000042,clear_val
MVI_1622_VIS,215,MVI_1622_VIS-0000043,clear_val
MVI_1622_VIS,220,MVI_1622_VIS-0000044,clear_val
MVI_1622_VIS,225,MVI_1622_VIS-0000045,clear_val
MVI_1622_VIS,230,MVI_1622_VIS-0000046,clear_val
MVI_1622_VIS,235,MVI_1622_VIS-0000047,clear_val
MVI_1622_VIS,240,MVI_1622_VIS-0000048,clear_val
MVI_1622_VIS,245,MVI_1622_VIS-0000049,clear_val
MVI_1622_VIS,250,MVI_1622_VIS-0000050,clear_val
MVI_1622_VIS,255,MVI_1622_VIS-0000051,clear_val
MVI_1622_VIS,260,MVI_1622_VIS-0000052,clear_val
MVI_1622_VIS,265,MVI_1622_VIS-0000053,clear_val
MVI_1622_VIS,270,MVI_1622_VIS-0000054,clear_val
MVI_1622_VIS,275,MVI_1622_VIS-0000055,clear_val
MVI_1622_VIS,280,MVI_1622_VIS-0000056,clear_val
MVI_1622_VIS,285,MVI_1622_VIS-0000057,clear_val
MVI_1622_VIS,290,MVI_1622_VIS-0000058,clear_val
MVI_1622_VIS,295,MVI_1622_VIS-0000059,clear_val
MVI_1622_VIS,300,MVI_1622_VIS-0000060,clear_val
MVI_1622_VIS,305,MVI_1622_VIS-0000061,clear_val
MVI_1623_VIS,0,MVI_1623_VIS-0000000,clear_train
MVI_1623_VIS,5,MVI_1623_VIS-0000001,clear_train
MVI_1623_VIS,10,MVI_1623_VIS-0000002,clear_train
MVI_1623_VIS,15,MVI_1623_VIS-0000003,clear_train
MVI_1623_VIS,20,MVI_1623_VIS-0000004,clear_train
MVI_1623_VIS,25,MVI_1623_VIS-0000005,clear_train
MVI_1623_VIS,30,MVI_1623_VIS-0000006,clear_train
MVI_1623_VIS,35,MVI_1623_VIS-0000007,clear_train
MVI_1623_VIS,40,MVI_1623_VIS-0000008,clear_train
MVI_1623_VIS,45,MVI_1623_VIS-0000009,clear_train
MVI_1623_VIS,50,MVI_1623_VIS-0000010,clear_train
MVI_1623_VIS,55,MVI_1623_VIS-0000011,clear_train
MVI_1623_VIS,60,MVI_1623_VIS-0000012,clear_train
MVI_1623_VIS,65,MVI_1623_VIS-0000013,clear_train
MVI_1623_VIS,70,MVI_1623_VIS-0000014,clear_train
MVI_1623_VIS,75,MVI_1623_VIS-0000015,clear_train
MVI_1623_VIS,80,MVI_1623_VIS-0000016,clear_train
MVI_1623_VIS,85,MVI_1623_VIS-0000017,clear_train
MVI_1623_VIS,90,MVI_1623_VIS-0000018,clear_train
MVI_1623_VIS,95,MVI_1623_VIS-0000019,clear_train
MVI_1623_VIS,100,MVI_1623_VIS-0000020,clear_train
MVI_1623_VIS,105,MVI_1623_VIS-0000021,clear_train
MVI_1623_VIS,110,MVI_1623_VIS-0000022,clear_train
MVI_1623_VIS,115,MVI_1623_VIS-0000023,clear_train
MVI_1623_VIS,120,MVI_1623_VIS-0000024,clear_train
MVI_1623_VIS,125,MVI_1623_VIS-0000025,clear_train
MVI_1623_VIS,130,MVI_1623_VIS-0000026,clear_train
MVI_1623_VIS,135,MVI_1623_VIS-0000027,clear_train
MVI_1623_VIS,140,MVI_1623_VIS-0000028,clear_train
MVI_1623_VIS,145,MVI_1623_VIS-0000029,clear_train
MVI_1623_VIS,150,MVI_1623_VIS-0000030,clear_train
MVI_1623_VIS,155,MVI_1623_VIS-0000031,clear_train
MVI_1623_VIS,160,MVI_1623_VIS-0000032,clear_train
MVI_1623_VIS,165,MVI_1623_VIS-0000033,clear_train
MVI_1623_VIS,170,MVI_1623_VIS-0000034,clear_train
MVI_1623_VIS,175,MVI_1623_VIS-0000035,clear_train
MVI_1623_VIS,180,MVI_1623_VIS-0000036,clear_train
MVI_1623_VIS,185,MVI_1623_VIS-0000037,clear_train
MVI_1623_VIS,190,MVI_1623_VIS-0000038,clear_train
MVI_1623_VIS,195,MVI_1623_VIS-0000039,clear_train
MVI_1623_VIS,200,MVI_1623_VIS-0000040,clear_train
MVI_1623_VIS,205,MVI_1623_VIS-0000041,clear_train
MVI_1623_VIS,210,MVI_1623_VIS-0000042,clear_train
MVI_1623_VIS,215,MVI_1623_VIS-0000043,clear_train
MVI_1623_VIS,220,MVI_1623_VIS-0000044,clear_train
MVI_1623_VIS,225,MVI_1623_VIS-0000045,clear_train
MVI_1623_VIS,230,MVI_1623_VIS-0000046,clear_train
MVI_1623_VIS,235,MVI_1623_VIS-0000047,clear_train
MVI_1623_VIS,240,MVI_1623_VIS-0000048,clear_train
MVI_1623_VIS,245,MVI_1623_VIS-0000049,clear_train
MVI_1623_VIS,250,MVI_1623_VIS-0000050,clear_train
MVI_1623_VIS,255,MVI_1623_VIS-0000051,clear_train
MVI_1623_VIS,260,MVI_1623_VIS-0000052,clear_train
MVI_1623_VIS,265,MVI_1623_VIS-0000053,clear_train
MVI_1623_VIS,270,MVI_1623_VIS-0000054,clear_train
MVI_1623_VIS,275,MVI_1623_VIS-0000055,clear_train
MVI_1623_VIS,280,MVI_1623_VIS-0000056,clear_train
MVI_1623_VIS,285,MVI_1623_VIS-0000057,clear_train
MVI_1623_VIS,290,MVI_1623_VIS-0000058,clear_train
MVI_1623_VIS,295,MVI_1623_VIS-0000059,clear_train
MVI_1623_VIS,300,MVI_1623_VIS-0000060,clear_train
MVI_1623_VIS,305,MVI_1623_VIS-0000061,clear_train
MVI_1623_VIS,310,MVI_1623_VIS-0000062,clear_train
MVI_1623_VIS,315,MVI_1623_VIS-0000063,clear_train
MVI_1623_VIS,320,MVI_1623_VIS-0000064,clear_train
MVI_1623_VIS,325,MVI_1623_VIS-0000065,clear_train
MVI_1623_VIS,330,MVI_1623_VIS-0000066,clear_train
MVI_1623_VIS,335,MVI_1623_VIS-0000067,clear_train
MVI_1623_VIS,340,MVI_1623_VIS-0000068,clear_train
MVI_1623_VIS,345,MVI_1623_VIS-0000069,clear_train
MVI_1623_VIS,350,MVI_1623_VIS-0000070,clear_train
MVI_1623_VIS,355,MVI_1623_VIS-0000071,clear_train
MVI_1623_VIS,360,MVI_1623_VIS-0000072,clear_train
MVI_1623_VIS,365,MVI_1623_VIS-0000073,clear_train
MVI_1623_VIS,370,MVI_1623_VIS-0000074,clear_train
MVI_1623_VIS,375,MVI_1623_VIS-0000075,clear_train
MVI_1623_VIS,380,MVI_1623_VIS-0000076,clear_train
MVI_1623_VIS,385,MVI_1623_VIS-0000077,clear_train
MVI_1623_VIS,390,MVI_1623_VIS-0000078,clear_train
MVI_1623_VIS,395,MVI_1623_VIS-0000079,clear_train
MVI_1623_VIS,400,MVI_1623_VIS-0000080,clear_train
MVI_1623_VIS,405,MVI_1623_VIS-0000081,clear_train
MVI_1623_VIS,410,MVI_1623_VIS-0000082,clear_train
MVI_1623_VIS,415,MVI_1623_VIS-0000083,clear_train
MVI_1623_VIS,420,MVI_1623_VIS-0000084,clear_train
MVI_1623_VIS,425,MVI_1623_VIS-0000085,clear_train
MVI_1623_VIS,430,MVI_1623_VIS-0000086,clear_train
MVI_1623_VIS,435,MVI_1623_VIS-0000087,clear_train
MVI_1623_VIS,440,MVI_1623_VIS-0000088,clear_train
MVI_1623_VIS,445,MVI_1623_VIS-0000089,clear_train
MVI_1623_VIS,450,MVI_1623_VIS-0000090,clear_train
MVI_1623_VIS,455,MVI_1623_VIS-0000091,clear_train
MVI_1623_VIS,460,MVI_1623_VIS-0000092,clear_train
MVI_1623_VIS,465,MVI_1623_VIS-0000093,clear_train
MVI_1623_VIS,470,MVI_1623_VIS-0000094,clear_train
MVI_1623_VIS,475,MVI_1623_VIS-0000095,clear_train
MVI_1623_VIS,480,MVI_1623_VIS-0000096,clear_train
MVI_1623_VIS,485,MVI_1623_VIS-0000097,clear_train
MVI_1623_VIS,490,MVI_1623_VIS-0000098,clear_train
MVI_1623_VIS,495,MVI_1623_VIS-0000099,clear_train
MVI_1623_VIS,500,MVI_1623_VIS-0000100,clear_train
MVI_1623_VIS,505,MVI_1623_VIS-0000101,clear_train
MVI_1623_VIS,510,MVI_1623_VIS-0000102,clear_train
MVI_1623_VIS,515,MVI_1623_VIS-0000103,clear_train
MVI_1623_VIS,520,MVI_1623_VIS-0000104,clear_train
MVI_1624_VIS,0,MVI_1624_VIS-0000000,clear_train
MVI_1624_VIS,5,MVI_1624_VIS-0000001,clear_train
MVI_1624_VIS,10,MVI_1624_VIS-0000002,clear_train
MVI_1624_VIS,15,MVI_1624_VIS-0000003,clear_train
MVI_1624_VIS,20,MVI_1624_VIS-0000004,clear_train
MVI_1624_VIS,25,MVI_1624_VIS-0000005,clear_train
MVI_1624_VIS,30,MVI_1624_VIS-0000006,clear_train
MVI_1624_VIS,35,MVI_1624_VIS-0000007,clear_train
MVI_1624_VIS,40,MVI_1624_VIS-0000008,clear_train
MVI_1624_VIS,45,MVI_1624_VIS-0000009,clear_train
MVI_1624_VIS,50,MVI_1624_VIS-0000010,clear_train
MVI_1624_VIS,55,MVI_1624_VIS-0000011,clear_train
MVI_1624_VIS,60,MVI_1624_VIS-0000012,clear_train
MVI_1624_VIS,65,MVI_1624_VIS-0000013,clear_train
MVI_1624_VIS,70,MVI_1624_VIS-0000014,clear_train
MVI_1624_VIS,75,MVI_1624_VIS-0000015,clear_train
MVI_1624_VIS,80,MVI_1624_VIS-0000016,clear_train
MVI_1624_VIS,85,MVI_1624_VIS-0000017,clear_train
MVI_1624_VIS,90,MVI_1624_VIS-0000018,clear_train
MVI_1624_VIS,95,MVI_1624_VIS-0000019,clear_train
MVI_1624_VIS,100,MVI_1624_VIS-0000020,clear_train
MVI_1624_VIS,105,MVI_1624_VIS-0000021,clear_train
MVI_1624_VIS,110,MVI_1624_VIS-0000022,clear_train
MVI_1624_VIS,115,MVI_1624_VIS-0000023,clear_train
MVI_1624_VIS,120,MVI_1624_VIS-0000024,clear_train
MVI_1624_VIS,125,MVI_1624_VIS-0000025,clear_train
MVI_1624_VIS,130,MVI_1624_VIS-0000026,clear_train
MVI_1624_VIS,135,MVI_1624_VIS-0000027,clear_train
MVI_1624_VIS,140,MVI_1624_VIS-0000028,clear_train
MVI_1624_VIS,145,MVI_1624_VIS-0000029,clear_train
MVI_1624_VIS,150,MVI_1624_VIS-0000030,clear_train
MVI_1624_VIS,155,MVI_1624_VIS-0000031,clear_train
MVI_1624_VIS,160,MVI_1624_VIS-0000032,clear_train
MVI_1624_VIS,165,MVI_1624_VIS-0000033,clear_train
MVI_1624_VIS,170,MVI_1624_VIS-0000034,clear_train
MVI_1624_VIS,175,MVI_1624_VIS-0000035,clear_train
MVI_1624_VIS,180,MVI_1624_VIS-0000036,clear_train
MVI_1624_VIS,185,MVI_1624_VIS-0000037,clear_train
MVI_1624_VIS,190,MVI_1624_VIS-0000038,clear_train
MVI_1624_VIS,195,MVI_1624_VIS-0000039,clear_train
MVI_1624_VIS,200,MVI_1624_VIS-0000040,clear_train
MVI_1624_VIS,205,MVI_1624_VIS-0000041,clear_train
MVI_1624_VIS,210,MVI_1624_VIS-0000042,clear_train
MVI_1624_VIS,215,MVI_1624_VIS-0000043,clear_train
MVI_1624_VIS,220,MVI_1624_VIS-0000044,clear_train
MVI_1624_VIS,225,MVI_1624_VIS-0000045,clear_train
MVI_1624_VIS,230,MVI_1624_VIS-0000046,clear_train
MVI_1624_VIS,235,MVI_1624_VIS-0000047,clear_train
MVI_1624_VIS,240,MVI_1624_VIS-0000048,clear_train
MVI_1624_VIS,245,MVI_1624_VIS-0000049,clear_train
MVI_1624_VIS,250,MVI_1624_VIS-0000050,clear_train
MVI_1624_VIS,255,MVI_1624_VIS-0000051,clear_train
MVI_1624_VIS,260,MVI_1624_VIS-0000052,clear_train
MVI_1624_VIS,265,MVI_1624_VIS-0000053,clear_train
MVI_1624_VIS,270,MVI_1624_VIS-0000054,clear_train
MVI_1624_VIS,275,MVI_1624_VIS-0000055,clear_train
MVI_1624_VIS,280,MVI_1624_VIS-0000056,clear_train
MVI_1624_VIS,285,MVI_1624_VIS-0000057,clear_train
MVI_1624_VIS,290,MVI_1624_VIS-0000058,clear_train
MVI_1624_VIS,295,MVI_1624_VIS-0000059,clear_train
MVI_1624_VIS,300,MVI_1624_VIS-0000060,clear_train
MVI_1624_VIS,305,MVI_1624_VIS-0000061,clear_train
MVI_1624_VIS,310,MVI_1624_VIS-0000062,clear_train
MVI_1624_VIS,315,MVI_1624_VIS-0000063,clear_train
MVI_1624_VIS,320,MVI_1624_VIS-0000064,clear_train
MVI_1624_VIS,325,MVI_1624_VIS-0000065,clear_train
MVI_1624_VIS,330,MVI_1624_VIS-0000066,clear_train
MVI_1624_VIS,335,MVI_1624_VIS-0000067,clear_train
MVI_1624_VIS,340,MVI_1624_VIS-0000068,clear_train
MVI_1624_VIS,345,MVI_1624_VIS-0000069,clear_train
MVI_1624_VIS,350,MVI_1624_VIS-0000070,clear_train
MVI_1624_VIS,355,MVI_1624_VIS-0000071,clear_train
MVI_1624_VIS,360,MVI_1624_VIS-0000072,clear_train
MVI_1624_VIS,365,MVI_1624_VIS-0000073,clear_train
MVI_1624_VIS,370,MVI_1624_VIS-0000074,clear_train
MVI_1624_VIS,375,MVI_1624_VIS-0000075,clear_train
MVI_1624_VIS,380,MVI_1624_VIS-0000076,clear_train
MVI_1624_VIS,385,MVI_1624_VIS-0000077,clear_train
MVI_1624_VIS,390,MVI_1624_VIS-0000078,clear_train
MVI_1624_VIS,395,MVI_1624_VIS-0000079,clear_train
MVI_1624_VIS,400,MVI_1624_VIS-0000080,clear_train
MVI_1624_VIS,405,MVI_1624_VIS-0000081,clear_train
MVI_1624_VIS,410,MVI_1624_VIS-0000082,clear_train
MVI_1624_VIS,415,MVI_1624_VIS-0000083,clear_train
MVI_1624_VIS,420,MVI_1624_VIS-0000084,clear_train
MVI_1624_VIS,425,MVI_1624_VIS-0000085,clear_train
MVI_1624_VIS,430,MVI_1624_VIS-0000086,clear_train
MVI_1624_VIS,435,MVI_1624_VIS-0000087,clear_train
MVI_1624_VIS,440,MVI_1624_VIS-0000088,clear_train
MVI_1624_VIS,445,MVI_1624_VIS-0000089,clear_train
MVI_1624_VIS,450,MVI_1624_VIS-0000090,clear_train
MVI_1624_VIS,455,MVI_1624_VIS-0000091,clear_train
MVI_1624_VIS,460,MVI_1624_VIS-0000092,clear_train
MVI_1624_VIS,465,MVI_1624_VIS-0000093,clear_train
MVI_1624_VIS,470,MVI_1624_VIS-0000094,clear_train
MVI_1624_VIS,475,MVI_1624_VIS-0000095,clear_train
MVI_1624_VIS,480,MVI_1624_VIS-0000096,clear_train
MVI_1624_VIS,485,MVI_1624_VIS-0000097,clear_train
MVI_1624_VIS,490,MVI_1624_VIS-0000098,clear_train
MVI_1625_VIS,0,MVI_1625_VIS-0000000,clear_train
MVI_1625_VIS,5,MVI_1625_VIS-0000001,clear_train
MVI_1625_VIS,10,MVI_1625_VIS-0000002,clear_train
MVI_1625_VIS,15,MVI_1625_VIS-0000003,clear_train
MVI_1625_VIS,20,MVI_1625_VIS-0000004,clear_train
MVI_1625_VIS,25,MVI_1625_VIS-0000005,clear_train
MVI_1625_VIS,30,MVI_1625_VIS-0000006,clear_train
MVI_1625_VIS,35,MVI_1625_VIS-0000007,clear_train
MVI_1625_VIS,40,MVI_1625_VIS-0000008,clear_train
MVI_1625_VIS,45,MVI_1625_VIS-0000009,clear_train
MVI_1625_VIS,50,MVI_1625_VIS-0000010,clear_train
MVI_1625_VIS,55,MVI_1625_VIS-0000011,clear_train
MVI_1625_VIS,60,MVI_1625_VIS-0000012,clear_train
MVI_1625_VIS,65,MVI_1625_VIS-0000013,clear_train
MVI_1625_VIS,70,MVI_1625_VIS-0000014,clear_train
MVI_1625_VIS,75,MVI_1625_VIS-0000015,clear_train
MVI_1625_VIS,80,MVI_1625_VIS-0000016,clear_train
MVI_1625_VIS,85,MVI_1625_VIS-0000017,clear_train
MVI_1625_VIS,90,MVI_1625_VIS-0000018,clear_train
MVI_1625_VIS,95,MVI_1625_VIS-0000019,clear_train
MVI_1625_VIS,100,MVI_1625_VIS-0000020,clear_train
MVI_1625_VIS,105,MVI_1625_VIS-0000021,clear_train
MVI_1625_VIS,110,MVI_1625_VIS-0000022,clear_train
MVI_1625_VIS,115,MVI_1625_VIS-0000023,clear_train
MVI_1625_VIS,120,MVI_1625_VIS-0000024,clear_train
MVI_1625_VIS,125,MVI_1625_VIS-0000025,clear_train
MVI_1625_VIS,130,MVI_1625_VIS-0000026,clear_train
MVI_1625_VIS,135,MVI_1625_VIS-0000027,clear_train
MVI_1625_VIS,140,MVI_1625_VIS-0000028,clear_train
MVI_1625_VIS,145,MVI_1625_VIS-0000029,clear_train
MVI_1625_VIS,150,MVI_1625_VIS-0000030,clear_train
MVI_1625_VIS,155,MVI_1625_VIS-0000031,clear_train
MVI_1625_VIS,160,MVI_1625_VIS-0000032,clear_train
MVI_1625_VIS,165,MVI_1625_VIS-0000033,clear_train
MVI_1625_VIS,170,MVI_1625_VIS-0000034,clear_train
MVI_1625_VIS,175,MVI_1625_VIS-0000035,clear_train
MVI_1625_VIS,180,MVI_1625_VIS-0000036,clear_train
MVI_1625_VIS,185,MVI_1625_VIS-0000037,clear_train
MVI_1625_VIS,190,MVI_1625_VIS-0000038,clear_train
MVI_1625_VIS,195,MVI_1625_VIS-0000039,clear_train
MVI_1625_VIS,200,MVI_1625_VIS-0000040,clear_train
MVI_1625_VIS,205,MVI_1625_VIS-0000041,clear_train
MVI_1625_VIS,210,MVI_1625_VIS-0000042,clear_train
MVI_1625_VIS,215,MVI_1625_VIS-0000043,clear_train
MVI_1625_VIS,220,MVI_1625_VIS-0000044,clear_train
MVI_1625_VIS,225,MVI_1625_VIS-0000045,clear_train
MVI_1625_VIS,230,MVI_1625_VIS-0000046,clear_train
MVI_1625_VIS,235,MVI_1625_VIS-0000047,clear_train
MVI_1625_VIS,240,MVI_1625_VIS-0000048,clear_train
MVI_1625_VIS,245,MVI_1625_VIS-0000049,clear_train
MVI_1625_VIS,250,MVI_1625_VIS-0000050,clear_train
MVI_1625_VIS,255,MVI_1625_VIS-0000051,clear_train
MVI_1625_VIS,260,MVI_1625_VIS-0000052,clear_train
MVI_1625_VIS,265,MVI_1625_VIS-0000053,clear_train
MVI_1625_VIS,270,MVI_1625_VIS-0000054,clear_train
MVI_1625_VIS,275,MVI_1625_VIS-0000055,clear_train
MVI_1625_VIS,280,MVI_1625_VIS-0000056,clear_train
MVI_1625_VIS,285,MVI_1625_VIS-0000057,clear_train
MVI_1625_VIS,290,MVI_1625_VIS-0000058,clear_train
MVI_1625_VIS,295,MVI_1625_VIS-0000059,clear_train
MVI_1625_VIS,300,MVI_1625_VIS-0000060,clear_train
MVI_1625_VIS,305,MVI_1625_VIS-0000061,clear_train
MVI_1625_VIS,310,MVI_1625_VIS-0000062,clear_train
MVI_1625_VIS,315,MVI_1625_VIS-0000063,clear_train
MVI_1625_VIS,320,MVI_1625_VIS-0000064,clear_train
MVI_1625_VIS,325,MVI_1625_VIS-0000065,clear_train
MVI_1625_VIS,330,MVI_1625_VIS-0000066,clear_train
MVI_1625_VIS,335,MVI_1625_VIS-0000067,clear_train
MVI_1625_VIS,340,MVI_1625_VIS-0000068,clear_train
MVI_1625_VIS,345,MVI_1625_VIS-0000069,clear_train
MVI_1625_VIS,350,MVI_1625_VIS-0000070,clear_train
MVI_1625_VIS,355,MVI_1625_VIS-0000071,clear_train
MVI_1625_VIS,360,MVI_1625_VIS-0000072,clear_train
MVI_1625_VIS,365,MVI_1625_VIS-0000073,clear_train
MVI_1625_VIS,370,MVI_1625_VIS-0000074,clear_train
MVI_1625_VIS,375,MVI_1625_VIS-0000075,clear_train
MVI_1625_VIS,380,MVI_1625_VIS-0000076,clear_train
MVI_1625_VIS,385,MVI_1625_VIS-0000077,clear_train
MVI_1625_VIS,390,MVI_1625_VIS-0000078,clear_train
MVI_1625_VIS,395,MVI_1625_VIS-0000079,clear_train
MVI_1625_VIS,400,MVI_1625_VIS-0000080,clear_train
MVI_1625_VIS,405,MVI_1625_VIS-0000081,clear_train
MVI_1625_VIS,410,MVI_1625_VIS-0000082,clear_train
MVI_1625_VIS,415,MVI_1625_VIS-0000083,clear_train
MVI_1625_VIS,420,MVI_1625_VIS-0000084,clear_train
MVI_1625_VIS,425,MVI_1625_VIS-0000085,clear_train
MVI_1625_VIS,430,MVI_1625_VIS-0000086,clear_train
MVI_1625_VIS,435,MVI_1625_VIS-0000087,clear_train
MVI_1625_VIS,440,MVI_1625_VIS-0000088,clear_train
MVI_1625_VIS,445,MVI_1625_VIS-0000089,clear_train
MVI_1625_VIS,450,MVI_1625_VIS-0000090,clear_train
MVI_1625_VIS,455,MVI_1625_VIS-0000091,clear_train
MVI_1625_VIS,460,MVI_1625_VIS-0000092,clear_train
MVI_1625_VIS,465,MVI_1625_VIS-0000093,clear_train
MVI_1625_VIS,470,MVI_1625_VIS-0000094,clear_train
MVI_1625_VIS,475,MVI_1625_VIS-0000095,clear_train
MVI_1625_VIS,480,MVI_1625_VIS-0000096,clear_train
MVI_1625_VIS,485,MVI_1625_VIS-0000097,clear_train
MVI_1625_VIS,490,MVI_1625_VIS-0000098,clear_train
MVI_1625_VIS,495,MVI_1625_VIS-0000099,clear_train
MVI_1625_VIS,500,MVI_1625_VIS-0000100,clear_train
MVI_1625_VIS,505,MVI_1625_VIS-0000101,clear_train
MVI_1625_VIS,510,MVI_1625_VIS-0000102,clear_train
MVI_1625_VIS,515,MVI_1625_VIS-0000103,clear_train
MVI_1625_VIS,520,MVI_1625_VIS-0000104,clear_train
MVI_1625_VIS,525,MVI_1625_VIS-0000105,clear_train
MVI_1625_VIS,530,MVI_1625_VIS-0000106,clear_train
MVI_1625_VIS,535,MVI_1625_VIS-0000107,clear_train
MVI_1625_VIS,540,MVI_1625_VIS-0000108,clear_train
MVI_1625_VIS,545,MVI_1625_VIS-0000109,clear_train
MVI_1625_VIS,550,MVI_1625_VIS-0000110,clear_train
MVI_1625_VIS,555,MVI_1625_VIS-0000111,clear_train
MVI_1625_VIS,560,MVI_1625_VIS-0000112,clear_train
MVI_1625_VIS,565,MVI_1625_VIS-0000113,clear_train
MVI_1625_VIS,570,MVI_1625_VIS-0000114,clear_train
MVI_1625_VIS,575,MVI_1625_VIS-0000115,clear_train
MVI_1625_VIS,580,MVI_1625_VIS-0000116,clear_train
MVI_1625_VIS,585,MVI_1625_VIS-0000117,clear_train
MVI_1625_VIS,590,MVI_1625_VIS-0000118,clear_train
MVI_1625_VIS,595,MVI_1625_VIS-0000119,clear_train
MVI_1625_VIS,600,MVI_1625_VIS-0000120,clear_train
MVI_1625_VIS,605,MVI_1625_VIS-0000121,clear_train
MVI_1625_VIS,610,MVI_1625_VIS-0000122,clear_train
MVI_1625_VIS,615,MVI_1625_VIS-0000123,clear_train
MVI_1625_VIS,620,MVI_1625_VIS-0000124,clear_train
MVI_1625_VIS,625,MVI_1625_VIS-0000125,clear_train
MVI_1625_VIS,630,MVI_1625_VIS-0000126,clear_train
MVI_1625_VIS,635,MVI_1625_VIS-0000127,clear_train
MVI_1625_VIS,640,MVI_1625_VIS-0000128,clear_train
MVI_1625_VIS,645,MVI_1625_VIS-0000129,clear_train
MVI_1625_VIS,650,MVI_1625_VIS-0000130,clear_train
MVI_1625_VIS,655,MVI_1625_VIS-0000131,clear_train
MVI_1625_VIS,660,MVI_1625_VIS-0000132,clear_train
MVI_1625_VIS,665,MVI_1625_VIS-0000133,clear_train
MVI_1625_VIS,670,MVI_1625_VIS-0000134,clear_train
MVI_1625_VIS,675,MVI_1625_VIS-0000135,clear_train
MVI_1625_VIS,680,MVI_1625_VIS-0000136,clear_train
MVI_1625_VIS,685,MVI_1625_VIS-0000137,clear_train
MVI_1625_VIS,690,MVI_1625_VIS-0000138,clear_train
MVI_1625_VIS,695,MVI_1625_VIS-0000139,clear_train
MVI_1625_VIS,700,MVI_1625_VIS-0000140,clear_train
MVI_1625_VIS,705,MVI_1625_VIS-0000141,clear_train
MVI_1625_VIS,710,MVI_1625_VIS-0000142,clear_train
MVI_1625_VIS,715,MVI_1625_VIS-0000143,clear_train
MVI_1625_VIS,720,MVI_1625_VIS-0000144,clear_train
MVI_1625_VIS,725,MVI_1625_VIS-0000145,clear_train
MVI_1625_VIS,730,MVI_1625_VIS-0000146,clear_train
MVI_1625_VIS,735,MVI_1625_VIS-0000147,clear_train
MVI_1625_VIS,740,MVI_1625_VIS-0000148,clear_train
MVI_1625_VIS,745,MVI_1625_VIS-0000149,clear_train
MVI_1625_VIS,750,MVI_1625_VIS-0000150,clear_train
MVI_1625_VIS,755,MVI_1625_VIS-0000151,clear_train
MVI_1625_VIS,760,MVI_1625_VIS-0000152,clear_train
MVI_1625_VIS,765,MVI_1625_VIS-0000153,clear_train
MVI_1625_VIS,770,MVI_1625_VIS-0000154,clear_train
MVI_1625_VIS,775,MVI_1625_VIS-0000155,clear_train
MVI_1625_VIS,780,MVI_1625_VIS-0000156,clear_train
MVI_1625_VIS,785,MVI_1625_VIS-0000157,clear_train
MVI_1625_VIS,790,MVI_1625_VIS-0000158,clear_train
MVI_1625_VIS,795,MVI_1625_VIS-0000159,clear_train
MVI_1625_VIS,800,MVI_1625_VIS-0000160,clear_train
MVI_1625_VIS,805,MVI_1625_VIS-0000161,clear_train
MVI_1625_VIS,810,MVI_1625_VIS-0000162,clear_train
MVI_1625_VIS,815,MVI_1625_VIS-0000163,clear_train
MVI_1625_VIS,820,MVI_1625_VIS-0000164,clear_train
MVI_1625_VIS,825,MVI_1625_VIS-0000165,clear_train
MVI_1625_VIS,830,MVI_1625_VIS-0000166,clear_train
MVI_1625_VIS,835,MVI_1625_VIS-0000167,clear_train
MVI_1625_VIS,840,MVI_1625_VIS-0000168,clear_train
MVI_1625_VIS,845,MVI_1625_VIS-0000169,clear_train
MVI_1625_VIS,850,MVI_1625_VIS-0000170,clear_train
MVI_1625_VIS,855,MVI_1625_VIS-0000171,clear_train
MVI_1625_VIS,860,MVI_1625_VIS-0000172,clear_train
MVI_1625_VIS,865,MVI_1625_VIS-0000173,clear_train
MVI_1625_VIS,870,MVI_1625_VIS-0000174,clear_train
MVI_1625_VIS,875,MVI_1625_VIS-0000175,clear_train
MVI_1625_VIS,880,MVI_1625_VIS-0000176,clear_train
MVI_1625_VIS,885,MVI_1625_VIS-0000177,clear_train
MVI_1625_VIS,890,MVI_1625_VIS-0000178,clear_train
MVI_1625_VIS,895,MVI_1625_VIS-0000179,clear_train
MVI_1625_VIS,900,MVI_1625_VIS-0000180,clear_train
MVI_1625_VIS,905,MVI_1625_VIS-0000181,clear_train
MVI_1625_VIS,910,MVI_1625_VIS-0000182,clear_train
MVI_1625_VIS,915,MVI_1625_VIS-0000183,clear_train
MVI_1625_VIS,920,MVI_1625_VIS-0000184,clear_train
MVI_1625_VIS,925,MVI_1625_VIS-0000185,clear_train
MVI_1625_VIS,930,MVI_1625_VIS-0000186,clear_train
MVI_1625_VIS,935,MVI_1625_VIS-0000187,clear_train
MVI_1625_VIS,940,MVI_1625_VIS-0000188,clear_train
MVI_1625_VIS,945,MVI_1625_VIS-0000189,clear_train
MVI_1625_VIS,950,MVI_1625_VIS-0000190,clear_train
MVI_1625_VIS,955,MVI_1625_VIS-0000191,clear_train
MVI_1625_VIS,960,MVI_1625_VIS-0000192,clear_train
MVI_1625_VIS,965,MVI_1625_VIS-0000193,clear_train
MVI_1625_VIS,970,MVI_1625_VIS-0000194,clear_train
MVI_1625_VIS,975,MVI_1625_VIS-0000195,clear_train
MVI_1625_VIS,980,MVI_1625_VIS-0000196,clear_train
MVI_1625_VIS,985,MVI_1625_VIS-0000197,clear_train
MVI_1625_VIS,990,MVI_1625_VIS-0000198,clear_train
MVI_1626_VIS,0,MVI_1626_VIS-0000000,clear_train
MVI_1626_VIS,5,MVI_1626_VIS-0000001,clear_train
MVI_1626_VIS,10,MVI_1626_VIS-0000002,clear_train
MVI_1626_VIS,15,MVI_1626_VIS-0000003,clear_train
MVI_1626_VIS,20,MVI_1626_VIS-0000004,clear_train
MVI_1626_VIS,25,MVI_1626_VIS-0000005,clear_train
MVI_1626_VIS,30,MVI_1626_VIS-0000006,clear_train
MVI_1626_VIS,35,MVI_1626_VIS-0000007,clear_train
MVI_1626_VIS,40,MVI_1626_VIS-0000008,clear_train
MVI_1626_VIS,45,MVI_1626_VIS-0000009,clear_train
MVI_1626_VIS,50,MVI_1626_VIS-0000010,clear_train
MVI_1626_VIS,55,MVI_1626_VIS-0000011,clear_train
MVI_1626_VIS,60,MVI_1626_VIS-0000012,clear_train
MVI_1626_VIS,65,MVI_1626_VIS-0000013,clear_train
MVI_1626_VIS,70,MVI_1626_VIS-0000014,clear_train
MVI_1626_VIS,75,MVI_1626_VIS-0000015,clear_train
MVI_1626_VIS,80,MVI_1626_VIS-0000016,clear_train
MVI_1626_VIS,85,MVI_1626_VIS-0000017,clear_train
MVI_1626_VIS,90,MVI_1626_VIS-0000018,clear_train
MVI_1626_VIS,95,MVI_1626_VIS-0000019,clear_train
MVI_1626_VIS,100,MVI_1626_VIS-0000020,clear_train
MVI_1626_VIS,105,MVI_1626_VIS-0000021,clear_train
MVI_1626_VIS,110,MVI_1626_VIS-0000022,clear_train
MVI_1626_VIS,115,MVI_1626_VIS-0000023,clear_train
MVI_1626_VIS,120,MVI_1626_VIS-0000024,clear_train
MVI_1626_VIS,125,MVI_1626_VIS-0000025,clear_train
MVI_1626_VIS,130,MVI_1626_VIS-0000026,clear_train
MVI_1626_VIS,135,MVI_1626_VIS-0000027,clear_train
MVI_1626_VIS,140,MVI_1626_VIS-0000028,clear_train
MVI_1626_VIS,145,MVI_1626_VIS-0000029,clear_train
MVI_1626_VIS,150,MVI_1626_VIS-0000030,clear_train
MVI_1626_VIS,155,MVI_1626_VIS-0000031,clear_train
MVI_1626_VIS,160,MVI_1626_VIS-0000032,clear_train
MVI_1626_VIS,165,MVI_1626_VIS-0000033,clear_train
MVI_1626_VIS,170,MVI_1626_VIS-0000034,clear_train
MVI_1626_VIS,175,MVI_1626_VIS-0000035,clear_train
MVI_1626_VIS,180,MVI_1626_VIS-0000036,clear_train
MVI_1626_VIS,185,MVI_1626_VIS-0000037,clear_train
MVI_1626_VIS,190,MVI_1626_VIS-0000038,clear_train
MVI_1626_VIS,195,MVI_1626_VIS-0000039,clear_train
MVI_1626_VIS,200,MVI_1626_VIS-0000040,clear_train
MVI_1626_VIS,205,MVI_1626_VIS-0000041,clear_train
MVI_1626_VIS,210,MVI_1626_VIS-0000042,clear_train
MVI_1626_VIS,215,MVI_1626_VIS-0000043,clear_train
MVI_1626_VIS,220,MVI_1626_VIS-0000044,clear_train
MVI_1626_VIS,225,MVI_1626_VIS-0000045,clear_train
MVI_1626_VIS,230,MVI_1626_VIS-0000046,clear_train
MVI_1626_VIS,235,MVI_1626_VIS-0000047,clear_train
MVI_1626_VIS,240,MVI_1626_VIS-0000048,clear_train
MVI_1626_VIS,245,MVI_1626_VIS-0000049,clear_train
MVI_1626_VIS,250,MVI_1626_VIS-0000050,clear_train
MVI_1626_VIS,255,MVI_1626_VIS-0000051,clear_train
MVI_1626_VIS,260,MVI_1626_VIS-0000052,clear_train
MVI_1626_VIS,265,MVI_1626_VIS-0000053,clear_train
MVI_1626_VIS,270,MVI_1626_VIS-0000054,clear_train
MVI_1626_VIS,275,MVI_1626_VIS-0000055,clear_train
MVI_1626_VIS,280,MVI_1626_VIS-0000056,clear_train
MVI_1626_VIS,285,MVI_1626_VIS-0000057,clear_train
MVI_1626_VIS,290,MVI_1626_VIS-0000058,clear_train
MVI_1626_VIS,295,MVI_1626_VIS-0000059,clear_train
MVI_1626_VIS,300,MVI_1626_VIS-0000060,clear_train
MVI_1626_VIS,305,MVI_1626_VIS-0000061,clear_train
MVI_1626_VIS,310,MVI_1626_VIS-0000062,clear_train
MVI_1626_VIS,315,MVI_1626_VIS-0000063,clear_train
MVI_1626_VIS,320,MVI_1626_VIS-0000064,clear_train
MVI_1626_VIS,325,MVI_1626_VIS-0000065,clear_train
MVI_1626_VIS,330,MVI_1626_VIS-0000066,clear_train
MVI_1626_VIS,335,MVI_1626_VIS-0000067,clear_train
MVI_1626_VIS,340,MVI_1626_VIS-0000068,clear_train
MVI_1626_VIS,345,MVI_1626_VIS-0000069,clear_train
MVI_1626_VIS,350,MVI_1626_VIS-0000070,clear_train
MVI_1626_VIS,355,MVI_1626_VIS-0000071,clear_train
MVI_1626_VIS,360,MVI_1626_VIS-0000072,clear_train
MVI_1626_VIS,365,MVI_1626_VIS-0000073,clear_train
MVI_1626_VIS,370,MVI_1626_VIS-0000074,clear_train
MVI_1626_VIS,375,MVI_1626_VIS-0000075,clear_train
MVI_1626_VIS,380,MVI_1626_VIS-0000076,clear_train
MVI_1626_VIS,385,MVI_1626_VIS-0000077,clear_train
MVI_1626_VIS,390,MVI_1626_VIS-0000078,clear_train
MVI_1626_VIS,395,MVI_1626_VIS-0000079,clear_train
MVI_1626_VIS,400,MVI_1626_VIS-0000080,clear_train
MVI_1626_VIS,405,MVI_1626_VIS-0000081,clear_train
MVI_1626_VIS,410,MVI_1626_VIS-0000082,clear_train
MVI_1626_VIS,415,MVI_1626_VIS-0000083,clear_train
MVI_1626_VIS,420,MVI_1626_VIS-0000084,clear_train
MVI_1626_VIS,425,MVI_1626_VIS-0000085,clear_train
MVI_1626_VIS,430,MVI_1626_VIS-0000086,clear_train
MVI_1626_VIS,435,MVI_1626_VIS-0000087,clear_train
MVI_1626_VIS,440,MVI_1626_VIS-0000088,clear_train
MVI_1626_VIS,445,MVI_1626_VIS-0000089,clear_train
MVI_1626_VIS,450,MVI_1626_VIS-0000090,clear_train
MVI_1626_VIS,455,MVI_1626_VIS-0000091,clear_train
MVI_1626_VIS,460,MVI_1626_VIS-0000092,clear_train
MVI_1626_VIS,465,MVI_1626_VIS-0000093,clear_train
MVI_1626_VIS,470,MVI_1626_VIS-0000094,clear_train
MVI_1626_VIS,475,MVI_1626_VIS-0000095,clear_train
MVI_1626_VIS,480,MVI_1626_VIS-0000096,clear_train
MVI_1626_VIS,485,MVI_1626_VIS-0000097,clear_train
MVI_1626_VIS,490,MVI_1626_VIS-0000098,clear_train
MVI_1626_VIS,495,MVI_1626_VIS-0000099,clear_train
MVI_1626_VIS,500,MVI_1626_VIS-0000100,clear_train
MVI_1626_VIS,505,MVI_1626_VIS-0000101,clear_train
MVI_1626_VIS,510,MVI_1626_VIS-0000102,clear_train
MVI_1626_VIS,515,MVI_1626_VIS-0000103,clear_train
MVI_1626_VIS,520,MVI_1626_VIS-0000104,clear_train
MVI_1626_VIS,525,MVI_1626_VIS-0000105,clear_train
MVI_1626_VIS,530,MVI_1626_VIS-0000106,clear_train
MVI_1626_VIS,535,MVI_1626_VIS-0000107,clear_train
MVI_1626_VIS,540,MVI_1626_VIS-0000108,clear_train
MVI_1626_VIS,545,MVI_1626_VIS-0000109,clear_train
MVI_1626_VIS,550,MVI_1626_VIS-0000110,clear_train
MVI_1626_VIS,555,MVI_1626_VIS-0000111,clear_train
MVI_1627_VIS,0,MVI_1627_VIS-0000000,clear_val
MVI_1627_VIS,5,MVI_1627_VIS-0000001,clear_val
MVI_1627_VIS,10,MVI_1627_VIS-0000002,clear_val
MVI_1627_VIS,15,MVI_1627_VIS-0000003,clear_val
MVI_1627_VIS,20,MVI_1627_VIS-0000004,clear_val
MVI_1627_VIS,25,MVI_1627_VIS-0000005,clear_val
MVI_1627_VIS,30,MVI_1627_VIS-0000006,clear_val
MVI_1627_VIS,35,MVI_1627_VIS-0000007,clear_val
MVI_1627_VIS,40,MVI_1627_VIS-0000008,clear_val
MVI_1627_VIS,45,MVI_1627_VIS-0000009,clear_val
MVI_1627_VIS,50,MVI_1627_VIS-0000010,clear_val
MVI_1627_VIS,55,MVI_1627_VIS-0000011,clear_val
MVI_1627_VIS,60,MVI_1627_VIS-0000012,clear_val
MVI_1627_VIS,65,MVI_1627_VIS-0000013,clear_val
MVI_1627_VIS,70,MVI_1627_VIS-0000014,clear_val
MVI_1627_VIS,75,MVI_1627_VIS-0000015,clear_val
MVI_1627_VIS,80,MVI_1627_VIS-0000016,clear_val
MVI_1627_VIS,85,MVI_1627_VIS-0000017,clear_val
MVI_1627_VIS,90,MVI_1627_VIS-0000018,clear_val
MVI_1627_VIS,95,MVI_1627_VIS-0000019,clear_val
MVI_1627_VIS,100,MVI_1627_VIS-0000020,clear_val
MVI_1627_VIS,105,MVI_1627_VIS-0000021,clear_val
MVI_1627_VIS,110,MVI_1627_VIS-0000022,clear_val
MVI_1627_VIS,115,MVI_1627_VIS-0000023,clear_val
MVI_1627_VIS,120,MVI_1627_VIS-0000024,clear_val
MVI_1627_VIS,125,MVI_1627_VIS-0000025,clear_val
MVI_1627_VIS,130,MVI_1627_VIS-0000026,clear_val
MVI_1627_VIS,135,MVI_1627_VIS-0000027,clear_val
MVI_1627_VIS,140,MVI_1627_VIS-0000028,clear_val
MVI_1627_VIS,145,MVI_1627_VIS-0000029,clear_val
MVI_1627_VIS,150,MVI_1627_VIS-0000030,clear_val
MVI_1627_VIS,155,MVI_1627_VIS-0000031,clear_val
MVI_1627_VIS,160,MVI_1627_VIS-0000032,clear_val
MVI_1627_VIS,165,MVI_1627_VIS-0000033,clear_val
MVI_1627_VIS,170,MVI_1627_VIS-0000034,clear_val
MVI_1627_VIS,175,MVI_1627_VIS-0000035,clear_val
MVI_1627_VIS,180,MVI_1627_VIS-0000036,clear_val
MVI_1627_VIS,185,MVI_1627_VIS-0000037,clear_val
MVI_1627_VIS,190,MVI_1627_VIS-0000038,clear_val
MVI_1627_VIS,195,MVI_1627_VIS-0000039,clear_val
MVI_1627_VIS,200,MVI_1627_VIS-0000040,clear_val
MVI_1627_VIS,205,MVI_1627_VIS-0000041,clear_val
MVI_1627_VIS,210,MVI_1627_VIS-0000042,clear_val
MVI_1627_VIS,215,MVI_1627_VIS-0000043,clear_val
MVI_1627_VIS,220,MVI_1627_VIS-0000044,clear_val
MVI_1627_VIS,225,MVI_1627_VIS-0000045,clear_val
MVI_1627_VIS,230,MVI_1627_VIS-0000046,clear_val
MVI_1627_VIS,235,MVI_1627_VIS-0000047,clear_val
MVI_1627_VIS,240,MVI_1627_VIS-0000048,clear_val
MVI_1627_VIS,245,MVI_1627_VIS-0000049,clear_val
MVI_1627_VIS,250,MVI_1627_VIS-0000050,clear_val
MVI_1627_VIS,255,MVI_1627_VIS-0000051,clear_val
MVI_1627_VIS,260,MVI_1627_VIS-0000052,clear_val
MVI_1627_VIS,265,MVI_1627_VIS-0000053,clear_val
MVI_1627_VIS,270,MVI_1627_VIS-0000054,clear_val
MVI_1627_VIS,275,MVI_1627_VIS-0000055,clear_val
MVI_1627_VIS,280,MVI_1627_VIS-0000056,clear_val
MVI_1627_VIS,285,MVI_1627_VIS-0000057,clear_val
MVI_1627_VIS,290,MVI_1627_VIS-0000058,clear_val
MVI_1627_VIS,295,MVI_1627_VIS-0000059,clear_val
MVI_1627_VIS,300,MVI_1627_VIS-0000060,clear_val
MVI_1627_VIS,305,MVI_1627_VIS-0000061,clear_val
MVI_1627_VIS,310,MVI_1627_VIS-0000062,clear_val
MVI_1627_VIS,315,MVI_1627_VIS-0000063,clear_val
MVI_1627_VIS,320,MVI_1627_VIS-0000064,clear_val
MVI_1627_VIS,325,MVI_1627_VIS-0000065,clear_val
MVI_1627_VIS,330,MVI_1627_VIS-0000066,clear_val
MVI_1627_VIS,335,MVI_1627_VIS-0000067,clear_val
MVI_1627_VIS,340,MVI_1627_VIS-0000068,clear_val
MVI_1627_VIS,345,MVI_1627_VIS-0000069,clear_val
MVI_1627_VIS,350,MVI_1627_VIS-0000070,clear_val
MVI_1627_VIS,355,MVI_1627_VIS-0000071,clear_val
MVI_1627_VIS,360,MVI_1627_VIS-0000072,clear_val
MVI_1627_VIS,365,MVI_1627_VIS-0000073,clear_val
MVI_1627_VIS,370,MVI_1627_VIS-0000074,clear_val
MVI_1627_VIS,375,MVI_1627_VIS-0000075,clear_val
MVI_1627_VIS,380,MVI_1627_VIS-0000076,clear_val
MVI_1627_VIS,385,MVI_1627_VIS-0000077,clear_val
MVI_1627_VIS,390,MVI_1627_VIS-0000078,clear_val
MVI_1627_VIS,395,MVI_1627_VIS-0000079,clear_val
MVI_1627_VIS,400,MVI_1627_VIS-0000080,clear_val
MVI_1627_VIS,405,MVI_1627_VIS-0000081,clear_val
MVI_1627_VIS,410,MVI_1627_VIS-0000082,clear_val
MVI_1627_VIS,415,MVI_1627_VIS-0000083,clear_val
MVI_1627_VIS,420,MVI_1627_VIS-0000084,clear_val
MVI_1627_VIS,425,MVI_1627_VIS-0000085,clear_val
MVI_1627_VIS,430,MVI_1627_VIS-0000086,clear_val
MVI_1627_VIS,435,MVI_1627_VIS-0000087,clear_val
MVI_1627_VIS,440,MVI_1627_VIS-0000088,clear_val
MVI_1627_VIS,445,MVI_1627_VIS-0000089,clear_val
MVI_1627_VIS,450,MVI_1627_VIS-0000090,clear_val
MVI_1627_VIS,455,MVI_1627_VIS-0000091,clear_val
MVI_1627_VIS,460,MVI_1627_VIS-0000092,clear_val
MVI_1627_VIS,465,MVI_1627_VIS-0000093,clear_val
MVI_1627_VIS,470,MVI_1627_VIS-0000094,clear_val
MVI_1627_VIS,475,MVI_1627_VIS-0000095,clear_val
MVI_1627_VIS,480,MVI_1627_VIS-0000096,clear_val
MVI_1627_VIS,485,MVI_1627_VIS-0000097,clear_val
MVI_1627_VIS,490,MVI_1627_VIS-0000098,clear_val
MVI_1627_VIS,495,MVI_1627_VIS-0000099,clear_val
MVI_1627_VIS,500,MVI_1627_VIS-0000100,clear_val
MVI_1627_VIS,505,MVI_1627_VIS-0000101,clear_val
MVI_1627_VIS,510,MVI_1627_VIS-0000102,clear_val
MVI_1627_VIS,515,MVI_1627_VIS-0000103,clear_val
MVI_1627_VIS,520,MVI_1627_VIS-0000104,clear_val
MVI_1627_VIS,525,MVI_1627_VIS-0000105,clear_val
MVI_1627_VIS,530,MVI_1627_VIS-0000106,clear_val
MVI_1627_VIS,535,MVI_1627_VIS-0000107,clear_val
MVI_1627_VIS,540,MVI_1627_VIS-0000108,clear_val
MVI_1627_VIS,545,MVI_1627_VIS-0000109,clear_val
MVI_1627_VIS,550,MVI_1627_VIS-0000110,clear_val
MVI_1627_VIS,555,MVI_1627_VIS-0000111,clear_val
MVI_1627_VIS,560,MVI_1627_VIS-0000112,clear_val
MVI_1627_VIS,565,MVI_1627_VIS-0000113,clear_val
MVI_1627_VIS,570,MVI_1627_VIS-0000114,clear_val
MVI_1627_VIS,575,MVI_1627_VIS-0000115,clear_val
MVI_1627_VIS,580,MVI_1627_VIS-0000116,clear_val
MVI_1627_VIS,585,MVI_1627_VIS-0000117,clear_val
MVI_1627_VIS,590,MVI_1627_VIS-0000118,clear_val
MVI_1627_VIS,595,MVI_1627_VIS-0000119,clear_val
MVI_1640_VIS,0,MVI_1640_VIS-0000000,clear_train
MVI_1640_VIS,5,MVI_1640_VIS-0000001,clear_train
MVI_1640_VIS,10,MVI_1640_VIS-0000002,clear_train
MVI_1640_VIS,15,MVI_1640_VIS-0000003,clear_train
MVI_1640_VIS,20,MVI_1640_VIS-0000004,clear_train
MVI_1640_VIS,25,MVI_1640_VIS-0000005,clear_train
MVI_1640_VIS,30,MVI_1640_VIS-0000006,clear_train
MVI_1640_VIS,35,MVI_1640_VIS-0000007,clear_train
MVI_1640_VIS,40,MVI_1640_VIS-0000008,clear_train
MVI_1640_VIS,45,MVI_1640_VIS-0000009,clear_train
MVI_1640_VIS,50,MVI_1640_VIS-0000010,clear_train
MVI_1640_VIS,55,MVI_1640_VIS-0000011,clear_train
MVI_1640_VIS,60,MVI_1640_VIS-0000012,clear_train
MVI_1640_VIS,65,MVI_1640_VIS-0000013,clear_train
MVI_1640_VIS,70,MVI_1640_VIS-0000014,clear_train
MVI_1640_VIS,75,MVI_1640_VIS-0000015,clear_train
MVI_1640_VIS,80,MVI_1640_VIS-0000016,clear_train
MVI_1640_VIS,85,MVI_1640_VIS-0000017,clear_train
MVI_1640_VIS,90,MVI_1640_VIS-0000018,clear_train
MVI_1640_VIS,95,MVI_1640_VIS-0000019,clear_train
MVI_1640_VIS,100,MVI_1640_VIS-0000020,clear_train
MVI_1640_VIS,105,MVI_1640_VIS-0000021,clear_train
MVI_1640_VIS,110,MVI_1640_VIS-0000022,clear_train
MVI_1640_VIS,115,MVI_1640_VIS-0000023,clear_train
MVI_1640_VIS,120,MVI_1640_VIS-0000024,clear_train
MVI_1640_VIS,125,MVI_1640_VIS-0000025,clear_train
MVI_1640_VIS,130,MVI_1640_VIS-0000026,clear_train
MVI_1640_VIS,135,MVI_1640_VIS-0000027,clear_train
MVI_1640_VIS,140,MVI_1640_VIS-0000028,clear_train
MVI_1640_VIS,145,MVI_1640_VIS-0000029,clear_train
MVI_1640_VIS,150,MVI_1640_VIS-0000030,clear_train
MVI_1640_VIS,155,MVI_1640_VIS-0000031,clear_train
MVI_1640_VIS,160,MVI_1640_VIS-0000032,clear_train
MVI_1640_VIS,165,MVI_1640_VIS-0000033,clear_train
MVI_1640_VIS,170,MVI_1640_VIS-0000034,clear_train
MVI_1640_VIS,175,MVI_1640_VIS-0000035,clear_train
MVI_1640_VIS,180,MVI_1640_VIS-0000036,clear_train
MVI_1640_VIS,185,MVI_1640_VIS-0000037,clear_train
MVI_1640_VIS,190,MVI_1640_VIS-0000038,clear_train
MVI_1640_VIS,195,MVI_1640_VIS-0000039,clear_train
MVI_1640_VIS,200,MVI_1640_VIS-0000040,clear_train
MVI_1640_VIS,205,MVI_1640_VIS-0000041,clear_train
MVI_1640_VIS,210,MVI_1640_VIS-0000042,clear_train
MVI_1640_VIS,215,MVI_1640_VIS-0000043,clear_train
MVI_1640_VIS,220,MVI_1640_VIS-0000044,clear_train
MVI_1640_VIS,225,MVI_1640_VIS-0000045,clear_train
MVI_1640_VIS,230,MVI_1640_VIS-0000046,clear_train
MVI_1640_VIS,235,MVI_1640_VIS-0000047,clear_train
MVI_1640_VIS,240,MVI_1640_VIS-0000048,clear_train
MVI_1640_VIS,245,MVI_1640_VIS-0000049,clear_train
MVI_1640_VIS,250,MVI_1640_VIS-0000050,clear_train
MVI_1640_VIS,255,MVI_1640_VIS-0000051,clear_train
MVI_1640_VIS,260,MVI_1640_VIS-0000052,clear_train
MVI_1640_VIS,265,MVI_1640_VIS-0000053,clear_train
MVI_1640_VIS,270,MVI_1640_VIS-0000054,clear_train
MVI_1640_VIS,275,MVI_1640_VIS-0000055,clear_train
MVI_1640_VIS,280,MVI_1640_VIS-0000056,clear_train
MVI_1640_VIS,285,MVI_1640_VIS-0000057,clear_train
MVI_1640_VIS,290,MVI_1640_VIS-0000058,clear_train
MVI_1640_VIS,295,MVI_1640_VIS-0000059,clear_train
MVI_1640_VIS,300,MVI_1640_VIS-0000060,clear_train
MVI_1640_VIS,305,MVI_1640_VIS-0000061,clear_train
MVI_1644_VIS,0,MVI_1644_VIS-0000000,clear_train
MVI_1644_VIS,5,MVI_1644_VIS-0000001,clear_train
MVI_1644_VIS,10,MVI_1644_VIS-0000002,clear_train
MVI_1644_VIS,15,MVI_1644_VIS-0000003,clear_train
MVI_1644_VIS,20,MVI_1644_VIS-0000004,clear_train
MVI_1644_VIS,25,MVI_1644_VIS-0000005,clear_train
MVI_1644_VIS,30,MVI_1644_VIS-0000006,clear_train
MVI_1644_VIS,35,MVI_1644_VIS-0000007,clear_train
MVI_1644_VIS,40,MVI_1644_VIS-0000008,clear_train
MVI_1644_VIS,45,MVI_1644_VIS-0000009,clear_train
MVI_1644_VIS,50,MVI_1644_VIS-0000010,clear_train
MVI_1644_VIS,55,MVI_1644_VIS-0000011,clear_train
MVI_1644_VIS,60,MVI_1644_VIS-0000012,clear_train
MVI_1644_VIS,65,MVI_1644_VIS-0000013,clear_train
MVI_1644_VIS,70,MVI_1644_VIS-0000014,clear_train
MVI_1644_VIS,75,MVI_1644_VIS-0000015,clear_train
MVI_1644_VIS,80,MVI_1644_VIS-0000016,clear_train
MVI_1644_VIS,85,MVI_1644_VIS-0000017,clear_train
MVI_1644_VIS,90,MVI_1644_VIS-0000018,clear_train
MVI_1644_VIS,95,MVI_1644_VIS-0000019,clear_train
MVI_1644_VIS,100,MVI_1644_VIS-0000020,clear_train
MVI_1644_VIS,105,MVI_1644_VIS-0000021,clear_train
MVI_1644_VIS,110,MVI_1644_VIS-0000022,clear_train
MVI_1644_VIS,115,MVI_1644_VIS-0000023,clear_train
MVI_1644_VIS,120,MVI_1644_VIS-0000024,clear_train
MVI_1644_VIS,125,MVI_1644_VIS-0000025,clear_train
MVI_1644_VIS,130,MVI_1644_VIS-0000026,clear_train
MVI_1644_VIS,135,MVI_1644_VIS-0000027,clear_train
MVI_1644_VIS,140,MVI_1644_VIS-0000028,clear_train
MVI_1644_VIS,145,MVI_1644_VIS-0000029,clear_train
MVI_1644_VIS,150,MVI_1644_VIS-0000030,clear_train
MVI_1644_VIS,155,MVI_1644_VIS-0000031,clear_train
MVI_1644_VIS,160,MVI_1644_VIS-0000032,clear_train
MVI_1644_VIS,165,MVI_1644_VIS-0000033,clear_train
MVI_1644_VIS,170,MVI_1644_VIS-0000034,clear_train
MVI_1644_VIS,175,MVI_1644_VIS-0000035,clear_train
MVI_1644_VIS,180,MVI_1644_VIS-0000036,clear_train
MVI_1644_VIS,185,MVI_1644_VIS-0000037,clear_train
MVI_1644_VIS,190,MVI_1644_VIS-0000038,clear_train
MVI_1644_VIS,195,MVI_1644_VIS-0000039,clear_train
MVI_1644_VIS,200,MVI_1644_VIS-0000040,clear_train
MVI_1644_VIS,205,MVI_1644_VIS-0000041,clear_train
MVI_1644_VIS,210,MVI_1644_VIS-0000042,clear_train
MVI_1644_VIS,215,MVI_1644_VIS-0000043,clear_train
MVI_1644_VIS,220,MVI_1644_VIS-0000044,clear_train
MVI_1644_VIS,225,MVI_1644_VIS-0000045,clear_train
MVI_1644_VIS,230,MVI_1644_VIS-0000046,clear_train
MVI_1644_VIS,235,MVI_1644_VIS-0000047,clear_train
MVI_1644_VIS,240,MVI_1644_VIS-0000048,clear_train
MVI_1644_VIS,245,MVI_1644_VIS-0000049,clear_train
MVI_1644_VIS,250,MVI_1644_VIS-0000050,clear_train
MVI_1645_VIS,0,MVI_1645_VIS-0000000,clear_train
MVI_1645_VIS,5,MVI_1645_VIS-0000001,clear_train
MVI_1645_VIS,10,MVI_1645_VIS-0000002,clear_train
MVI_1645_VIS,15,MVI_1645_VIS-0000003,clear_train
MVI_1645_VIS,20,MVI_1645_VIS-0000004,clear_train
MVI_1645_VIS,25,MVI_1645_VIS-0000005,clear_train
MVI_1645_VIS,30,MVI_1645_VIS-0000006,clear_train
MVI_1645_VIS,35,MVI_1645_VIS-0000007,clear_train
MVI_1645_VIS,40,MVI_1645_VIS-0000008,clear_train
MVI_1645_VIS,45,MVI_1645_VIS-0000009,clear_train
MVI_1645_VIS,50,MVI_1645_VIS-0000010,clear_train
MVI_1645_VIS,55,MVI_1645_VIS-0000011,clear_train
MVI_1645_VIS,60,MVI_1645_VIS-0000012,clear_train
MVI_1645_VIS,65,MVI_1645_VIS-0000013,clear_train
MVI_1645_VIS,70,MVI_1645_VIS-0000014,clear_train
MVI_1645_VIS,75,MVI_1645_VIS-0000015,clear_train
MVI_1645_VIS,80,MVI_1645_VIS-0000016,clear_train
MVI_1645_VIS,85,MVI_1645_VIS-0000017,clear_train
MVI_1645_VIS,90,MVI_1645_VIS-0000018,clear_train
MVI_1645_VIS,95,MVI_1645_VIS-0000019,clear_train
MVI_1645_VIS,100,MVI_1645_VIS-0000020,clear_train
MVI_1645_VIS,105,MVI_1645_VIS-0000021,clear_train
MVI_1645_VIS,110,MVI_1645_VIS-0000022,clear_train
MVI_1645_VIS,115,MVI_1645_VIS-0000023,clear_train
MVI_1645_VIS,120,MVI_1645_VIS-0000024,clear_train
MVI_1645_VIS,125,MVI_1645_VIS-0000025,clear_train
MVI_1645_VIS,130,MVI_1645_VIS-0000026,clear_train
MVI_1645_VIS,135,MVI_1645_VIS-0000027,clear_train
MVI_1645_VIS,140,MVI_1645_VIS-0000028,clear_train
MVI_1645_VIS,145,MVI_1645_VIS-0000029,clear_train
MVI_1645_VIS,150,MVI_1645_VIS-0000030,clear_train
MVI_1645_VIS,155,MVI_1645_VIS-0000031,clear_train
MVI_1645_VIS,160,MVI_1645_VIS-0000032,clear_train
MVI_1645_VIS,165,MVI_1645_VIS-0000033,clear_train
MVI_1645_VIS,170,MVI_1645_VIS-0000034,clear_train
MVI_1645_VIS,175,MVI_1645_VIS-0000035,clear_train
MVI_1645_VIS,180,MVI_1645_VIS-0000036,clear_train
MVI_1645_VIS,185,MVI_1645_VIS-0000037,clear_train
MVI_1645_VIS,190,MVI_1645_VIS-0000038,clear_train
MVI_1645_VIS,195,MVI_1645_VIS-0000039,clear_train
MVI_1645_VIS,200,MVI_1645_VIS-0000040,clear_train
MVI_1645_VIS,205,MVI_1645_VIS-0000041,clear_train
MVI_1645_VIS,210,MVI_1645_VIS-0000042,clear_train
MVI_1645_VIS,215,MVI_1645_VIS-0000043,clear_train
MVI_1645_VIS,220,MVI_1645_VIS-0000044,clear_train
MVI_1645_VIS,225,MVI_1645_VIS-0000045,clear_train
MVI_1645_VIS,230,MVI_1645_VIS-0000046,clear_train
MVI_1645_VIS,235,MVI_1645_VIS-0000047,clear_train
MVI_1645_VIS,240,MVI_1645_VIS-0000048,clear_train
MVI_1645_VIS,245,MVI_1645_VIS-0000049,clear_train
MVI_1645_VIS,250,MVI_1645_VIS-0000050,clear_train
MVI_1645_VIS,255,MVI_1645_VIS-0000051,clear_train
MVI_1645_VIS,260,MVI_1645_VIS-0000052,clear_train
MVI_1645_VIS,265,MVI_1645_VIS-0000053,clear_train
MVI_1645_VIS,270,MVI_1645_VIS-0000054,clear_train
MVI_1645_VIS,275,MVI_1645_VIS-0000055,clear_train
MVI_1645_VIS,280,MVI_1645_VIS-0000056,clear_train
MVI_1645_VIS,285,MVI_1645_VIS-0000057,clear_train
MVI_1645_VIS,290,MVI_1645_VIS-0000058,clear_train
MVI_1645_VIS,295,MVI_1645_VIS-0000059,clear_train
MVI_1645_VIS,300,MVI_1645_VIS-0000060,clear_train
MVI_1645_VIS,305,MVI_1645_VIS-0000061,clear_train
MVI_1645_VIS,310,MVI_1645_VIS-0000062,clear_train
MVI_1645_VIS,315,MVI_1645_VIS-0000063,clear_train
MVI_1645_VIS,320,MVI_1645_VIS-0000064,clear_train
MVI_1645_VIS,325,MVI_1645_VIS-0000065,clear_train
MVI_1645_VIS,330,MVI_1645_VIS-0000066,clear_train
MVI_1645_VIS,335,MVI_1645_VIS-0000067,clear_train
MVI_1645_VIS,340,MVI_1645_VIS-0000068,clear_train
MVI_1645_VIS,345,MVI_1645_VIS-0000069,clear_train
MVI_1645_VIS,350,MVI_1645_VIS-0000070,clear_train
MVI_1645_VIS,355,MVI_1645_VIS-0000071,clear_train
MVI_1645_VIS,360,MVI_1645_VIS-0000072,clear_train
MVI_1645_VIS,365,MVI_1645_VIS-0000073,clear_train
MVI_1645_VIS,370,MVI_1645_VIS-0000074,clear_train
MVI_1645_VIS,375,MVI_1645_VIS-0000075,clear_train
MVI_1645_VIS,380,MVI_1645_VIS-0000076,clear_train
MVI_1645_VIS,385,MVI_1645_VIS-0000077,clear_train
MVI_1645_VIS,390,MVI_1645_VIS-0000078,clear_train
MVI_1645_VIS,395,MVI_1645_VIS-0000079,clear_train
MVI_1645_VIS,400,MVI_1645_VIS-0000080,clear_train
MVI_1645_VIS,405,MVI_1645_VIS-0000081,clear_train
MVI_1645_VIS,410,MVI_1645_VIS-0000082,clear_train
MVI_1645_VIS,415,MVI_1645_VIS-0000083,clear_train
MVI_1645_VIS,420,MVI_1645_VIS-0000084,clear_train
MVI_1645_VIS,425,MVI_1645_VIS-0000085,clear_train
MVI_1645_VIS,430,MVI_1645_VIS-0000086,clear_train
MVI_1645_VIS,435,MVI_1645_VIS-0000087,clear_train
MVI_1645_VIS,440,MVI_1645_VIS-0000088,clear_train
MVI_1645_VIS,445,MVI_1645_VIS-0000089,clear_train
MVI_1645_VIS,450,MVI_1645_VIS-0000090,clear_train
MVI_1645_VIS,455,MVI_1645_VIS-0000091,clear_train
MVI_1645_VIS,460,MVI_1645_VIS-0000092,clear_train
MVI_1645_VIS,465,MVI_1645_VIS-0000093,clear_train
MVI_1645_VIS,470,MVI_1645_VIS-0000094,clear_train
MVI_1645_VIS,475,MVI_1645_VIS-0000095,clear_train
MVI_1645_VIS,480,MVI_1645_VIS-0000096,clear_train
MVI_1645_VIS,485,MVI_1645_VIS-0000097,clear_train
MVI_1645_VIS,490,MVI_1645_VIS-0000098,clear_train
MVI_1645_VIS,495,MVI_1645_VIS-0000099,clear_train
MVI_1645_VIS,500,MVI_1645_VIS-0000100,clear_train
MVI_1645_VIS,505,MVI_1645_VIS-0000101,clear_train
MVI_1645_VIS,510,MVI_1645_VIS-0000102,clear_train
MVI_1645_VIS,515,MVI_1645_VIS-0000103,clear_train
MVI_1645_VIS,520,MVI_1645_VIS-0000104,clear_train
MVI_1645_VIS,525,MVI_1645_VIS-0000105,clear_train
MVI_1645_VIS,530,MVI_1645_VIS-0000106,clear_train
MVI_1646_VIS,0,MVI_1646_VIS-0000000,clear_train
MVI_1646_VIS,5,MVI_1646_VIS-0000001,clear_train
MVI_1646_VIS,10,MVI_1646_VIS-0000002,clear_train
MVI_1646_VIS,15,MVI_1646_VIS-0000003,clear_train
MVI_1646_VIS,20,MVI_1646_VIS-0000004,clear_train
MVI_1646_VIS,25,MVI_1646_VIS-0000005,clear_train
MVI_1646_VIS,30,MVI_1646_VIS-0000006,clear_train
MVI_1646_VIS,35,MVI_1646_VIS-0000007,clear_train
MVI_1646_VIS,40,MVI_1646_VIS-0000008,clear_train
MVI_1646_VIS,45,MVI_1646_VIS-0000009,clear_train
MVI_1646_VIS,50,MVI_1646_VIS-0000010,clear_train
MVI_1646_VIS,55,MVI_1646_VIS-0000011,clear_train
MVI_1646_VIS,60,MVI_1646_VIS-0000012,clear_train
MVI_1646_VIS,65,MVI_1646_VIS-0000013,clear_train
MVI_1646_VIS,70,MVI_1646_VIS-0000014,clear_train
MVI_1646_VIS,75,MVI_1646_VIS-0000015,clear_train
MVI_1646_VIS,80,MVI_1646_VIS-0000016,clear_train
MVI_1646_VIS,85,MVI_1646_VIS-0000017,clear_train
MVI_1646_VIS,90,MVI_1646_VIS-0000018,clear_train
MVI_1646_VIS,95,MVI_1646_VIS-0000019,clear_train
MVI_1646_VIS,100,MVI_1646_VIS-0000020,clear_train
MVI_1646_VIS,105,MVI_1646_VIS-0000021,clear_train
MVI_1646_VIS,110,MVI_1646_VIS-0000022,clear_train
MVI_1646_VIS,115,MVI_1646_VIS-0000023,clear_train
MVI_1646_VIS,120,MVI_1646_VIS-0000024,clear_train
MVI_1646_VIS,125,MVI_1646_VIS-0000025,clear_train
MVI_1646_VIS,130,MVI_1646_VIS-0000026,clear_train
MVI_1646_VIS,135,MVI_1646_VIS-0000027,clear_train
MVI_1646_VIS,140,MVI_1646_VIS-0000028,clear_train
MVI_1646_VIS,145,MVI_1646_VIS-0000029,clear_train
MVI_1646_VIS,150,MVI_1646_VIS-0000030,clear_train
MVI_1646_VIS,155,MVI_1646_VIS-0000031,clear_train
MVI_1646_VIS,160,MVI_1646_VIS-0000032,clear_train
MVI_1646_VIS,165,MVI_1646_VIS-0000033,clear_train
MVI_1646_VIS,170,MVI_1646_VIS-0000034,clear_train
MVI_1646_VIS,175,MVI_1646_VIS-0000035,clear_train
MVI_1646_VIS,180,MVI_1646_VIS-0000036,clear_train
MVI_1646_VIS,185,MVI_1646_VIS-0000037,clear_train
MVI_1646_VIS,190,MVI_1646_VIS-0000038,clear_train
MVI_1646_VIS,195,MVI_1646_VIS-0000039,clear_train
MVI_1646_VIS,200,MVI_1646_VIS-0000040,clear_train
MVI_1646_VIS,205,MVI_1646_VIS-0000041,clear_train
MVI_1646_VIS,210,MVI_1646_VIS-0000042,clear_train
MVI_1646_VIS,215,MVI_1646_VIS-0000043,clear_train
MVI_1646_VIS,220,MVI_1646_VIS-0000044,clear_train
MVI_1646_VIS,225,MVI_1646_VIS-0000045,clear_train
MVI_1646_VIS,230,MVI_1646_VIS-0000046,clear_train
MVI_1646_VIS,235,MVI_1646_VIS-0000047,clear_train
MVI_1646_VIS,240,MVI_1646_VIS-0000048,clear_train
MVI_1646_VIS,245,MVI_1646_VIS-0000049,clear_train
MVI_1646_VIS,250,MVI_1646_VIS-0000050,clear_train
MVI_1646_VIS,255,MVI_1646_VIS-0000051,clear_train
MVI_1646_VIS,260,MVI_1646_VIS-0000052,clear_train
MVI_1646_VIS,265,MVI_1646_VIS-0000053,clear_train
MVI_1646_VIS,270,MVI_1646_VIS-0000054,clear_train
MVI_1646_VIS,275,MVI_1646_VIS-0000055,clear_train
MVI_1646_VIS,280,MVI_1646_VIS-0000056,clear_train
MVI_1646_VIS,285,MVI_1646_VIS-0000057,clear_train
MVI_1646_VIS,290,MVI_1646_VIS-0000058,clear_train
MVI_1646_VIS,295,MVI_1646_VIS-0000059,clear_train
MVI_1646_VIS,300,MVI_1646_VIS-0000060,clear_train
MVI_1646_VIS,305,MVI_1646_VIS-0000061,clear_train
MVI_1646_VIS,310,MVI_1646_VIS-0000062,clear_train
MVI_1646_VIS,315,MVI_1646_VIS-0000063,clear_train
MVI_1646_VIS,320,MVI_1646_VIS-0000064,clear_train
MVI_1646_VIS,325,MVI_1646_VIS-0000065,clear_train
MVI_1646_VIS,330,MVI_1646_VIS-0000066,clear_train
MVI_1646_VIS,335,MVI_1646_VIS-0000067,clear_train
MVI_1646_VIS,340,MVI_1646_VIS-0000068,clear_train
MVI_1646_VIS,345,MVI_1646_VIS-0000069,clear_train
MVI_1646_VIS,350,MVI_1646_VIS-0000070,clear_train
MVI_1646_VIS,355,MVI_1646_VIS-0000071,clear_train
MVI_1646_VIS,360,MVI_1646_VIS-0000072,clear_train
MVI_1646_VIS,365,MVI_1646_VIS-0000073,clear_train
MVI_1646_VIS,370,MVI_1646_VIS-0000074,clear_train
MVI_1646_VIS,375,MVI_1646_VIS-0000075,clear_train
MVI_1646_VIS,380,MVI_1646_VIS-0000076,clear_train
MVI_1646_VIS,385,MVI_1646_VIS-0000077,clear_train
MVI_1646_VIS,390,MVI_1646_VIS-0000078,clear_train
MVI_1646_VIS,395,MVI_1646_VIS-0000079,clear_train
MVI_1646_VIS,400,MVI_1646_VIS-0000080,clear_train
MVI_1646_VIS,405,MVI_1646_VIS-0000081,clear_train
MVI_1646_VIS,410,MVI_1646_VIS-0000082,clear_train
MVI_1646_VIS,415,MVI_1646_VIS-0000083,clear_train
MVI_1646_VIS,420,MVI_1646_VIS-0000084,clear_train
MVI_1646_VIS,425,MVI_1646_VIS-0000085,clear_train
MVI_1646_VIS,430,MVI_1646_VIS-0000086,clear_train
MVI_1646_VIS,435,MVI_1646_VIS-0000087,clear_train
MVI_1646_VIS,440,MVI_1646_VIS-0000088,clear_train
MVI_1646_VIS,445,MVI_1646_VIS-0000089,clear_train
MVI_1646_VIS,450,MVI_1646_VIS-0000090,clear_train
MVI_1646_VIS,455,MVI_1646_VIS-0000091,clear_train
MVI_1646_VIS,460,MVI_1646_VIS-0000092,clear_train
MVI_1646_VIS,465,MVI_1646_VIS-0000093,clear_train
MVI_1646_VIS,470,MVI_1646_VIS-0000094,clear_train
MVI_1646_VIS,475,MVI_1646_VIS-0000095,clear_train
MVI_1646_VIS,480,MVI_1646_VIS-0000096,clear_train
MVI_1646_VIS,485,MVI_1646_VIS-0000097,clear_train
MVI_1646_VIS,490,MVI_1646_VIS-0000098,clear_train
MVI_1646_VIS,495,MVI_1646_VIS-0000099,clear_train
MVI_1646_VIS,500,MVI_1646_VIS-0000100,clear_train
MVI_1646_VIS,505,MVI_1646_VIS-0000101,clear_train
MVI_1646_VIS,510,MVI_1646_VIS-0000102,clear_train
MVI_1646_VIS,515,MVI_1646_VIS-0000103,clear_train
